카테고리,카테고리명,검색어,기사제목,언론사,정규언론사,게시일,RSS게시일,RSS요약,본문전문,본문글자수,본문추출방식,본문품질점수,본문품질사유,중요도점수,본문사용가능,본문정제적용,원래RSS링크,링크,랭킹점수,사건태그,사건단계,원문날짜,원문날짜출처,날짜검증결과,날짜후보수,대표선택점수,개인정보보안사건키,개인정보보안대표보너스,전역사건키,전역사건기본키,전역사건대표보너스,이슈패밀리,정책규제의무,자사홍보성,링크상태,링크검증사유,본문정합성,v20_issue_id,v20_issue_group,v20_issue_family,v20_internal_category,v20_issue_score,v21_self_tier,v21_gov_tier,v21_competitor_tier,v21_competitor_scope,Gemini카테고리,Gemini내부카테고리,Gemini이슈유형,Gemini이슈그룹,Gemini중복그룹,Gemini관련성,Gemini중요도,Gemini대외협력중요도,Gemini관련도,Gemini판단사유,Gemini선정사유,선정단계,수집검색어,수집원카테고리,수집JSON카테고리,Gemini판단카테고리,최종카테고리,최종카테고리명,선정순서,본문상태,최종카테고리검증결과,v24대표기사정합성,브리핑ID,최종브리핑요약,최종브리핑섹션,최종브리핑제목,최종브리핑링크,최종브리핑언론사,최종브리핑기준,v44_final_source,v44_final_rank,v42_rescue_source,v25한국정부국회근거,최종카테고리재배치
자사_및_계열사_이슈,자사 및 계열사 이슈,카카오,"카카오페이, 카카오페이증권 잔여 지분 1730억원에 인수…완전자회사 편입",뉴스인사이드,뉴스인사이드,"Wed, 24 Jun 2026 05:03:21 GMT","Wed, 24 Jun 2026 05:03:21 GMT","카카오페이, 카카오페이증권 잔여 지분 1730억원에 인수…완전자회사 편입 뉴스인사이드","/카카오페이 제공 카카오페이가 카카오페이증권의 잔여 지분을 모두 사들이며 100% 완전자회사로 편입한다. 신속한 의사결정 체계를 구축하고 결제 플랫폼과 증권 서비스 간의 결합을 극대화해, 정체된 증권 부문의 실적 반등을 꾀하려는 모회사의 전략적 조치로 풀이된다. 24일 금융감독원 전자공시시스템에 따르면, 카카오페이는 카카오페이증권 주식 291만4652주를 약 1730억원에 추가 취득하기로 결정했다. 주식 취득 예정일은 오는 7월 20일이다. 이번 지분 인수가 계획대로 마무리되면 카카오페이는 카카오페이증권 지분 100%를 보유하게 되어 완전한 단일 지배구조를 갖추게 된다. 실적 부진 딛고 자본 확충·사업 재편 속도 낼 듯 그동안 카카오페이증권은 리테일 부문의 외형 확장에도 불구하고, 인프라 투자 비용과 마케팅 출혈 등으로 적자가 누적되며 자본 확충의 필요성이 꾸준히 제기돼 왔다. 업계에서는 모회사인 카카오페이가 지분을 100% 확보하게 됨으로써, 향후 유상증자 등 직접적인 자금 지원이 한층 수월해질 것으로 보고 있다. 아울러 그룹 차원의 핀테크 사업 전략을 증권업에 보다 빠르고 직접적으로 이식할 수 있는 경영 기반을 마련했다는 평가가 나온다. [뉴스인사이드 홍세기 기자 seki417@daum.net]",623,newspaper3k,55.0,acceptable_important,196.5,True,False,https://news.google.com/rss/articles/CBMibkFVX3lxTFAtZ2dJd1ZscGV4QU11QjlMMEtHakdNZVhNcElhSUVZSW91RUhqeV9WRDUzMEQyODM0ZmJlMDZKaEpfa3Z6ejRBbG5jV2lHcG1qT0xLU1VMYnEtZ2ZobFA3SDZ0WEpFRm15ZlpDWlNR?oc=5,https://www.newsinside.kr/news/articleView.html?idxno=4787054,122.8,"earnings,financial_performance,market_power_platform,platform_obligation,policy_legislation,strategy_mna_governance",financial_performance,2026-06-24,json_ld:datePublished,original_date_recent,4,218.05,,0.0,global_incident:platform_regulation:kakao:platform_operator_obligation:executive_or_org_change,global_incident:platform_regulation:kakao:platform_operator_obligation,32.0,self:platform_obligation,Y,,ok,http_200,body_valid,I037,global_incident:mna_capital:kakao:mna_capital,self_governance_mna,SELF_DIRECT_RISK,555.8,DIRECT_RISK,,COMP_DOMESTIC_STRATEGY,other,자사_및_계열사_이슈,SELF_DIRECT_RISK,self_governance_mna,global_incident:mna_capital:kakao:mna_capital,global_incident:mna_capital:kakao:mna_capital,카카오 또는 계열사에 직접 발생한 외부 대응 필요 이슈,5,5,5,로컬 보조 라벨 / v26: 오늘 새 직접 사건·진전,로컬 보조 라벨 / v26: 오늘 새 직접 사건·진전,issue_selected,카카오,자사 및 계열사 이슈,자사_및_계열사_이슈,자사_및_계열사_이슈,자사_및_계열사_이슈,자사 및 계열사 이슈,1,본문추출성공,pass:self_guardrail_pass,pass:representative_aligned,1,/카카오페이 제공 카카오페이가 카카오페이증권의 잔여 지분을 모두 사들이며 100% 완전자회사로 편입한다. 이번 지분 인수가 계획대로 마무리되면 카카오페이는 카카오페이증권 지분 100%를 보유하게 되어 완전한 단일 지배구조를 갖추게 된다.,자사_및_계열사_이슈,"카카오페이, 카카오페이증권 잔여 지분 1730억원에 인수…완전자회사 편입",https://www.newsinside.kr/news/articleView.html?idxno=4787054,뉴스인사이드,CEO_Morning_Briefing,CEO_Morning_Briefing,1,,,
자사_및_계열사_이슈,자사 및 계열사 이슈,카카오,"카카오게임즈, 김태환·이시우 공동대표 선임",서울파이낸스,서울파이낸스,"Mon, 22 Jun 2026 23:56:00 GMT","Mon, 22 Jun 2026 23:56:00 GMT","카카오게임즈, 김태환·이시우 공동대표 선임 서울파이낸스","이도경 기자 업데이트 2026.06.23 08:56 입력 2026.06.22 13:32 댓글 0 가 가 기사의 본문 내용은 이 글자크기로 변경됩니다. 기사의 본문 내용은 이 글자크기로 변경됩니다. [서울파이낸스 이도경 기자] 카카오게임즈가 22일 임시주주총회와 이사회를 거쳐 김태환·이시우 신임 공동대표이사를 공식 선임했다고 밝혔다. 최근 최대주주 변경과 실적 부진을 동시에 마주한 카카오게임즈가 새 리더십을 앞세워 분위기 반전을 모색하는 모습이다. ◇ 'M&A 전문가'와 '라이브서비스 전문가' 투톱= 김태환 신임 대표이사는 2007년 넥슨코리아 성과관리팀장으로 입사해 전략기획실장, 기획조정이사, 부사장을 거치며 그룹 전략 전반을 다졌다. 이후 넥슨재팬 최고사업개발책임자(CBDO), 넥슨아메리카 부사장을 지내며 글로벌 사업개발 경험을 쌓았고, 2023년부터 올해까지는 라인게임즈 최고전략책임자(CSO·부사장)로 재직하며 국내외 인수합병(M&A)과 전략적 투자를 이끌어왔다. 카카오게임즈에서는 중장기 비즈니스 전략 수립과 글로벌 사업 확장, M&A·전략적 투자 전반을 총괄한다. 이시우 신임 대표이사는 2005년 엔씨소프트 사업기획으로 게임업계에 발을 들인 뒤 NHN 사업팀장, 위메이드 사업팀장을 거쳤다. 2014년부터는 게임인재단 사무국장을 지냈고, 2015년 카카오게임즈 창립 초기 모바일사업본부장으로 합류해 2022년까지 모바일·PC 게임 사업을 총괄했다. 2023년부터는 최고사업책임자(CBO·부사장)를 맡아 '오딘: 발할라 라이징' 등 대형 지식재산권(IP)과 다수 서브컬처 장르 게임을 흥행시키며 카카오게임즈를 국내 대표 게임사 반열에 올리는 데 기여했다. 앞으로는 라이브 서비스 운영과 신작 퍼블리싱, IP 포트폴리오 관리 등 게임 사업 전반을 맡는다. ◇ ""비핵심 정리 끝···투자로 외연 확장""= 카카오게임즈는 비핵심 사업 정리와 재무 구조 개선을 마무리하고, 전략적 투자 유치로 확보한 재무건전성을 바탕으로 성장 전략을 추진하기로 했다. 국내외 유망 개발사에 대한 지분 투자와 M&A를 적극 추진해 IP 포트폴리오와 개발 역량을 확대할 계획이다. 이번 리더십 교체는 카카오게임즈의 최대주주가 바뀐 직후 이뤄졌다는 점에서 주목된다. 라인야후가 출자한 엘트리플에이(LAAA)인베스트먼트는 19일 3000억원을 투입해 카카오 보유 지분 일부를 인수하며 최대주주에 올랐다. 카카오게임즈는 2024년 4분기 이후 6분기 연속 영업손실을 기록 중인 만큼, 실적 반등이 새 경영진의 최우선 과제가 될 전망이다. 시장에서는 두 사람의 글로벌 사업·M&A 경험과 라이브 서비스 노하우가 결합해 카카오게임즈의 신작 경쟁력과 해외 사업 확대에 속도를 낼 수 있을지 주목하는 분위기다. 김 신임 대표는 ""치열한 글로벌 시장에서의 경쟁을 위해서는 공격적인 투자와 혁신이 필수적""이라며 ""확보한 자본력을 기반으로 카카오게임즈가 글로벌 무대에서 속도감 있게 성장할 수 있도록 최선을 다하겠다""고 말했다. 이 신임 대표는 ""검증된 라이브 서비스 역량과 신작 라인업을 바탕으로 카카오게임즈만의 차별화된 IP를 선보일 수 있도록 노력하겠다""고 했다. [서울파이낸스 이도경 기자] 카카오게임즈가 22일 임시주주총회와 이사회를 거쳐 김태환·이시우 신임 공동대표이사를 공식 선임했다고 밝혔다. 최근 최대주주 변경과 실적 부진을 동시에 마주한 카카오게임즈가 새 리더십을 앞세워 분위기 반전을 모색하는 모습이다. ◇ 'M&A 전문가'와 '라이브서비스 전문가' 투톱= 김태환 신임 대표이사는 2007년 넥슨코리아 성과관리팀장으로 입사해 전략기획실장, 기획조정이사, 부사장을 거치며 그룹 전략 전반을 다졌다. 이후 넥슨재팬 최고사업개발책임자(CBDO), 넥슨아메리카 부사장을 지내며 글로벌 사업개발 경험을 쌓았고, 2023년부터 올해까지는 라인게임즈 최고전략책임자(CSO·부사장)로 재직하며 국내외 인수합병(M&A)과 전략적 투자를 이끌어왔다. 카카오게임즈에서는 중장기 비즈니스 전략 수립과 글로벌 사업 확장, M&A·전략적 투자 전반을 총괄한다. 이시우 신임 대표이사는 2005년 엔씨소프트 사업기획으로 게임업계에 발을 들인 뒤 NHN 사업팀장, 위메이드 사업팀장을 거쳤다. 2014년부터는 게임인재단 사무국장을 지냈고, 2015년 카카오게임즈 창립 초기 모바일사업본부장으로 합류해 2022년까지 모바일·PC 게임 사업을 총괄했다. 2023년부터는 최고사업책임자(CBO·부사장)를 맡아 '오딘: 발할라 라이징' 등 대형 지식재산권(IP)과 다수 서브컬처 장르 게임을 흥행시키며 카카오게임즈를 국내 대표 게임사 반열에 올리는 데 기여했다. 앞으로는 라이브 서비스 운영과 신작 퍼블리싱, IP 포트폴리오 관리 등 게임 사업 전반을 맡는다. ◇ ""비핵심 정리 끝···투자로 외연 확장""= 카카오게임즈는 비핵심 사업 정리와 재무 구조 개선을 마무리하고, 전략적 투자 유치로 확보한 재무건전성을 바탕으로 성장 전략을 추진하기로 했다. 국내외 유망 개발사에 대한 지분 투자와 M&A를 적극 추진해 IP 포트폴리오와 개발 역량을 확대할 계획이다. 이번 리더십 교체는 카카오게임즈의 최대주주가 바뀐 직후 이뤄졌다는 점에서 주목된다. 라인야후가 출자한 엘트리플에이(LAAA)인베스트먼트는 19일 3000억원을 투입해 카카오 보유 지분 일부를 인수하며 최대주주에 올랐다. 카카오게임즈는 2024년 4분기 이후 6분기 연속 영업손실을 기록 중인 만큼, 실적 반등이 새 경영진의 최우선 과제가 될 전망이다. 시장에서는 두 사람의 글로벌 사업·M&A 경험과 라이브 서비스 노하우가 결합해 카카오게임즈의 신작 경쟁력과 해외 사업 확대에 속도를 낼 수 있을지 주목하는 분위기다. 김 신임 대표는 ""치열한 글로벌 시장에서의 경쟁을 위해서는 공격적인 투자와 혁신이 필수적""이라며 ""확보한 자본력을 기반으로 카카오게임즈가 글로벌 무대에서 속도감 있게 성장할 수 있도록 최선을 다하겠다""고 말했다. 이 신임 대표는 ""검증된 라이브 서비스 역량과 신작 라인업을 바탕으로 카카오게임즈만의 차별화된 IP를 선보일 수 있도록 노력하겠다""고 했다. 이도경 기자 wudstok@seoulfn.com SK하이닉스, 내달 10일 나스닥 상장···45조4500억원 DR 발행 코스피, 3%대 반등 8470선 회복···삼성전자 시총 1위 복귀 홈플러스·일반노조 ""파산 막아달라""···정부에 지원 호소 김용범 ""공급 부족, 닥치고 집 지어야···부동산 세제 신중하게 결정"" SK하이닉스, 내달 10일 나스닥 상장···45조4500억원 DR 발행 코스피, 3%대 반등 8470선 회복···삼성전자 시총 1위 복귀 홈플러스·일반노조 ""파산 막아달라""···정부에 지원 호소 김용범 ""공급 부족, 닥치고 집 지어야···부동산 세제 신중하게 결정"" ""데이터센터 온실가스 4753톤 감축""···카카오, 지속가능보고서 발간 [전남소식] 장성군, '녹색자금 공모' 선정…북하면에 실외 나눔숲 조성 등 한국남동발전, 기후공시 의무화 대응전략 선제적 논의 목포환경운동연합 ""가로수는 도시의 녹색 혈관···무분별한 가지치기 중단해야"" ""데이터센터 온실가스 4753톤 감축""···카카오, 지속가능보고서 발간 [전남소식] 장성군, '녹색자금 공모' 선정…북하면에 실외 나눔숲 조성 등 한국남동발전, 기후공시 의무화 대응전략 선제적 논의 목포환경운동연합 ""가로수는 도시의 녹색 혈관···무분별한 가지치기 중단해야"" 제10대 의성군의회, 당선의원 오리엔테이션···""군민 위한 의정활동 첫걸음"" [전남소식] 장성군, '녹색자금 공모' 선정…북하면에 실외 나눔숲 조성 등 영광군, '청년-어르신 친구인증 프로젝트' 첫 운영 영광군, 참조기 양식 산업화센터 구축 본격화 제10대 의성군의회, 당선의원 오리엔테이션···""군민 위한 의정활동 첫걸음"" 영광군, '청년-어르신 친구인증 프로젝트' 첫 운영",3803,bs4_selector,86.0,good,169.0,True,False,https://news.google.com/rss/articles/CBMiakFVX3lxTE1WdFdWNi1RUlh2R0N4U3JFYmtPS0dNM1RCb2RkWEd5b25nYU5PTk5hd0FuMFA5QkJwdGRNY1I5OEctaVVLdzZHLW1yQTBqeXR2WDJ0c0xJVm5xdmplbUNpdzRjNE5nR3o0Umc?oc=5,https://www.seoulfn.com/news/articleView.html?idxno=631626,111.8,"earnings,financial_performance,kakao_games_management,labor_dispute,leadership_change,policy_legislation,strategy_mna_governance",labor_general,2026-06-22,json_ld:datePublished,original_date_recent,8,245.7,,7.0,global_incident:leadership_service:kakao:executive_change:executive_or_org_change,global_incident:leadership_service:kakao:executive_change,18.0,,,,ok,http_200,body_valid,I039,카카오게임즈 최대주주 변경 및 공동대표 체제,self_strategic_reference,SELF_AFFILIATE_BUSINESS,536.05,STRATEGIC_REFERENCE,,COMP_DOMESTIC_STRATEGY,other,자사_및_계열사_이슈,SELF_DIRECT_RISK,self_governance_mna,카카오게임즈 최대주주 변경 및 공동대표 체제,카카오게임즈 최대주주 변경 및 공동대표 체제,카카오 또는 계열사에 직접 발생한 외부 대응 필요 이슈,5,5,5,로컬 보조 라벨 / v26: 오늘 새 직접 사건·진전,로컬 보조 라벨 / v26: 오늘 새 직접 사건·진전 / v40: 직접 리스크는 아니지만 자사 사업 확장·제휴성 이슈로 2순위 반영,issue_selected,카카오,자사 및 계열사 이슈,자사_및_계열사_이슈,자사_및_계열사_이슈,자사_및_계열사_이슈,자사 및 계열사 이슈,6,본문추출성공,pass:self_guardrail_pass,pass:representative_aligned,2,이도경 기자 업데이트 2026.06.23 08:56 입력 2026.06.22 13:32 댓글 0 가 가 기사의 본문 내용은 이 글자크기로 변경됩니다. [서울파이낸스 이도경 기자] 카카오게임즈가 22일 임시주주총회와 이사회를 거쳐 김태환·이시우 신임.,자사_및_계열사_이슈,"카카오게임즈, 김태환·이시우 공동대표 선임",https://www.seoulfn.com/news/articleView.html?idxno=631626,서울파이낸스,CEO_Morning_Briefing,CEO_Morning_Briefing,2,,,
자사_및_계열사_이슈,자사 및 계열사 이슈,카카오,"카카오, 데이터센터 온실가스 4753톤 감축…재생에너지 2.8배 확대",전자신문,전자신문,"Wed, 24 Jun 2026 04:48:03 GMT","Wed, 24 Jun 2026 04:48:03 GMT","카카오, 데이터센터 온실가스 4753톤 감축…재생에너지 2.8배 확대 전자신문","재생에너지 조달량은 2.8배 늘렸고, 인공지능(AI) 안전성도 강화했다. 카카오는 24일 지난해 환경·사회·지배구조(ESG) 성과를 담은 '2025 카카오 지속가능성 보고서'를 발간하고 이 같이 밝혔다. 이번 보고서는 국제지속가능성기준위원회(ISSB) 공시 기준을 적용했다. 이용자 보호와 정보보안, 기후변화 대응 등 3대 중대 이슈가 기업과 환경·사회에 미치는 영향을 분석하고 대응 전략을 담았다. 각 이슈의 위험과 기회 요인은 서비스 생애주기별 그림으로 제시했다. 환경 부문에서는 '카카오 데이터센터 안산'의 에너지 효율화에 따른 온실가스 감축 효과를 제3자 검증으로 확인했다. 연간 온실가스 감축량은 4753tCO₂eq(이산화탄소 환산톤)이다. 카카오는 태양광 직접 전력구매계약(PPA)을 처음 도입해 데이터센터 안산에 적용했다. 지난해 전사 재생에너지 조달량은 2만9903㎿h로 전년보다 약 2.8배 늘었다. 제주 오피스와 판교 아지트, 데이터센터 안산에 이어 용인 AI 캠퍼스도 환경경영시스템(ISO 14001) 인증을 받았다. 사회 부문에서는 생성형 AI 확산에 따른 위험에 대응하기 위해 오픈소스 AI 가드레일 모델 '카나나 세이프가드'를 공개했다. 지역 AI 인재와 기업을 지원하기 위해 4대 과학기술원과 500억원 규모 기금을 기반으로 '카카오 AI 돛'을 설립했다. 소상공인 디지털 전환과 모바일 상품권 시장의 상생 기반을 조성한 공로로 '2026년 공정거래의 날' 대통령 표창을 받았다. 사회공헌 플랫폼 '카카오같이가치'의 누적 기부금은 1000억원을 넘어섰다. 지배구조 부문에서는 기업지배구조 핵심지표 15개 가운데 14개를 이행해 이행률 93%를 기록했다. 계열사 수는 2023년 5월 147개에서 지난해 말 94개로 줄였다. 중장기 주주환원정책도 이행하고 있다. 카카오는 보고서 발간과 함께 지속가능성 홈페이지 '카카오 서스테이너빌리티'를 열었다. 홈페이지에서는 지속가능경영 방향과 주요 정책, 성과, 보고서, 규정, 최근 소식 등을 제공한다. 카카오는 앞으로 데이터 공개 범위를 넓힐 계획이다. 글로벌 ESG 평가에서도 높은 등급을 유지했다. 카카오는 모건스탠리캐피털인터내셔널(MSCI) ESG 평가에서 3년 연속 A등급, 한국ESG기준원(KCGS) 평가에서 5년 연속 통합 A등급을 받았다. 스탠더드앤드푸어스(S&P) 글로벌 기업 지속가능성 평가에서는 3년 연속 산업 내 상위 5%에 선정됐다. 권대열 카카오 지속가능경영 총괄리더는 “카카오는 이해관계자와 약속을 지키기 위해 지속가능경영 실행력과 정보 공개 투명성을 함께 높여가고 있다”면서 “앞으로도 글로벌 기준에 맞는 공시와 적극적인 소통으로 지속가능한 성장을 이어가겠다”고 말했다. 변상근 기자 sgbyun@etnews.com",1349,bs4_selector,86.0,good,227.3,True,True,https://news.google.com/rss/articles/CBMiTkFVX3lxTFBHV3Biem16akRUUkFhcWJ4d1d0NWdGQU9ELXVqbDJKZEtIS2kwMi1hWlhsUmEwMW0yakdBNUxGSWhkWUlNN2ZfSGl6SFNadw?oc=5,https://www.etnews.com/20260624000259,84.3,"ai_agent,ai_infrastructure_security,financial_performance,market_power_platform,phishing_security,platform_obligation,policy_legislation,privacy_security_reliability",security_general,2026-06-24,meta:article:published_time,original_date_recent,6,290.51,privacy_security:kakao:data_leak:initial_investigation_response,23.0,global_incident:platform_regulation:kakao:platform_data_protection_obligation:announcement,global_incident:platform_regulation:kakao:platform_data_protection_obligation,24.0,self:platform_obligation,Y,,ok,http_200,body_valid,I142,self_strategic_reference:카카오 데이터센터 온실가스 4753톤 감축 재생에너지 2 8배 확대,self_strategic_reference,SELF_AFFILIATE_BUSINESS,282.3,STRATEGIC_REFERENCE,,,other,자사_및_계열사_이슈,SELF_AFFILIATE_BUSINESS,self_strategic_reference,self_strategic_reference:카카오 데이터센터 온실가스 4753톤 감축 재생에너지 2 8배 확대,self_strategic_reference:카카오 데이터센터 온실가스 4753톤 감축 재생에너지 2 8배 확대,"카카오·계열사의 사업 확장, 제휴, MOU, 신규 서비스 참고 이슈",4,3,4,v40: 직접 리스크는 아니지만 자사 사업 확장·제휴성 이슈로 2순위 반영,v43_hard_min:산업동향: daily-safe portfolio rescue,issue_selected,카카오,자사 및 계열사 이슈,자사_및_계열사_이슈,자사_및_계열사_이슈,자사_및_계열사_이슈,자사 및 계열사 이슈,21,본문추출성공,pass:self_guardrail_pass,pass:representative_aligned,3,"재생에너지 조달량은 2.8배 늘렸고, 인공지능(AI) 안전성도 강화했다. 환경 부문에서는 '카카오 데이터센터 안산'의 에너지 효율화에 따른 온실가스 감축 효과를 제3자 검증으로 확인했다.",자사_및_계열사_이슈,"카카오, 데이터센터 온실가스 4753톤 감축…재생에너지 2.8배 확대",https://www.etnews.com/20260624000259,전자신문,CEO_Morning_Briefing,CEO_Morning_Briefing,3,v43_hard_min:산업동향,,
자사_및_계열사_이슈,자사 및 계열사 이슈,카카오,"카카오, ESG 보고서 발간…데이터센터 안산 온실가스 4,753톤 감축",SR타임스,SR타임스,"Wed, 24 Jun 2026 09:21:23 GMT","Wed, 24 Jun 2026 09:21:23 GMT","카카오, ESG 보고서 발간…데이터센터 안산 온실가스 4,753톤 감축 SR타임스","카카오, ESG 보고서 발간…데이터센터 안산 온실가스 4,753톤 감축 2026-06-24 홍민기 기자 재생에너지 조달량 전년 대비 2.8배 증가 [SRT(에스알 타임스) 홍민기 기자] 카카오가 지난해 환경·사회·지배구조(ESG) 성과를 담은 ‘2025 카카오 지속가능성 보고서’를 발간했다. 카카오는 24일 지속가능성 보고서를 공개하고 지속가능경영 정보를 통합 제공하는 전용 홈페이지를 새롭게 선보였다고 밝혔다. 보고서에 따르면 카카오 데이터센터 안산은 에너지 효율화로 연간 4,753톤 규모의 온실가스를 감축한 것으로 나타났다. 카카오는 태양광 직접 전력구매계약(PPA)을 처음 도입해 데이터센터 안산에 적용했으며 2025년 재생에너지 조달량은 2만9,903MWh로 전년 대비 약 2.8배 증가했다. 사회 부문에서는 생성형 AI 안전성 강화를 위해 오픈소스 AI 가드레일 모델 ‘카나나 세이프가드’를 공개했다. 지역 AI 인재 육성을 위한 ‘카카오 AI 돛’ 설립과 소상공인 디지털 전환 지원 성과도 보고서에 담았다. 지배구조 부문에서는 기업지배구조 핵심지표 15개 가운데 14개를 이행해 이행률 93%를 기록했다. 계열사 수는 2023년 147개에서 지난해 말 기준 94개로 감소했다. 권대열 카카오 지속가능경영 총괄리더는 “지속가능경영의 실행력과 정보 공개의 투명성을 함께 높여가고 있다”며 “글로벌 기준에 맞는 공시와 소통을 이어가겠다”고 말했다.",703,trafilatura,68.0,good,171.3,True,False,https://news.google.com/rss/articles/CBMia0FVX3lxTE16VGFPQVR3Sm1sN1N6Q0FLaGhjTWwyT3dITjMtaTBkY3hERncyS0NtY1JkT3pha1Rmdy1tTktwVDFaaXE5cERlamhJdFpOM0h4djV0N3lNVlItMEpvcTRIS1JJX3VlX0pKUzRj0gFrQVVfeXFMTXpUYU9BVHdKbWw3U3pDQUtoaGNNbDJPd0hOMy1pMGRjeERGdzJLQ21jUmRPemFrVGZ3LW1OS3BUMVppcTlwRGVqaEl0Wk4zSHh2NXQ3eU1WUi0wSm9xNEhLUklfdWVfSkpTNGM?oc=5,http://www.srtimes.kr/news/articleViewAmp.html?idxno=205985,95.8,"ai_agent,ai_infrastructure_security,financial_performance,platform_obligation",ai_infrastructure_security,2026-06-24,json_ld:datePublished,original_date_recent,3,223.11,,0.0,global_incident:platform_regulation:kakao:platform_data_protection_obligation:announcement,global_incident:platform_regulation:kakao:platform_data_protection_obligation,24.0,self:platform_obligation,Y,,ok,http_200,body_valid,I176,self_filler_reference:카카오 esg 보고서 발간 데이터센터 안산 온실가스 4 753톤 감축,self_filler_reference,SELF_AFFILIATE_BUSINESS,144.3,FILLER_REFERENCE,,,other,자사_및_계열사_이슈,SELF_AFFILIATE_BUSINESS,self_filler_reference,self_filler_reference:카카오 esg 보고서 발간 데이터센터 안산 온실가스 4 753톤 감축,self_filler_reference:카카오 esg 보고서 발간 데이터센터 안산 온실가스 4 753톤 감축,직접 리스크는 아니지만 자사 섹션 보강용으로 참고 가능한 홍보·캠페인성 이슈,2,2,3,v40: 강한 자사 이슈가 없을 때 3순위로 허용하는 소프트 홍보 이슈,v43_hard_min:산업동향: daily-safe portfolio rescue,issue_selected,카카오,자사 및 계열사 이슈,자사_및_계열사_이슈,자사_및_계열사_이슈,자사_및_계열사_이슈,자사 및 계열사 이슈,22,본문추출성공,pass:self_guardrail_pass,pass:representative_aligned,4,"카카오, ESG 보고서 발간…데이터센터 안산 온실가스 4,753톤 감축 2026-06-24 홍민기 기자 재생에너지 조달량 전년 대비 2.8배 증가 [SRT(에스알 타임스) 홍민기 기자] 카카오가 지난해 환경·사회·지배구조(ESG) 성과를 담은 ‘2025 카카오 지속가능성 보고서’를 발간했다. 보고서에 따르면 카카오 데이터센터 안산은 에너지 효율화로 연간 4,753톤 규모의 온실가스를 감축한 것으로 나타났다.",자사_및_계열사_이슈,"카카오, ESG 보고서 발간…데이터센터 안산 온실가스 4,753톤 감축",http://www.srtimes.kr/news/articleViewAmp.html?idxno=205985,SR타임스,CEO_Morning_Briefing,CEO_Morning_Briefing,4,v43_hard_min:산업동향,,
정부_국회,정부/국회,네이버,"""정부 전용 데이터센터 리전""…네이버클라우드, 소버린AI 풀스택 전략 - 머니투데이",머니투데이,머니투데이,"Wed, 24 Jun 2026 07:06:00 GMT","Wed, 24 Jun 2026 07:06:00 GMT","""정부 전용 데이터센터 리전""…네이버클라우드, 소버린AI 풀스택 전략 - 머니투데이 머니투데이","네이버클라우드가 데이터센터 '각 세종' 부지 내 완전히 분리된 형태의 '정부 전용 데이터센터' 신축을 제안하며 소버린 AI(Sovereign AI) 실현을 위한 구체적인 실행 방안을 공개했다. 단순히 클라우드 인프라를 공급하는 차원을 넘어 데이터센터(기반), 클라우드 플랫폼 및 GPU(엔진), 독자 AI 모델(두뇌)을 모두 갖춘 국내 유일의 'AI 풀스택' 사업자로서 공공 AI 비즈니스를 주도하겠다는 포부다. 강민석 네이버클라우드 퍼블릭 플래그십 이사는 24일 공공 AI 박람회 발표에 앞서 기자들과 만난 자리에서 ""공공 부문의 AI 도입 확산으로 데이터센터 수요가 급증했고 데이터 주권과 디지털 주권에 대한 중요성도 커졌다""며 ""기존 공공존 서비스를 넘어 정부 전용 리전 구축을 제안한다""고 밝혔다. 네이버클라우드는 GPU를 단순 공급하는 입장을 넘어 자체 모델인 '하이퍼클로바X'를 직접 가동해본 관점에서 인프라를 설계한다고 강조했다. 대부분의 클라우드 서비스 제공사(CSP)가 데이터센터·클라우드 플랫폼·GPU 서비스·애플리케이션 도구를 보유하고 있지만, 독자적인 AI 모델까지 갖추고 이 모든 것을 동시에 제공하는 사업자는 국내에서 네이버클라우드가 유일하다는 게 회사 측 설명이다. 이러한 역량이 엔비디아와의 글로벌 기술 파트너십 및 '네모트론 연합' 합류로 이어졌다는 것이다. 현행 CSAP 인증 클라우드가 인터넷 접근을 전제로 하는 서비스인 반면 네이버클라우드가 제안하는 '정부 전용 리전'은 독립 행정망 내에서 동작하는 완전히 새로운 형태다. 국가 기반시설 지정이나 국가정보원의 출입 분리 통제 등 엄격한 기밀성 요구 조건을 전폭 커버하겠다는 전략이다. 외형 공사가 완료된 '각 세종' 1동의 특정 층을 물리적으로 완전 격리하고, 서버실별 독립 발전기 구조를 설계하는 방식이다. 나아가 세종 센터를 주 센터로 두고 대전 및 인근 공주 센터까지 묶는 '삼각 재해복구(DR) 체계' 제안을 검토한다. 세종 부지 내에는 동일 규모의 데이터센터를 하나 더 건립할 수 있는 제2부지를 선제적으로 확보해놓은 상태다. 이러한 대규모 GPU 자원을 효율적으로 쓰기 위해 네트워크 설계부터 플랫폼 개발까지 자체 기술을 기반으로 대규모 GPU 직접 클러스터링을 구현했다. 'MLXP'는 GPU 활용률을 2배 상승시키는 효과를 거뒀고, 'StudioXP'는 모델 중심의 운영 가시화를 통해 모델 운영 공수를 70% 감소시키는 성과를 냈다. 두 솔루션은 올해 10월 공공 부문에 정식 출시될 예정이다. 강 이사는 ""데이터·AI·컴퓨팅·클라우드 네 가지 주권 중 어느 하나도 포기할 수 없다""며 ""모든 세대의 GPU를 실제로 다뤄본 경험 위에서 글로벌 스탠다드에 맞는 AI 인프라를 정부에 지속 가능한 형태로 공급할 것""이라고 말했다. 독자들의 PICK! '80세' 노주현 뜻밖 근황…""14억에 월 400만원 실버타운 계신다"" 여고생 손녀와 단둘이 남자...""할아버지, 거실서 19금 야동 봐"" ""만기 출소 5개월 남았지만…"" 김호중 통과한 '가석방' 제도 뭐길래 ""제수씨 섹시해요"" 선 넘은 친구, 아내 웃으며 한 말...남편 '황당' ""나 빼고 다 버네"" SK하이닉스에 1억 넣은 아옳이…계좌 보니 '눈물' 네이버클라우드가 데이터센터 '각 세종' 부지 내 완전히 분리된 형태의 '정부 전용 데이터센터' 신축을 제안하며 소버린 AI(Sovereign AI) 실현을 위한 구체적인 실행 방안을 공개했다. 단순히 클라우드 인프라를 공급하는 차원을 넘어 데이터센터(기반), 클라우드 플랫폼 및 GPU(엔진), 독자 AI 모델(두뇌)을 모두 갖춘 국내 유일의 'AI 풀스택' 사업자로서 공공 AI 비즈니스를 주도하겠다는 포부다. 강민석 네이버클라우드 퍼블릭 플래그십 이사는 24일 공공 AI 박람회 발표에 앞서 기자들과 만난 자리에서 ""공공 부문의 AI 도입 확산으로 데이터센터 수요가 급증했고 데이터 주권과 디지털 주권에 대한 중요성도 커졌다""며 ""기존 공공존 서비스를 넘어 정부 전용 리전 구축을 제안한다""고 밝혔다. 네이버클라우드는 GPU를 단순 공급하는 입장을 넘어 자체 모델인 '하이퍼클로바X'를 직접 가동해본 관점에서 인프라를 설계한다고 강조했다. 대부분의 클라우드 서비스 제공사(CSP)가 데이터센터·클라우드 플랫폼·GPU 서비스·애플리케이션 도구를 보유하고 있지만, 독자적인 AI 모델까지 갖추고 이 모든 것을 동시에 제공하는 사업자는 국내에서 네이버클라우드가 유일하다는 게 회사 측 설명이다. 이러한 역량이 엔비디아와의 글로벌 기술 파트너십 및 '네모트론 연합' 합류로 이어졌다는 것이다. 현행 CSAP 인증 클라우드가 인터넷 접근을 전제로 하는 서비스인 반면 네이버클라우드가 제안하는 '정부 전용 리전'은 독립 행정망 내에서 동작하는 완전히 새로운 형태다. 국가 기반시설 지정이나 국가정보원의 출입 분리 통제 등 엄격한 기밀성 요구 조건을 전폭 커버하겠다는 전략이다. 외형 공사가 완료된 '각 세종' 1동의 특정 층을 물리적으로 완전 격리하고, 서버실별 독립 발전기 구조를 설계하는 방식이다. 나아가 세종 센터를 주 센터로 두고 대전 및 인근 공주 센터까지 묶는 '삼각 재해복구(DR) 체계' 제안을 검토한다. 세종 부지 내에는 동일 규모의 데이터센터를 하나 더 건립할 수 있는 제2부지를 선제적으로 확보해놓은 상태다. 이러한 대규모 GPU 자원을 효율적으로 쓰기 위해 네트워크 설계부터 플랫폼 개발까지 자체 기술을 기반으로 대규모 GPU 직접 클러스터링을 구현했다. 'MLXP'는 GPU 활용률을 2배 상승시키는 효과를 거뒀고, 'StudioXP'는 모델 중심의 운영 가시화를 통해 모델 운영 공수를 70% 감소시키는 성과를 냈다. 두 솔루션은 올해 10월 공공 부문에 정식 출시될 예정이다. 강 이사는 ""데이터·AI·컴퓨팅·클라우드 네 가지 주권 중 어느 하나도 포기할 수 없다""며 ""모든 세대의 GPU를 실제로 다뤄본 경험 위에서 글로벌 스탠다드에 맞는 AI 인프라를 정부에 지속 가능한 형태로 공급할 것""이라고 말했다. 독자들의 PICK! '80세' 노주현 뜻밖 근황…""14억에 월 400만원 실버타운 계신다"" 여고생 손녀와 단둘이 남자...""할아버지, 거실서 19금 야동 봐"" ""만기 출소 5개월 남았지만…"" 김호중 통과한 '가석방' 제도 뭐길래 ""제수씨 섹시해요"" 선 넘은 친구, 아내 웃으며 한 말...남편 '황당' ""나 빼고 다 버네"" SK하이닉스에 1억 넣은 아옳이…계좌 보니 '눈물'",3139,bs4_selector,86.0,good,141.5,True,False,https://news.google.com/rss/articles/CBMibEFVX3lxTFBvZ1hkN1AtQmp1Nld4MHZuZkxhMVR3NHNncVZGeXcyZk11LXphNTllWVhUeEw3aGpOc1JjZXBJX1hpX0JuMW40U3dHQ09MSjlsSFgxMjRJQkpPQWRha0l0UEc1QnZPcUFIazZCM9IBbEFVX3lxTFBvZ1hkN1AtQmp1Nld4MHZuZkxhMVR3NHNncVZGeXcyZk11LXphNTllWVhUeEw3aGpOc1JjZXBJX1hpX0JuMW40U3dHQ09MSjlsSFgxMjRJQkpPQWRha0l0UEc1QnZPcUFIazZCMw?oc=5,https://www.mt.co.kr/amp/tech/2026/06/24/2026062414553777479,253.5,"ai_agent,ai_infrastructure_security,aidc_datacenter,government_ai,market_power_platform,platform_obligation,policy_legislation",aidc_gpu_npu,2026-06-24,url_date,original_date_recent,5,236.45,,16.0,global_incident:platform_enforcement:naver:privacy_data_violation:investigation_review,global_incident:platform_enforcement:naver:privacy_data_violation,32.0,government:platform_obligation,Y,,ok,http_200,body_valid,I035,comp_domestic_public_infra:정부 전용 데이터센터 리전 네이버클라우드 소버린ai 풀스택 전략,comp_domestic_public_infra,COMPETITOR_PLATFORM_RISK,571.0,,,COMP_DOMESTIC_PUBLIC_INFRA,domestic,정부_국회,COMPETITOR_PLATFORM_RISK,comp_domestic_public_infra,comp_domestic_public_infra:정부 전용 데이터센터 리전 네이버클라우드 소버린ai 풀스택 전략,comp_domestic_public_infra:정부 전용 데이터센터 리전 네이버클라우드 소버린ai 풀스택 전략,카카오가 경쟁사 전략·리스크·AI/플랫폼 대응을 비교 참고할 이슈,4,4,5,로컬 보조 라벨 / v26.2: overseas structural industry candidate,로컬 보조 라벨 / v26.2: overseas structural industry candidate,issue_selected,네이버,경쟁사/해외이슈,경쟁사_해외이슈,정부_국회,정부_국회,정부/국회,3,본문추출성공,pass:v26_2_public_actor_action_pass:public_actor_official_action,pass:representative_aligned,5,"단순히 클라우드 인프라를 공급하는 차원을 넘어 데이터센터(기반), 클라우드 플랫폼 및 GPU(엔진), 독자 AI 모델(두뇌)을 모두 갖춘 국내 유일의 'AI 풀스택' 사업자로서 공공 AI 비즈니스를 주도하겠다는 포부다. 강민석 네이버클라우드 퍼블릭 플래그십 이사는 24일 공공 AI 박람회 발표에 앞서 기자들과 만난 자리에서 ""공공 부문의 AI 도입 확산으로 데이터센터 수요가 급증했고 데이터 주권과 디지털 주권에 대한 중요성도 커졌다""며 ""기존 공공존 서비스를 넘어 정부 전용 리전 구축을 제안한다""고 밝혔다.",정부_국회,"""정부 전용 데이터센터 리전""…네이버클라우드, 소버린AI 풀스택 전략 - 머니투데이",https://www.mt.co.kr/amp/tech/2026/06/24/2026062414553777479,머니투데이,CEO_Morning_Briefing,CEO_Morning_Briefing,5,,Y,
정부_국회,정부/국회,네이버,"페이블5가 촉발한 외산 AI 리스크…네이버클라우드, 정부 전용 리전으로 AI 주권 확보",지디넷코리아,지디넷코리아,"Wed, 24 Jun 2026 08:29:10 GMT","Wed, 24 Jun 2026 08:29:10 GMT","페이블5가 촉발한 외산 AI 리스크…네이버클라우드, 정부 전용 리전으로 AI 주권 확보 지디넷코리아","""최근 앤트로픽의 클로드 페이블5 중단 이슈 등 해외 인공지능(AI) 기업의 정책 변화에 대해 주의 깊게 보고 있습니다. 특히 공공·국방 분야에서는 외산 AI 의존에 따른 불확실성이 새로운 리스크로 떠오르는 중입니다."" 정주환 네이버클라우드 AX랩 이사와 강민석 네이버클라우드 퍼블릭 플래그십 이사는 24일 경기 고양시 킨텍스에서 열린 '공공부문 AI 도입·활용 가이드 설명회'에서 범정부 AI 공통기반 구축 사례와 공공 AI 전환(AX) 전략을 소개했다. 이들은 외산 AI 의존에 따른 공급 불확실성에 대응하기 위해 AI 주권 확보를 위한 정부 전용 리전과 자체 AI 생태계 구축 방향을 제시했다. 강민석 네이버클라우드 퍼블릭 플래그십 이사(왼쪽), 정주환 AX랩 이사(사진=지디넷코리아) 변동성 커지는 외산 AI, 공공·국방 분야 리스크 우려 강민석 이사는 앤트로픽의 페이블5로 본격화된 모델 접근 제한 움직임에 우려를 나타냈다. 특히 공공·국방 분야는 해외 기업이나 정부 정책 변화에 따라 서비스 이용이 제한될 가능성이 있는 만큼 안정적인 AI 공급 체계를 확보하는 것이 중요하다고 강조했다. 강 이사는 ""최근 해외 AI 모델 제공 정책 변화와 관련된 이슈를 민감하게 보고 있다""며 ""국방이나 공공 분야처럼 장기적인 안정성과 지속 가능성이 중요한 영역에서는 외산 모델 의존도를 최소화할 필요가 있다""고 말했다. 그는 AI 경쟁력이 단순히 모델 성능이 아니라 데이터와 컴퓨팅 자원, 클라우드 인프라, AI 모델이 결합된 결과라고 설명했다. 이를 위해서는 데이터 주권뿐 아니라 AI 주권, 컴퓨팅 주권, 클라우드 주권을 모두 확보해야 한다고 강조했다. AI 주권 확보 위한 '정부 전용 리전' 추진 강민석 이사는 AI 주권 확보 전략 핵심으로 공공 데이터와 AI 서비스를 국내 인프라 위에서 안정적으로 운영할 수 있는 정부 전용 리전을 제시했다. 네이버클라우드는 현재 세종 데이터센터를 기반으로 정부 전용 리전 구축을 추진하고 있다. 정부 전용 리전은 인터넷과 물리적으로 분리된 환경에서 운영되며 정부 전용 서버실과 독립 전력 체계, 강화된 보안 체계를 갖춘 형태로 설계된다. 강 이사는 ""공공부문의 AI 활용이 확대되면서 데이터 주권과 디지털 주권에 대한 요구도 커지고 있다""며 ""정부가 요구하는 보안 수준과 안정성을 충족하는 전용 인프라를 제공할 수 있도록 준비하고 있다""고 설명했다. 세종 데이터센터는 향후 대전·공주 지역과 연계한 재해복구(DR) 체계 구축도 가능하도록 설계되고 있다. 이를 통해 정부가 필요로 하는 고가용성 AI 인프라를 장기적으로 지원한다는 계획이다. 공공 AI 생태계 구축...40개 부처서 AI 서비스 개발 진행 정부 전용 인프라와 함께 자체 AI 모델 전략도 강화한다. 강 이사는 하이퍼클로바X를 비롯한 자체 AI 모델과 AI 플랫폼을 지속적으로 고도화하고 있으며 외산 모델 정책 변화에 영향을 받지 않는 공공 AI 생태계를 구축하는 것이 목표라고 밝혔다. 특히 네이버클라우드는 글로벌 오픈웨이트 모델과 국내 AI 모델을 함께 활용할 수 있는 개방형 플랫폼 전략을 추진하고 있다. 엔비디아 네모트론 생태계와의 협력을 통해 글로벌 표준 기술을 수용하면서도 국내 환경에 최적화된 AI 서비스를 제공하겠다는 구상이다. 또 GPU 인프라부터 AI 플랫폼, 자체 거대언어모델(LLM)까지 보유한 AI 풀스택 사업자로서의 강점도 강조했다. GPU 서비스를 공급하는 동시에 직접 대규모 AI 모델을 개발·운영해 온 경험을 바탕으로 공공 AI 인프라와 플랫폼을 함께 제공할 수 있다는 설명이다. 정주환 이사는 범정부 AI 공통기반의 실제 활용 사례를 소개했다. 현재 약 40개 중앙부처와 공공기관이 범정부 AI 공통기반 내 테스트 환경을 활용해 AI 서비스를 개발하고 있다. 법제처를 비롯한 여러 기관은 AI 에이전트 빌더를 활용해 법령 검색과 행정 업무 지원, 문서 분석, 민원 대응 서비스 등을 직접 구축하고 있는 것으로 나타났다.",1934,newspaper3k,84.0,good,165.5,True,False,https://news.google.com/rss/articles/CBMiVkFVX3lxTE96M2JnOEtBWTVVTzNfZXh6SkhtU3l6R2tlbGxZdmEtWlZ6cU85LXlZVXpOV2k2NTVZRDdQTkJXRGhTSVdIaHVPczZ5WG1oT1JzdndIQnd3?oc=5,https://zdnet.co.kr/view?no=20260624155104,205.5,"ai_agent,ai_infrastructure_security,aidc_datacenter,government_ai,market_power_platform,phishing_security,platform_obligation,policy_legislation,privacy_security_reliability",aidc_law_power,2026-06-24,url_date,original_date_recent,3,252.45,,7.0,global_incident:platform_regulation:naver:platform_data_protection_obligation:announcement,global_incident:platform_regulation:naver:platform_data_protection_obligation,32.0,government:platform_obligation,Y,,ok,http_200,body_valid,I041,comp_domestic_public_infra:페이블5가 촉발한 외산 ai 리스크 네이버클라우드 정부 전용 리전으로 ai 주권 확보,comp_domestic_public_infra,COMPETITOR_PLATFORM_RISK,534.5,,,COMP_DOMESTIC_PUBLIC_INFRA,domestic,정부_국회,COMPETITOR_PLATFORM_RISK,comp_domestic_public_infra,comp_domestic_public_infra:페이블5가 촉발한 외산 ai 리스크 네이버클라우드 정부 전용 리전으로 ai 주권 확보,comp_domestic_public_infra:페이블5가 촉발한 외산 ai 리스크 네이버클라우드 정부 전용 리전으로 ai 주권 확보,카카오가 경쟁사 전략·리스크·AI/플랫폼 대응을 비교 참고할 이슈,4,4,5,로컬 보조 라벨 / v26.2: overseas structural industry candidate,로컬 보조 라벨 / v26.2: overseas structural industry candidate,issue_selected,네이버,경쟁사/해외이슈,경쟁사_해외이슈,정부_국회,정부_국회,정부/국회,7,본문추출성공,pass:v26_2_public_actor_action_pass:public_actor_official_action,pass:representative_aligned,6,"특히 공공·국방 분야에서는 외산 AI 의존에 따른 불확실성이 새로운 리스크로 떠오르는 중입니다."" 정주환 네이버클라우드 AX랩 이사와 강민석 네이버클라우드 퍼블릭 플래그십 이사는 24일 경기 고양시 킨텍스에서 열린 '공공부문 AI 도입·활용 가이드 설명회'에서 범정부 AI 공통기반 구축 사례와 공공 AI 전환(AX) 전략을 소개했다. 강민석 네이버클라우드 퍼블릭 플래그십 이사(왼쪽), 정주환 AX랩 이사(사진=지디넷코리아) 변동성 커지는 외산 AI, 공공·국방 분야 리스크 우려 강민석 이사는 앤트로픽의 페이블5로 본격화된 모델 접근 제한 움직임에 우려를 나타냈다.",정부_국회,"페이블5가 촉발한 외산 AI 리스크…네이버클라우드, 정부 전용 리전으로 AI 주권 확보",https://zdnet.co.kr/view?no=20260624155104,지디넷코리아,CEO_Morning_Briefing,CEO_Morning_Briefing,6,,Y,
정부_국회,정부/국회,카카오헬스케어,"정부, 의료 데이터 공유 플랫폼 첫 실증…카카오헬스케어 컨소시엄 참여",문화일보,문화일보,"Tue, 23 Jun 2026 07:50:58 GMT","Tue, 23 Jun 2026 07:50:58 GMT","정부, 의료 데이터 공유 플랫폼 첫 실증…카카오헬스케어 컨소시엄 참여 문화일보","의료기관과 인공지능(AI) 기업이 보유 데이터를 외부로 반출하지 않고도 공동 연구와 AI 모델 학습에 활용할 수 있는 체계를 만드는 것이 핵심이다. 과학기술정보통신부와 한국지능정보사회진흥원(NIA)은 23일 ‘의료 데이터 스페이스 실증사업 출범식’을 열고 사업을 본격 추진한다고 밝혔다. 데이터 스페이스는 운영 주체와 데이터 제공자, 수요자가 분산형 구조와 합의된 규칙 아래 데이터를 안전하게 공유·활용하는 연합형 데이터 활용 체계다. 데이터는 각 제공기관이 보유한 상태에서 활용되고, 데이터 접근 범위와 목적 등은 참여자 간 규칙에 따라 통제된다. 데이터 스페이스 밖으로는 AI 모델이나 분석 결과 등 학습·연구 결과만 반출된다. 이번 사업은 산업 분야별 데이터 공유·활용 생태계를 구축하고 AI 서비스 개발을 촉진해 AI 전환(AX)을 앞당기기 위해 마련됐다. 올해는 의료 분야를 중심으로 추진되며, 지난 3월 공고와 5월 선정평가를 거쳐 카카오헬스케어 컨소시엄이 수행기관으로 선정됐다. 컨소시엄에는 주관기관인 카카오헬스케어를 비롯해 건양대병원, 경희의료원, 계명대동산의료원, 고려대의료원, 국립암센터, 삼성서울병원, 세브란스병원 등 27개 의료기관이 참여한다. 루닛, 엘리스그룹, 휴니버스글로벌 등 플랫폼·인프라 기업 3곳과 네오에이블, 뉴로이어즈, 메디웨일, 뷰노, 업스테이지 등 데이터 수요기업 18곳도 합류한다. 카카오헬스케어는 그간 자체적으로 360억 원 이상 투자해 구축한 의료 데이터 인프라와 의료기관 협력망을 바탕으로 데이터 스페이스를 운영한다. 연구 기획, 데이터 탐색·활용, 공용 데이터 심의위원회(DRB) 심의, 데이터 분석·AI 모델 학습, 결과 검증 등 전 주기 연구 과정을 지원할 계획이다. 정부 지원이 끝나는 2028년까지는 참여 의료기관을 31곳 이상, 수요기업을 50곳 이상으로 확대한다. 이후에도 참여기관을 지속적으로 늘려 자생적 운영 체계를 갖추겠다는 구상이다. 김경만 과기정통부 인공지능정책실장은 “올해 추진되는 의료 분야 실증은 데이터 스페이스 기반 데이터 공유·활용의 첫 사례”라며 “향후 데이터 스페이스가 다양한 산업 분야로 확산되는 출발점이 될 것”이라고 말했다. 데이터 스페이스 실증은 올해 의료 분야를 시작으로 산업 전반으로 넓히는 구조로 추진되고 있다. 앞서 과기정통부는 지난 3월 의료 분야 구축·운영 실증과 별도로 일반 분야 기획과제를 공모해 3개 과제를 선정하고, 이 가운데 최우수 과제 1개는 후속 구축·운영 사업으로 연계하겠다는 계획을 밝혔다. 구혁 기자 27개 의료기관·21개 기업 협력 데이터 반출 없이 AI 학습 지원 정부가 의료 데이터를 안전하게 공유·활용하는 ‘의료 데이터 스페이스’ 실증사업에 착수했다. 의료기관과 인공지능(AI) 기업이 보유 데이터를 외부로 반출하지 않고도 공동 연구와 AI 모델 학습에 활용할 수 있는 체계를 만드는 것이 핵심이다. 과학기술정보통신부와 한국지능정보사회진흥원(NIA)은 23일 ‘의료 데이터 스페이스 실증사업 출범식’을 열고 사업을 본격 추진한다고 밝혔다. 데이터 스페이스는 운영 주체와 데이터 제공자, 수요자가 분산형 구조와 합의된 규칙 아래 데이터를 안전하게 공유·활용하는 연합형 데이터 활용 체계다. 데이터는 각 제공기관이 보유한 상태에서 활용되고, 데이터 접근 범위와 목적 등은 참여자 간 규칙에 따라 통제된다. 데이터 스페이스 밖으로는 AI 모델이나 분석 결과 등 학습·연구 결과만 반출된다. 이번 사업은 산업 분야별 데이터 공유·활용 생태계를 구축하고 AI 서비스 개발을 촉진해 AI 전환(AX)을 앞당기기 위해 마련됐다. 올해는 의료 분야를 중심으로 추진되며, 지난 3월 공고와 5월 선정평가를 거쳐 카카오헬스케어 컨소시엄이 수행기관으로 선정됐다. 컨소시엄에는 주관기관인 카카오헬스케어를 비롯해 건양대병원, 경희의료원, 계명대동산의료원, 고려대의료원, 국립암센터, 삼성서울병원, 세브란스병원 등 27개 의료기관이 참여한다. 루닛, 엘리스그룹, 휴니버스글로벌 등 플랫폼·인프라 기업 3곳과 네오에이블, 뉴로이어즈, 메디웨일, 뷰노, 업스테이지 등 데이터 수요기업 18곳도 합류한다. 카카오헬스케어는 그간 자체적으로 360억 원 이상 투자해 구축한 의료 데이터 인프라와 의료기관 협력망을 바탕으로 데이터 스페이스를 운영한다. 연구 기획, 데이터 탐색·활용, 공용 데이터 심의위원회(DRB) 심의, 데이터 분석·AI 모델 학습, 결과 검증 등 전 주기 연구 과정을 지원할 계획이다. 정부 지원이 끝나는 2028년까지는 참여 의료기관을 31곳 이상, 수요기업을 50곳 이상으로 확대한다. 이후에도 참여기관을 지속적으로 늘려 자생적 운영 체계를 갖추겠다는 구상이다. 김경만 과기정통부 인공지능정책실장은 “올해 추진되는 의료 분야 실증은 데이터 스페이스 기반 데이터 공유·활용의 첫 사례”라며 “향후 데이터 스페이스가 다양한 산업 분야로 확산되는 출발점이 될 것”이라고 말했다. 데이터 스페이스 실증은 올해 의료 분야를 시작으로 산업 전반으로 넓히는 구조로 추진되고 있다. 앞서 과기정통부는 지난 3월 의료 분야 구축·운영 실증과 별도로 일반 분야 기획과제를 공모해 3개 과제를 선정하고, 이 가운데 최우수 과제 1개는 후속 구축·운영 사업으로 연계하겠다는 계획을 밝혔다. 구혁 기자 경제부 / 기자 gugija@munhwa.com 주요뉴스 [속보]李 또 ‘데드크로스’…부정 51.9% 긍정 45.2%-한길리서치 [속보]SK하이닉스, 美서 45.5조 조달…내달 10일 ADR 나스닥 상장 삼성전자, 9%대 급등 마감…이틀 만에 시총 1위 탈환 [속보]이준석“李, 팔비틀어 삼전닉스 호남行…증시 폭락 영향” “시부모님이 지금 살고 계신 집 주셨어야…”구축받은 아내 항의에 우울증 남편 “따뜻하게 손 잡아줬다” 鄭, 대표직 사퇴하자마자 文 찾아 이슈NOW # 3대 특검 특검, ‘통일교 수사무마’ 윤희근 前 경찰청장 첫 소환 ‘또 구형보다 무거운 선고’ 이진관 판사…‘내란 재판’ 형평성 논란 # 이재명 정부 “주식대금 왜 이틀 뒤 주나”…李 쏘아올린 ‘하루 뒤’ 결제 로드맵 10월 나온다 “이게 李 정부 내란 청산?” ‘尹 탄핵 반대’ 인요한 적십자사회장 선출에 한지아 분노 # 미국·이란 전쟁 한국 선박 2척 호르무즈 탈출…아직 22척 뒤에 남아 이 와중에도 장사하는 美 “이란 동결자금, 우리 농산물 사는 데 써라”",3094,bs4_selector,86.0,good,144.0,True,True,https://news.google.com/rss/articles/CBMiUEFVX3lxTFBSUWY2eVRlYnZWVml3Zk5EbFVObjRESVJsMF9oZTR5QnpoT1V6ZE9EemN5dzhpVDR1cllaSm1sMkdON2hzYXp0S1g2blplQmZF?oc=5,https://www.munhwa.com/article/11597633,99.8,"ai_infrastructure_security,copyright_ai,market_power_platform,platform_obligation,policy_legislation,strategy_mna_governance",ai_infrastructure_security,2026-06-23,json_ld:datePublished,original_date_recent,3,228.2,,61.0,global_incident:platform_regulation:kakao:platform_data_protection_obligation:announcement,global_incident:platform_regulation:kakao:platform_data_protection_obligation,32.0,self:platform_obligation,Y,,ok,http_200,body_valid,I042,global_incident:platform_regulation:kakao:platform_regulation,self_strategic_reference,SELF_AFFILIATE_BUSINESS,519.3,STRATEGIC_REFERENCE,,COMP_DOMESTIC_DIRECT_RISK,other,정부_국회,SELF_AFFILIATE_BUSINESS,self_strategic_reference,global_incident:platform_regulation:kakao:platform_regulation,global_incident:platform_regulation:kakao:platform_regulation,"카카오·계열사의 사업 확장, 제휴, MOU, 신규 서비스 참고 이슈",4,3,4,v40: 직접 리스크는 아니지만 자사 사업 확장·제휴성 이슈로 2순위 반영,로컬 보조 라벨 / v26: 오늘 새 직접 사건·진전 / v40: 직접 리스크는 아니지만 자사 사업 확장·제휴성 이슈로 2순위 반영,issue_selected,카카오헬스케어,자사 및 계열사 이슈,자사_및_계열사_이슈,정부_국회,정부_국회,정부/국회,8,본문추출성공,pass:v26_2_public_actor_action_pass:roundup_but_public_actor_central,pass:representative_aligned,7,"과학기술정보통신부와 한국지능정보사회진흥원(NIA)은 23일 ‘의료 데이터 스페이스 실증사업 출범식’을 열고 사업을 본격 추진한다고 밝혔다. 데이터 스페이스는 운영 주체와 데이터 제공자, 수요자가 분산형 구조와 합의된 규칙 아래 데이터를 안전하게 공유·활용하는 연합형 데이터 활용 체계다.",정부_국회,"정부, 의료 데이터 공유 플랫폼 첫 실증…카카오헬스케어 컨소시엄 참여",https://www.munhwa.com/article/11597633,문화일보,CEO_Morning_Briefing,CEO_Morning_Briefing,7,,Y,
정부_국회,정부/국회,KT,"[진단] KT 탓, 티빙 탓만 하면 끝?… 제휴 서비스 보안 책임은 제각각",이코노미톡뉴스,이코노미톡뉴스,"Wed, 24 Jun 2026 08:01:55 GMT","Wed, 24 Jun 2026 08:01:55 GMT","[진단] KT 탓, 티빙 탓만 하면 끝?… 제휴 서비스 보안 책임은 제각각 이코노미톡뉴스","1953만 명 정보 유출 확인, 고객 혜택 확대 속 관리 기준 주목 OTT·플랫폼 연결 늘어나는데… 책임 범위 마련 필요성 제기 [유형길 기자 @이코노미톡뉴스] 개인정보 유출 피해를 겪은 이용자가 보상으로 제공받은 서비스에서 또다시 유출 사고를 마주하는 상황이 발생하면서 제휴 서비스 시대의 보안 관리 기준이 도마 위에 올랐다. KT 침해사고와 티빙 개인정보 유출은 별개의 사안이지만, 기업 간 서비스 연결이 확대되는 상황에서 고객에게 제공하는 외부 플랫폼의 보안 검증과 책임 범위를 어디까지 봐야 하는지를 두고 논의가 커지고 있다. 물론 KT와 티빙 사고는 각각 발생한 별개의 침해 사례다. 하지만 통신·온라인동영상서비스(OTT)·플랫폼 기업이 하나의 서비스 경험으로 연결되는 상황에서 제휴 과정에서 보안 수준을 어떻게 검증하고, 사고 발생 시 책임 범위를 어디까지 볼 것인지가 새로운 쟁점으로 떠오르고 있다. 티빙 개인정보 유출 사고 피해 규모는 1953만 명으로 파악됐다. 지난 23일 이정헌 더불어민주당 의원이 개인정보보호위원회와 과학기술정보통신부로부터 제출받은 자료에 따르면 기존 잠정치였던 1300만 명보다 650만 명 이상 증가했다. 유출 정보에는 아이디, 이름, 생년월일, 비밀번호, 환불 계좌번호, 연계정보(CI), 중복가입확인정보(DI) 등이 포함된 것으로 알려졌다. 고객 혜택으로 넓어진 제휴… 도대체 보안 검증은 어디에 이번 사고가 주목받는 이유는 기업 간 서비스 제휴가 확대되는 상황 속에서 발생했다는 점이다. KT는 앞서 침해사고 이후 고객 보답 프로그램을 통해 무선 고객을 대상으로 티빙 또는 디즈니플러스 6개월 이용권 등을 제공한 바 있다. 이후 별개로 발생한 티빙 개인정보 유출 사고가 알려지면서, 온라인에서는 제휴 서비스 이용 과정에서 개인정보 관리 기준을 어디까지 살펴봐야 하는지를 두고 의견이 나오고 있다. 티빙 사고는 KT 보상 프로그램과 직접적인 연관이 없는 별도 사고다. 그러나 업계에서는 기업들이 외부 서비스를 활용해 고객 혜택을 확대하는 과정에서 제휴사의 개인정보 보호 체계와 보안 수준을 함께 고려해야 한다는 의견이 나온다. 이에 본지 취재진은 고객 보상이나 혜택 목적으로 외부 서비스를 제공하는 기업이 제휴사의 보안 수준과 개인정보 관리 체계를 어디까지 검토해야 하는지에 대해 전문가 의견을 물었다. 지난 23일 홍준호 성신여대 융합보안공학과 교수는 “고객 입장에서는 해당 서비스가 별도 회사의 플랫폼인지보다 제공받은 혜택으로 인식하는 경우가 많다”라며 “개인정보 처리 주체를 떠나 고객 신뢰 측면에서는 제휴를 제공한 기업도 일정 부분 책임에서 자유롭기 어렵다”라고 설명했다. 이어 “앞으로는 서비스 품질이나 사업적 효과뿐 아니라 제휴 대상 기업의 보안 수준과 개인정보 보호 체계를 사전에 평가하는 과정이 필요하다”라고 말했다. 서비스는 연결되는데… 책임 기준은 제각각 통신, OTT, 금융 등 생활 기반 서비스 간 협업이 확대되면서 개인정보 관리 방식도 복잡해지고 있다. 이용자는 하나의 혜택처럼 서비스를 이용하지만 실제 데이터 처리와 관리 책임은 여러 기업으로 나뉘는 경우도 많다. 국내 기업뿐 아니라 글로벌 플랫폼과의 제휴도 늘어나면서 개인정보 사고 발생 시 책임 범위와 대응 기준을 명확히 해야 한다는 지적도 나온다. 현행 개인정보보호법은 개인정보처리자에게 개인정보 유출 방지를 위한 기술적·관리적 보호조치를 요구하고 있으며, 개인정보 처리 업무를 외부에 맡기는 경우 수탁자 관리·감독 의무도 규정하고 있다. 다만 서비스 제휴의 경우 법적 책임 범위가 명확하지 않은 만큼, 플랫폼 간 연결이 확대되는 환경에 맞춘 관리 기준 마련 필요성이 제기된다. 이날 이코노미톡뉴스는 서비스 제휴가 확대되는 상황에서 개인정보 사고 발생 시 기업 간 책임 기준과 관리 체계가 어떻게 마련돼야 하는지도 같이 질의했다. 홍 교수는 “제휴 서비스가 다양해질수록 가장 큰 과제는 책임의 경계가 불분명해진다는 점”이라며 “고객은 자신이 가입한 통신사나 플랫폼 기업을 신뢰하지만 실제 개인정보는 제휴사나 별도 플랫폼에서 처리되는 경우가 많다”라고 말했다. 이어 “사고 발생 시 통지 책임과 피해 대응 절차 등을 사전에 구체화할 필요가 있다”라며 “해외 플랫폼과 연계되는 경우 개인정보 국외 이전 투명성, 해외 사업자의 법적 책임 범위, 국내 이용자 보호 방안까지 포함한 관리 체계가 요구된다”라고 강조했다. 업계에서는 기업들이 고객 확보를 위해 외부 서비스 제휴를 확대하고 있지만, 보안 검증 체계는 상대적으로 뒤따르지 못하고 있다는 지적도 나온다. 콘텐츠 혜택과 가격 경쟁뿐 아니라 이용자가 맡긴 개인정보를 어떤 기준으로 보호할 것인지에 대한 책임 논의도 함께 필요하다는 목소리가 커지고 있다. - [진단] 6247억 경고장 받은 쿠팡… 높아지는 개인정보 책임 기준 - [진단] 티빙도 뚫린 ‘온라인 주민번호’… 반복되는 CI 유출, 해법 있나 - [전망] 넷플릭스 ‘게임 진출’ 가속화… 쿠팡플레이·티빙 영향권 들어가나 - “AI 애니메이션으로 보험 스토리텔링 혁신” DB손보, ‘PROMISE Series’ 유튜브 3,437만 조회 돌파 - 국민카드, ‘KB 마라톤 카드’ 출시…“러너들을 위한 할인 혜택” - 쿠팡, 소상공인 中小 사다리… 다음 목표는 ‘콘텐츠 업계?’ - [2026년 노동] 4대그룹 고용 대폭감소 … ""AI시대 변화·자동화 가속화"" - [체험] KT엠모바일, AI 추천 써보니… 알뜰폰 선택 얼마나 쉬워졌나 - [주목 e-주식] KT&G, 3년 만에 주가 117% 폭등…""외국인 자금·역대급 실적이 만든 ‘18만 원 시대’"" - [주목 e-기업] 앤트로픽, ‘미토스 AI’ 충격 속 지분구조 재조명…""아마존·구글·GIC·삼성·SK까지"" - SKT ‘보안 노하우’ 담은 AI 에이전트… 보이스피싱 대응 속도 앞당긴다 - 젠슨 황도 주목한 T1, 글로벌 브랜드로?… 페이커 행보에 쏠리는 시선 - 앤트로픽 이어 NTT까지… SKT의 ‘AI 생태계 연합전’ - GPU 확보전 뚫은 삼성SDS… 정부가 본 건 ‘AI 운영’ 역량? - [지방선거, 정책 수혜 (호남·제주)] 새만금·에너지·관광에 자금 쏠릴까 - [지방선거, 정책 수혜 (충청·강원)] 당선인 눈길 ‘행정수도·R&D·AI 데이터센터’ - [지방선거, 정책 수혜 (부울경)] 해양·공항·조선·방산 중심으로 돈 흐를까 - 금융권 AI 전환의 숙제 ‘안정성’… KT가 꺼낸 해법은 - [지방선거, 정책 수혜 (경기)] 추미애호 출범… 자금 행선지 ‘반도체·AI·GTX’ - [지방선거, 정책 수혜 기업 (전국)] 돈이 흐르는 곳?… 반도체·재건축·새만금 ‘대두’ - 통신3사 ‘요금제 허물기’… 알뜰폰 생존전략 달라질까 - LTE·5G 경계 허문 통신3사… 부담 커진 SK텔레콤?",3296,trafilatura,88.0,good,133.5,True,False,https://news.google.com/rss/articles/CBMibEFVX3lxTE1ZQVZFMkppOEJHaEl4a2otRE5XTWdYeWQwejM4WjF0SEhTYUwwd05Wc0UxUWFBNVhmcWVhaUdkbWxqNDQ4Rkc0M19ycWozZkl0ajk4WmZBbEVKanQ2UVZMNWlBdnZsRGRMRmN3TA?oc=5,http://www.economytalk.kr/news/articleView.html?idxno=422165,209.0,"market_power_platform,phishing_security,platform_obligation,policy_legislation,privacy_security_reliability,self_pr_promo",security_hacking_incident,2026-06-24,json_ld:datePublished,original_date_recent,4,224.65,privacy_security:tving:data_leak:initial_investigation_response,23.0,global_incident:platform_enforcement:coupang:consumer_dark_pattern:general,global_incident:platform_enforcement:coupang:consumer_dark_pattern,32.0,self:platform_obligation,Y,,ok,http_200,body_valid,I028,comp_domestic_strategy:진단 kt 탓 티빙 탓만 하면 끝 제휴 서비스 보안 책임은 제각각,comp_domestic_strategy,COMPETITOR_AI_STRATEGY,615.5,,,COMP_DOMESTIC_STRATEGY,domestic,경쟁사_해외이슈,COMPETITOR_AI_STRATEGY,comp_domestic_strategy,comp_domestic_strategy:진단 kt 탓 티빙 탓만 하면 끝 제휴 서비스 보안 책임은 제각각,comp_domestic_strategy:진단 kt 탓 티빙 탓만 하면 끝 제휴 서비스 보안 책임은 제각각,카카오가 경쟁사 전략·리스크·AI/플랫폼 대응을 비교 참고할 이슈,4,4,5,로컬 보조 라벨 / v26.2: overseas structural industry candidate,로컬 보조 라벨 / v26.2: overseas structural industry candidate,issue_selected,KT,경쟁사/해외이슈,경쟁사_해외이슈,경쟁사_해외이슈,정부_국회,정부/국회,12,본문추출성공,reassign:v27_korean_official_platform_enforcement_to_gov:platform_enforcement:coupang:consumer_dark_pattern,pass:representative_aligned,8,"범위 마련 필요성 제기 [유형길 기자 @이코노미톡뉴스] 개인정보 유출 피해를 겪은 이용자가 보상으로 제공받은 서비스에서 또다시 유출 사고를 마주하는 상황이 발생하면서 제휴 서비스 시대의 보안 관리 기준이 도마 위에 올랐다. KT 침해사고와 티빙 개인정보 유출은 별개의 사안이지만, 기업 간 서비스 연결이 확대되는 상황에서 고객에게 제공하는 외부 플랫폼의 보안 검증과 책임.",정부_국회,"[진단] KT 탓, 티빙 탓만 하면 끝?… 제휴 서비스 보안 책임은 제각각",http://www.economytalk.kr/news/articleView.html?idxno=422165,이코노미톡뉴스,CEO_Morning_Briefing,CEO_Morning_Briefing,8,,,경쟁사_해외이슈->정부_국회:v27_korean_official_platform_enforcement_to_gov:platform_enforcement:coupang:consumer_dark_pattern
정부_국회,정부/국회,과학기술정보통신부,"[AI픽] AI발 공급망 공격 막는다…정부, SW 보안 로드맵 발표",네이트,네이트,"Wed, 24 Jun 2026 05:21:00 GMT","Wed, 24 Jun 2026 05:21:00 GMT","[AI픽] AI발 공급망 공격 막는다…정부, SW 보안 로드맵 발표 네이트","AI 기반 위협 탐지·대응체계 구축, 범정부 협의체 출범 [장현경 제작] 일러스트 (서울=연합뉴스) 권하영 기자 = 정부가 소프트웨어(SW) 공급망 보안을 전방위로 끌어올리기 위한 중장기 로드맵을 내놨다. 개발·공급 단계부터 보안 설계에 녹여 넣고, 인공지능(AI) 기반 방어체계를 갖추는 것이 핵심이다. 과학기술정보통신부와 국가정보원은 'AI 일상화 시대를 준비하는 SW 공급망 보안 로드맵'을 마련했다고 24일 밝혔다. 최근 SW가 제조·교통·의료 등 다양한 산업에 깊숙이 스며들면서 공급망 구조는 갈수록 복잡해지고 있다. 여기에 고성능 AI를 활용해 취약점 탐지와 공격 실행을 자동화한 사이버 위협이 빠르게 세를 불리며, 공격의 속도와 범위가 종전과 비교할 수 없는 수준으로 확대되고 있다. 로드맵은 세 가지 전략 축으로 구성된다. 첫 번째는 사고 예방 역량 강화다. SW 공급망 보안 기준과 가이드를 새롭게 마련하고, 기업의 보안 수준 진단과 개발 환경 전환을 적극 지원한다. SW 구성요소를 목록화한 자재명세서 'SBOM'을 활용한 공급망 보안 관리 모델도 업계 전반으로 확산할 계획이다. 신속한 위협 탐지·대응 체계도 구축한다. 버그바운티, 취약점 신고포상제, 신고·조치·공개 제도 등 다양한 경로를 통해 공급망 보안 취약점 발굴 채널을 넓힌다. AI 기반 공급망 방어체계도 갖추는 한편, 공공 납품 정보통신 제품에 대한 안보 위해 여부 검증 방안도 별도로 마련한다. 마지막으로 정책 추진체계 확립과 제도 정비를 통한 보안 기반 조성에도 나선다. 범정부 SW 공급망 보안 협의체를 출범시키고, 민간·공공 부문 보안 제도 전반에 공급망 보안 요소를 반영하도록 손질한다. 사이버보안 선도국과의 협력 강화, 국내 인증제도의 국제 상호인정 범위 확대도 추진한다. 임정규 과기정통부 정보보호네트워크정책관은 ""복잡해지는 SW 공급망을 노린 사이버 위협이 증가하고 AI를 활용한 빠르고 광범위한 사이버공격이 본격화되는 상황에서 공급망 보안이 어느 때보다 중요해졌다""며 ""SW 공급망 보안 로드맵 발표를 기점으로 공급망 보안을 지속 강화해 나가겠다""고 밝혔다. 국정원은 ""SW 공급망 보안 로드맵이 국가와 기업의 사이버안보 수준을 한 단계 끌어올리는 중요한 이정표가 될 것으로 기대한다""며 ""민·관 협력을 통해 글로벌 공급망 위협에 선제적으로 대응하겠다""고 강조했다. kwonhy@yna.co.kr (끝)- [이 시각 많이 본 기사] - ☞ 강원 고성 초도해변 실종 고교생, 나흘 만에 숨진 채 발견 - ☞ 故옥희, 남편 홍수환 배웅 속 영면…""천국 갔다고 믿어"" - ☞ '강제 팔굽혀펴기' 피해 병사 모친, 국방부에 ""철저 수사"" 촉구 - ☞ 네덜란드, 12세 미만 아동 안락사 첫 시행…세계 곳곳 논란 - ☞ JTBC, 월드컵 '중계 중단' 보도에 ""결승전까지 차질 없어"" - ☞ 딸이 보는 앞에서…이별 통보 전 연인 살해 60대 남성 징역 20년 - ☞ 경찰서장이 2부제 피하려 긴급출동차로 출퇴근…""업무공백 초래"" - ☞ 41세 호날두, 2006년부터 2026년까지 6개 대회 득점 '새 역사' - ☞ 마크, 인종차별 상징 남부연합기 티셔츠 논란에 ""진심 사과"" ▶",1550,trafilatura,88.0,good,152.5,True,True,https://news.google.com/rss/articles/CBMiYEFVX3lxTFAtV0E5d2JoVG1KRXNZbEoyUUV0ZVhMWnY2aXpSXzFlOWxQNG50UWtQd2JTaWtBYmpzejhhVjVYbEJLNlV3ZDAxYi1ma2lZNUg5aEZHTGJQaG04M0V5RW9mVA?oc=5,https://news.nate.com/view/20260624n22404?mid=n0100,113.6,"ai_infrastructure_security,legal_regulatory_enforcement,phishing_security,platform_obligation,policy_legislation,privacy_security_reliability",security_general,2026-06-24,url_date,original_date_recent,2,233.95,,61.0,global_incident:platform_regulation:science_ict_ministry:platform_content_moderation_obligation:policy_change,global_incident:platform_regulation:science_ict_ministry:platform_content_moderation_obligation,32.0,government:platform_obligation,Y,,ok,http_200,body_valid,I094,government_ai_core_policy:ai발 공급망 공격 막는다 정부 sw 보안 로드맵 발표,government_ai_core_policy,GOV_AI_DIGITAL_POLICY,341.0,,GOV_AI_CORE_POLICY,,other,정부_국회,GOV_AI_DIGITAL_POLICY,government_ai_core_policy,government_ai_core_policy:ai발 공급망 공격 막는다 정부 sw 보안 로드맵 발표,government_ai_core_policy:ai발 공급망 공격 막는다 정부 sw 보안 로드맵 발표,카카오 AI agent/AI 서비스 전략과 연결되는 핵심 정책환경,5,4,5,로컬 보조 라벨,v43_hard_min:산업동향: daily-safe portfolio rescue,issue_selected,과학기술정보통신부,정부/국회,정부_국회,정부_국회,정부_국회,정부/국회,17,본문추출성공,pass:v26_2_public_actor_action_pass:roundup_but_public_actor_central,pass:representative_aligned,9,"AI 기반 위협 탐지·대응체계 구축, 범정부 협의체 출범 [장현경 제작] 일러스트 (서울=연합뉴스) 권하영 기자 = 정부가 소프트웨어(SW) 공급망 보안을 전방위로 끌어올리기 위한 중장기 로드맵을 내놨다. 과학기술정보통신부와 국가정보원은 'AI 일상화 시대를 준비하는 SW 공급망 보안 로드맵'을 마련했다고 24일 밝혔다.",정부_국회,"[AI픽] AI발 공급망 공격 막는다…정부, SW 보안 로드맵 발표",https://news.nate.com/view/20260624n22404?mid=n0100,네이트,CEO_Morning_Briefing,CEO_Morning_Briefing,9,v43_hard_min:산업동향,Y,
경쟁사_해외이슈,경쟁사/해외이슈,SKT,"'제2의 대박' 될까…SKT 투자 펭귄솔루션스, 엔비디아 파트너 선정",아이뉴스24,아이뉴스24,"Wed, 24 Jun 2026 06:06:21 GMT","Wed, 24 Jun 2026 06:06:21 GMT","'제2의 대박' 될까…SKT 투자 펭귄솔루션스, 엔비디아 파트너 선정 아이뉴스24","[아이뉴스24 서효빈 기자] SK텔레콤이 2억달러(약 3078억원)를 투자한 미국 AI 데이터센터 기업 펭귄솔루션스가 엔비디아의 'AI 팩토리 전문 파트너'로 선정됐다. 엔트로픽에 이어 AI 부문의 또 다른 투자 성과로 이어질지 주목된다. ChatGPT 생성형 이미지 [사진=ChatGPT] 24일 AI업계에 따르면 펭귄솔루션스는 엔비디아 파트너 네트워크(NPN)의 'AI 팩토리 전문 파트너' 자격을 획득했다. 해당 자격은 엔비디아 기반 AI 인프라를 실제 설계·구축·배포·운영한 경험을 보유한 기업에 부여된다. 펭귄솔루션스는 이번 자격 획득으로 향후 대규모 컴퓨팅 인프라 사업 수주에서 보다 경쟁력을 높일 수 있을 것으로 보인다. 앞서 SK텔레콤은 2024년 7월 펭귄솔루션스의 전신인 스마트글로벌홀딩스에 2억달러(약 3078억원)를 투자해 전환우선주 20만주를 인수했다. 이를 현재 보통주로 전환할 경우 지분율은 약 10.7%다. 펭귄솔루션스 주가는 SK텔레콤이 투자를 완료한 이후 3배 이상 상승했다. 투자 거래가 종결된 2024년 12월 13일 20달러대였던 주가는 23일(현지시간) 종가 기준 66.96달러를 기록했다. 펭귄솔루션스와의 사업 협력도 확대될 것으로 보인다. 양사간 대표적인 사업 협력은 '해인 AI 팩토리'다. 해인 AI 팩토리는 서울 가산 AI 데이터센터에 엔비디아 B200 등 블랙웰 GPU 1000개 이상을 하나의 클러스터로 연결한 국내 최대 규모급 AI 인프라다. 펭귄솔루션스는 GPU 클러스터 구축과 광케이블 연결, 인프라 통합, 클러스터 관리 소프트웨어 적용 등을 담당했다. 한편 SK텔레콤은 2023년 생성형 AI 기업 앤트로픽에도 1억달러(약 1539억원)를 투자한 바 있다. 이후 앤트로픽의 기업가치가 급등하면서 SK텔레콤이 보유한 지분의 장부가치는 지난해 말 기준 약 1조3800억원으로 늘어난 것으로 알려졌다. 좋아요 응원수",934,newspaper3k,84.0,good,115.5,True,False,https://news.google.com/rss/articles/CBMiSEFVX3lxTE9EMHNFa2s2SDRGN3g2VW9aV1djOVliU05qX1BqU1E5MkV5XzJuLXZZVmJ4RldnMTdFNmUwVHBtT3dpMThNaEpBTg?oc=5,https://www.inews24.com/view/1979354,326.0,"ai_infrastructure_security,aidc_datacenter,financial_performance,platform_obligation,strategy_mna_governance",aidc_gpu_npu,2026-06-24,meta:article:published_time,original_date_recent,6,203.45,,7.0,global_incident:platform_regulation:openai:platform_content_moderation_obligation:general,global_incident:platform_regulation:openai:platform_content_moderation_obligation,24.0,competitor:platform_obligation,Y,,ok,http_200,body_valid,I002,comp_domestic_strategy:제2의 대박 될까 skt 투자 펭귄솔루션스 엔비디아 파트너 선정,comp_domestic_strategy,COMPETITOR_AI_STRATEGY,640.0,,,COMP_DOMESTIC_STRATEGY,mixed,경쟁사_해외이슈,COMPETITOR_AI_STRATEGY,comp_domestic_strategy,comp_domestic_strategy:제2의 대박 될까 skt 투자 펭귄솔루션스 엔비디아 파트너 선정,comp_domestic_strategy:제2의 대박 될까 skt 투자 펭귄솔루션스 엔비디아 파트너 선정,카카오가 경쟁사 전략·리스크·AI/플랫폼 대응을 비교 참고할 이슈,4,4,5,로컬 보조 라벨,로컬 보조 라벨,issue_selected,SKT,경쟁사/해외이슈,경쟁사_해외이슈,경쟁사_해외이슈,경쟁사_해외이슈,경쟁사/해외이슈,4,본문추출성공,pass:competitor_guardrail_pass,pass:representative_aligned,10,[아이뉴스24 서효빈 기자] SK텔레콤이 2억달러(약 3078억원)를 투자한 미국 AI 데이터센터 기업 펭귄솔루션스가 엔비디아의 'AI 팩토리 전문 파트너'로 선정됐다. ChatGPT 생성형 이미지 [사진=ChatGPT] 24일 AI업계에 따르면 펭귄솔루션스는 엔비디아 파트너 네트워크(NPN)의 'AI 팩토리 전문 파트너' 자격을 획득했다.,경쟁사_해외이슈,"'제2의 대박' 될까…SKT 투자 펭귄솔루션스, 엔비디아 파트너 선정",https://www.inews24.com/view/1979354,아이뉴스24,CEO_Morning_Briefing,CEO_Morning_Briefing,10,,,
경쟁사_해외이슈,경쟁사/해외이슈,네이버,"네이버클라우드-지멘스, 제조 산업 AI 전환(AX) 가속화",2news.co.kr,2news.co.kr,"Wed, 24 Jun 2026 01:57:00 GMT","Wed, 24 Jun 2026 01:57:00 GMT","네이버클라우드-지멘스, 제조 산업 AI 전환(AX) 가속화 2news.co.kr","네이버클라우드-지멘스, 제조 산업 AI 전환(AX) 가속화 가 가 기사의 본문 내용은 이 글자크기로 변경됩니다. 스크롤 이동 상태바 네이버클라우드-지멘스, 제조 산업 AI 전환(AX) 가속화 가 가 기사의 본문 내용은 이 글자크기로 변경됩니다. 네이버클라우드-지멘스, 제조 산업 AI 전환(AX) 가속화 가 가 기사의 본문 내용은 이 글자크기로 변경됩니다. 기사의 본문 내용은 이 글자크기로 변경됩니다. 글로벌 제조 기술과 AI·클라우드 역량 결합해 혁신 모델 발굴 네이버클라우드가 한국지멘스와 협력하여 국내 제조 산업의 인공지능 전환(AX)을 추진한다. 뉴스1에 따르면 양사는 네이버 사옥 1784에서 업무협약을 체결하고, 네이버의 AI·클라우드 기술과 지멘스의 제조 자동화 역량을 결합한 혁신 모델 구축에 나선다. 이번 협약에는 세드릭 나이케 지멘스 디지털 인더스트리 CEO가 직접 참석해 눈길을 끌었다. 이는 지멘스 그룹이 한국 시장의 제조 AI 전환 가능성을 높게 평가하고 있음을 시사한다. 협력의 구체적인 내용은 무엇인가? 양사는 지멘스의 디지털 트윈 및 산업용 AI 기술과 네이버클라우드의 인프라를 융합한 설루션을 개발한다. 특히 데이터 주권을 확보한 클라우드 서비스를 바탕으로 제품 설계부터 생산, 운영에 이르는 제조 전 과정의 디지털 전환(DX)을 지원할 방침이다. 또한 공동 고객 발굴과 시장 확대를 위한 기술적 아키텍처 개발에도 역량을 집중할 계획이다. 제조 현장에서 어떤 변화를 기대할 수 있는가? 국내 제조 기업들은 최적화된 산업용 AI 기술을 현장에 실질적으로 도입할 수 있게 된다. 네이버클라우드는 클라우드 인프라 운영 노하우를 공유하고, 지멘스는 현장에서 축적한 제조 데이터 활용 전문성을 제공하여 산업현장의 효율성을 높일 예정이다. 김유원 네이버클라우드 대표는 이번 협력이 제조 혁신의 의미 있는 출발점이 될 것이라며, 국내 기업들이 AI 가치를 현장에서 체감하도록 지원하겠다고 강조했다. #네이버클라우드 #지멘스 #제조AI #AX #디지털트윈 네이버클라우드가 한국지멘스와 협력하여 국내 제조 산업의 인공지능 전환(AX)을 추진한다. 뉴스1에 따르면 양사는 네이버 사옥 1784에서 업무협약을 체결하고, 네이버의 AI·클라우드 기술과 지멘스의 제조 자동화 역량을 결합한 혁신 모델 구축에 나선다. 이번 협약에는 세드릭 나이케 지멘스 디지털 인더스트리 CEO가 직접 참석해 눈길을 끌었다. 이는 지멘스 그룹이 한국 시장의 제조 AI 전환 가능성을 높게 평가하고 있음을 시사한다. 양사는 지멘스의 디지털 트윈 및 산업용 AI 기술과 네이버클라우드의 인프라를 융합한 설루션을 개발한다. 특히 데이터 주권을 확보한 클라우드 서비스를 바탕으로 제품 설계부터 생산, 운영에 이르는 제조 전 과정의 디지털 전환(DX)을 지원할 방침이다. 또한 공동 고객 발굴과 시장 확대를 위한 기술적 아키텍처 개발에도 역량을 집중할 계획이다. 제조 현장에서 어떤 변화를 기대할 수 있는가? 국내 제조 기업들은 최적화된 산업용 AI 기술을 현장에 실질적으로 도입할 수 있게 된다. 네이버클라우드는 클라우드 인프라 운영 노하우를 공유하고, 지멘스는 현장에서 축적한 제조 데이터 활용 전문성을 제공하여 산업현장의 효율성을 높일 예정이다. 김유원 네이버클라우드 대표는 이번 협력이 제조 혁신의 의미 있는 출발점이 될 것이라며, 국내 기업들이 AI 가치를 현장에서 체감하도록 지원하겠다고 강조했다. #네이버클라우드 #지멘스 #제조AI #AX #디지털트윈 에너지 뉴스 webmaster@2news.co.kr",1734,bs4_selector,68.0,good,13.5,True,False,https://news.google.com/rss/articles/CBMiaEFVX3lxTE5SdUZNeTBXTXZ6VW1YOFVOVlV2UHByUTZTdEN0b1ZhMU9oa3drTm5oR2lPU0dBN3NRREdtR0s5UmdjaHF6X3hzZURKbjh6NS1Qb2cwVHh4ZWVWYUlPZEkwMk9hYkhSS3Br?oc=5,https://www.2news.co.kr/news/articleView.html?idxno=12412,312.5,ai_infrastructure_security,ai_infrastructure_security,2026-06-24,json_ld:datePublished,original_date_recent,6,117.65,,7.0,global_incident:leadership_service:naver:executive_change:executive_or_org_change,global_incident:leadership_service:naver:executive_change,18.0,,,,ok,http_200,body_valid,I006,comp_domestic_ai_platform:네이버클라우드 지멘스 제조 산업 ai 전환 ax 가속화,comp_domestic_ai_platform,COMPETITOR_AI_STRATEGY,631.5,,,COMP_DOMESTIC_AI_PLATFORM,domestic,경쟁사_해외이슈,COMPETITOR_AI_STRATEGY,comp_domestic_ai_platform,comp_domestic_ai_platform:네이버클라우드 지멘스 제조 산업 ai 전환 ax 가속화,comp_domestic_ai_platform:네이버클라우드 지멘스 제조 산업 ai 전환 ax 가속화,카카오가 경쟁사 전략·리스크·AI/플랫폼 대응을 비교 참고할 이슈,4,4,5,로컬 보조 라벨 / v26.2: overseas structural industry candidate,로컬 보조 라벨 / v26.2: overseas structural industry candidate,issue_selected,네이버,경쟁사/해외이슈,경쟁사_해외이슈,경쟁사_해외이슈,경쟁사_해외이슈,경쟁사/해외이슈,5,본문추출성공,pass:competitor_guardrail_pass,pass:representative_aligned,11,"네이버클라우드-지멘스, 제조 산업 AI 전환(AX) 가속화 가 가 기사의 본문 내용은 이 글자크기로 변경됩니다. 스크롤 이동 상태바 네이버클라우드-지멘스, 제조 산업 AI 전환(AX) 가속화 가 가 기사의 본문 내용은 이 글자크기로 변경됩니다.",경쟁사_해외이슈,"네이버클라우드-지멘스, 제조 산업 AI 전환(AX) 가속화",https://www.2news.co.kr/news/articleView.html?idxno=12412,2news.co.kr,CEO_Morning_Briefing,CEO_Morning_Briefing,11,,,
경쟁사_해외이슈,경쟁사/해외이슈,KT,"kt 밀리의서재, 코엑스 서울국제도서전서 10주년 기념 '밀리하우스' 공개",파이낸셜신문,파이낸셜신문,"Wed, 24 Jun 2026 07:49:08 GMT","Wed, 24 Jun 2026 07:49:08 GMT","kt 밀리의서재, 코엑스 서울국제도서전서 10주년 기념 '밀리하우스' 공개 파이낸셜신문","24~28일 서울 코엑스에서 부스 운영…주방, 욕실, 정원 등 집에서 만나는 독서 컨셉 종이책과 전자책 잇는 '밀리 페어링', 오리지널 웹툰·웹소설 등 다양한 독서 경험 제안 오리지널스 신작 미니북 키링 공개 및 작가 사인회 통해 독자와 접점 확대 2026 서울국제도서전 내 kt 밀리의서재 부스 '밀리하우스' 전경 (사진=밀리의서재) 국내 독서 플랫폼 kt 밀리의서재가 창립 10주년을 맞아 독서를 일상 공간 속 경험으로 확장하는 특별 전시를 서울 코엑스에서 선보인다. kt 밀리의서재는 오는 28일까지 2026 서울국제도서전에 참가해 '밀리 창립 10주년, 밀리의 서재에 초대합니다'를 주제로 체험형 부스 '밀리하우스'를 운영한다고 24일 밝혔다. 이번 도서전은 AI 시대 인간의 역할과 질문하는 힘을 조명하는 '인간선언 Homo duduri(호모 두두리)'를 주제로 열리며, 18개국 530여 개 기업이 참여하는 국내 최대 규모의 책 축제다. 밀리의서재는 '밀리 창립 10주년, 밀리의 서재에 초대합니다'를 테마로 부스를 마련했다. 이번 부스를 통해 독서를 특정 공간이나 형식에 제한되지 않는 생활 속 경험으로 재해석했다. 방문객들은 집들이에 초대된 손님처럼 현관부터 주방, 욕실, 거실, 정원까지 이어지는 동선을 따라 다양한 독서 콘텐츠를 체험할 수 있다. 입구인 '현관'은 브랜드 10주년을 기념하는 웰컴 공간으로 꾸며졌으며, '주방'에서는 종이책 바코드를 스캔하면 전자책으로 이어지는 독서 연계 기능 '밀리 페어링'을 경험할 수 있다. '욕실'에서는 웹툰과 오디오 웹소설 중심의 확장형 콘텐츠를, '거실'에서는 플랫폼 부가 서비스를 소개한다. 마지막 공간인 '정원'에서는 자체 IP 기반 오리지널 도서를 구매할 수 있다. 특히 이번 전시에는 조명 브랜드 루미르, 뷰티 브랜드 아로마티카, 건강 브랜드 링티 등이 협업에 참여해 독서와 라이프스타일을 결합한 공간 연출을 강화했다. 오리지널 콘텐츠도 공개된다. 정원 공간에서는 조예은의 신작 '녹색 절벽의 신자들'과 청예의 '같은 여자끼리' 일부를 담은 미니북 키링이 처음 공개된다. 또한 쩜(신시연) 작가의 '저 재밌는 거 혼자 아는 사람 아닙니다'와 이희영의 신작 '낙하' 특별판도 현장에서 만나볼 수 있다. 행사 기간 동안 청예, 조예은, 쩜(신시연) 작가는 현장 사인회를 열고 독자들과 직접 소통한다. 특히 쩜(신시연) 작가의 신작은 오리지널스에서 기획한 에세이를 창작 플랫폼 '밀리로드'에서 선연재하고 회원들의 호응을 얻어 출간까지 이어졌다고 밀리의서재는 덧붙였다. kt 밀리의서재 서울국제도서전 부스 내 오리지널스 판매 존(장소 : 정원) (사진=밀리의서재) 현장 참여 혜택도 마련됐다. 첫 달 무료 가입 또는 구독 인증 시 작가 참여 앤솔러지 《북키퍼》와 에코백이 제공되며, 공간별 체험 완료 시 지급되는 비즈를 활용해 개인 취향형 책갈피를 제작할 수 있다. 최찬욱 kt 밀리의서재 마케팅본부장은 ""이번 서울국제도서전을 통해 지난 10년간 독서의 문턱을 낮춰 온 밀리의서재의 노력을 일상 공간인 집에 담아냈다""며 ""종이책과 전자책의 경계를 허문 밀리 페어링부터 자체 IP 작품으로 제작된 한정판 굿즈까지 밀리만의 차별화된 콘텐츠를 더욱 많은 독자들이 경험하는 기회가 되길 바란다""고 밝혔다. [파이낸셜신문=황병우 기자]",1616,newspaper3k,84.0,good,61.0,True,False,https://news.google.com/rss/articles/CBMia0FVX3lxTE5mQm5QcEhWSHZhOFFJbHNtOFl6Mno2anNDZUZvN1NBRkdFR3ZrMS1WTXlvVk9CQlBnbENhMHAwTzE4VDYwTm95bF9sTW05WUtuekJiTHpZREZ2N09OVGZTSmJRRGFXWTVPM19n?oc=5,https://www.efnews.co.kr/news/articleView.html?idxno=130535,254.0,"ai_infrastructure_security,market_power_platform,platform_obligation,self_pr_promo",ai_infrastructure_security,2026-06-24,meta:article:published_time,original_date_recent,1,167.3,,0.0,global_incident:platform_regulation:kt:platform_content_moderation_obligation:announcement,global_incident:platform_regulation:kt:platform_content_moderation_obligation,24.0,competitor:platform_obligation,Y,,ok,http_200,body_valid,I026,comp_domestic_strategy:kt 밀리의서재 코엑스 서울국제도서전서 10주년 기념 밀리하우스 공개,comp_domestic_strategy,COMPETITOR_AI_STRATEGY,615.5,,,COMP_DOMESTIC_STRATEGY,domestic,경쟁사_해외이슈,COMPETITOR_AI_STRATEGY,comp_domestic_strategy,comp_domestic_strategy:kt 밀리의서재 코엑스 서울국제도서전서 10주년 기념 밀리하우스 공개,comp_domestic_strategy:kt 밀리의서재 코엑스 서울국제도서전서 10주년 기념 밀리하우스 공개,카카오가 경쟁사 전략·리스크·AI/플랫폼 대응을 비교 참고할 이슈,4,4,5,로컬 보조 라벨 / v26.2: overseas structural industry candidate,로컬 보조 라벨 / v26.2: overseas structural industry candidate,issue_selected,KT,경쟁사/해외이슈,경쟁사_해외이슈,경쟁사_해외이슈,경쟁사_해외이슈,경쟁사/해외이슈,10,본문추출성공,pass:competitor_guardrail_pass,pass:representative_aligned,12,"24~28일 서울 코엑스에서 부스 운영…주방, 욕실, 정원 등 집에서 만나는 독서 컨셉 종이책과 전자책 잇는 '밀리 페어링', 오리지널 웹툰·웹소설 등 다양한 독서 경험 제안 오리지널스 신작 미니북 키링 공개 및 작가 사인회 통해 독자와 접점 확대 2026 서울국제도서전 내 kt 밀리의서재 부스 '밀리하우스' 전경 (사진=밀리의서재) 국내 독서 플랫폼 kt 밀리의서재가 창립 10주년을 맞아 독서를 일상 공간 속 경험으로 확장하는 특별 전시를 서울 코엑스에서 선보인다.",경쟁사_해외이슈,"kt 밀리의서재, 코엑스 서울국제도서전서 10주년 기념 '밀리하우스' 공개",https://www.efnews.co.kr/news/articleView.html?idxno=130535,파이낸셜신문,CEO_Morning_Briefing,CEO_Morning_Briefing,12,,,
경쟁사_해외이슈,경쟁사/해외이슈,SKT,"월드컵만 풍년, 실적은 흉년…SKT·LGU+ 날아오를 때에 KT ‘나 홀로 역주행’에 투자 매력 꼴찌",뉴스퀘스트,뉴스퀘스트,"Wed, 24 Jun 2026 07:29:46 GMT","Wed, 24 Jun 2026 07:29:46 GMT","월드컵만 풍년, 실적은 흉년…SKT·LGU+ 날아오를 때에 KT ‘나 홀로 역주행’에 투자 매력 꼴찌 뉴스퀘스트","하나증권은 SK텔레콤과 LG유플러스는 1년 전 같은 기간보다 우수한 성과를 기록할 가능성이 높은 반면에 KT는 저조한 실적과 함께 당분간 주가 반등을 유도할 만한 특별한 이벤트가 없다고 분석했다. 통신 3사의 경쟁 구도를 표현한 가상의 이미지. [사진=제미나이] 【뉴스퀘스트=김민수 기자】북중미 월드컵 조별 예선 경기가 한창 진행되면서 한국 국가대표팀의 32강 진출 여부가 관심이 높아지고 있는 가운데 공식파트너를 맡고 있는 KT가 정작 투자 매력도는 SK텔레콤, LG유플러스보다 낮다는 의견이 나왔다. 올해 2분기 실적 발표에서 SK텔레콤과 LG유플러스는 1년 전 같은 기간보다 우수한 성과를 기록할 가능성이 높은 반면에 KT는 저조한 실적과 함께 당분간 주가 반등을 꾀할 만한 별다른 이벤트가 없다는 점이 근거로 제시됐다. 24일 하나증권은 SK텔레콤·KT·LG유플러스 등 국내 통신서비스 업종에 대한 12개월 투자 의견은 ‘비중확대’이며, 올해 7월 통신서비스 업종 투자 매력도는 ‘높음’이라고 밝혔다. 김홍식 하나증권 연구원은 “전반적으로 볼 때 통신업계와 관련한 부정적인 뉴스가 많지 않을 것으로 예상되는 가운데 실적 호전에 따른 주주환원 증대 움직임, AI RAN 도입이 요금제 개편에 미칠 파장에 투자가들의 관심이 쏠릴 것으로 보인다”고 내다봤다. 문제는 통신 3사 중 KT는 경쟁업체들과 달리 가격적인 메리트를 제외하면 특별한 주가 상승 재료가 없다는 점이다. 이달 들어 KT는 붉은악마·대한축구협회와 함께 서울 광화문광장에서 ‘2026 월드컵’ 거리관람 행사와 고객 혜택 프로모션을 운영하고 있으며, 오는 25일(목·오전 10시) 열리는 한국 국가대표팀의 3차전 조별 예선 남아프리카공화국와의 경기 역시 거리 응원을 진행할 예정이다. 현재 KT는 광화문 거리관람과 KT의 온·오프라인 채널에서 제공하는 고객 혜택을 통해 새로운 월드컵 문화 조성에 앞장서면서 마케팅 활동에 적극적인 모습을 보이고 있지만, 2분기 실적 전망은 먹구름이 낀 상태다. 하나증권은 KT의 2분기 연결 영업이익 추정치를 5620억원으로 전년 동기대비 -45% 수준을 기록할 것으로 내다봤다. SK텔레콤(5378억원, +59%), LG유플러스(3140억원, +3%)의 전망치와 비교했을 때 KT의 ‘나 홀로’ 실적 하향세가 예상된다. 김 연구원은 “만약 2분기 KT 실적 결과가 당초 예상치를 크게 하회한다면 주가에 부정적인 영향을 미칠 가능성이 있어 유의할 필요가 있다”며 “2026년 연결 이익은 물론이고, 배당을 결정하는 본사 영업이익도 전년대비 감소로 돌아설 가능성이 높아지기 때문”이라고 설명했다. 아울러 “그렇게 되면 2026년뿐만 아니라 2027년 배당금 증가도 기대하기 어려워질 수 있으며 그 경우 주가가 장기 부진에 빠질 가능성도 배제할 수 없다”고 덧붙였다. SK텔레콤이 데이터센터 설립 등 인공지능 사업 활성화에 박차를 가하고 있고, LG유플러스가 개선된 실적을 바탕으로 주주환원정책 강화에 나서고 있는 점도 KT 입장에서는 부담스러운 상황이다. 업계에서는 이달 초 젠슨 황 엔비디아 최고 경영자(CEO) 방한 이후 데이터 센터와 AI RAN 수혜주에 대한 관심이 커진 가운데 SK텔레콤이 국책 AI 사업자로 선정될 가능성이 높아 국내에서 피지컬 AI 업체로 부상할 것으로 내다봤다. LG유플러스의 경우 개인정보 유출로 인한 SK텔레콤·KT의 영업정지 효과와 더불어 희망 퇴직에 따른 인건비·제반 경비 감축 효과로 2분기 실적이 개선될 전망이다. 김 연구원은 “ SK텔레콤은 AI 국책 사업자·AI RAN 투자 본격화, LG유플러스는 자사주 매입·소각 확대가 단기 호재로 작용할 가능성이 있다”며 “KT는 이익·배당 성장 기대감이 낮아져 있는 상황이며 뚜렷한 주가 상승 계기를 마련하지 못하고 있다”고 진단했다. 그러면서 “7월 통신서비스 업종 내 종목별 투자 매력도는 SK텔레콤과 LG유플러스는 동급, KT는 그 후순위로 제시한다”고 조언했다. <세상을 보는 바른 눈 '뉴스퀘스트'>",1955,newspaper3k,84.0,good,120.5,True,False,https://news.google.com/rss/articles/CBMib0FVX3lxTE52Z2dzZERmMGRSVGVFODYyWHRheUptNUE0YWs3cHZNenctZkp3cDVtMWlVQjNrWFRIVFpNVWR0WDl0cjA4cml0ZHdKOE4yNk1kQnlaUG9BR2JqQ2Nob2VNQkdtT2VVZ2dSLUFyMTR5WdIBc0FVX3lxTE5TQlVyZVFYX3ZxM2VMUHk5d0xHOTMyMnNJaThJLXJ1eFdnLW1rejlOYi1uVVctY05IXzZSU3VfRGRFSWVzV2JPRFUwelZqaUFCQzcxelQ0akpaZFYweWhVS0YxSEl5Y3phbVMyeUFibXNoWFk?oc=5,https://www.newsquest.co.kr/news/articleView.html?idxno=268472,223.0,"ai_agent,ai_infrastructure_security,earnings,financial_performance,phishing_security,platform_obligation,policy_legislation,privacy_security_reliability,self_pr_promo",security_general,2026-06-24,meta:article:published_time,original_date_recent,1,208.95,privacy_security:skt:data_leak:initial_investigation_response,7.0,global_incident:platform_regulation:skt:platform_content_moderation_obligation:executive_or_org_change,global_incident:platform_regulation:skt:platform_content_moderation_obligation,24.0,competitor:platform_obligation,Y,,ok,http_200,body_valid,I027,comp_domestic_strategy:월드컵만 풍년 실적은 흉년 skt lgu+ 날아오를 때에 kt 나 홀로 역주행에 투자 매력 꼴찌,comp_domestic_strategy,COMPETITOR_AI_STRATEGY,615.5,,,COMP_DOMESTIC_STRATEGY,domestic,경쟁사_해외이슈,COMPETITOR_AI_STRATEGY,comp_domestic_strategy,comp_domestic_strategy:월드컵만 풍년 실적은 흉년 skt lgu+ 날아오를 때에 kt 나 홀로 역주행에 투자 매력 꼴찌,comp_domestic_strategy:월드컵만 풍년 실적은 흉년 skt lgu+ 날아오를 때에 kt 나 홀로 역주행에 투자 매력 꼴찌,카카오가 경쟁사 전략·리스크·AI/플랫폼 대응을 비교 참고할 이슈,4,4,5,로컬 보조 라벨 / v26.2: overseas structural industry candidate,로컬 보조 라벨 / v26.2: overseas structural industry candidate,issue_selected,SKT,경쟁사/해외이슈,경쟁사_해외이슈,경쟁사_해외이슈,경쟁사_해외이슈,경쟁사/해외이슈,11,본문추출성공,pass:competitor_guardrail_pass,pass:representative_aligned,13,하나증권은 SK텔레콤과 LG유플러스는 1년 전 같은 기간보다. 우수한 성과를 기록할 가능성이 높은 반면에 KT는 저조한 실적과 함께 당분간 주가 반등을 유도할 만한 특별한 이벤트가 없다고 분석했다.,경쟁사_해외이슈,"월드컵만 풍년, 실적은 흉년…SKT·LGU+ 날아오를 때에 KT ‘나 홀로 역주행’에 투자 매력 꼴찌",https://www.newsquest.co.kr/news/articleView.html?idxno=268472,뉴스퀘스트,CEO_Morning_Briefing,CEO_Morning_Briefing,13,,,
경쟁사_해외이슈,경쟁사/해외이슈,KT,"박윤영 KT 대표, KT클라우드 재합병 검토하나",디일렉,디일렉,"Wed, 24 Jun 2026 10:01:39 GMT","Wed, 24 Jun 2026 10:01:39 GMT","박윤영 KT 대표, KT클라우드 재합병 검토하나 디일렉","박윤영 KT 대표가 KT클라우드를 다시 흡수하는 방안을 검토하고 있는 것으로 알려졌다. 인공지능(AI) 확산으로 클라우드와 데이터센터, 네트워크 인프라의 중요성이 커지면서 KT 본체와 자회사의 역량을 하나로 묶어 기업간거래(B2B) 시장 공략을 강화하려는 전략으로 풀이된다. 24일 업계에 따르면 박 대표는 최근 KT클라우드 재합병 가능성을 열어두고 내부 검토를 지시한 것으로 전해졌다. KT클라우드는 2022년 KT에서 분사한 뒤 데이터센터와 클라우드 사업을 중심으로 성장해왔다. 지난해 매출은 9975억원으로 전년 대비 27.4% 증가했다. 이번 검토는 전임 경영진이 추진했던 KT클라우드 독립 상장 계획을 사실상 재검토하는 성격이다. 최근 정부가 대기업 계열사의 중복 상장 규제 기조를 강화하고 있는 점도 KT클라우드 상장보다 재흡수 쪽에 무게를 싣는 요인으로 꼽힌다. KT 내부 조직 정비도 재합병 가능성을 키우는 대목이다. 김봉균 KT엔터프라이즈 부문장 부사장이 KT클라우드 대표를 겸직하면서 KT의 B2B 영업 조직과 클라우드 사업 간 연계가 강화됐다. 업계에서는 이를 KT클라우드 재흡수를 염두에 둔 사전 정지 작업으로 보는 시각도 나온다. KT가 KT클라우드를 다시 품을 경우 인공지능(AI), 클라우드, 데이터센터, 네트워크를 통합한 패키지형 서비스를 기업 고객에게 제공할 수 있다. AI 데이터센터 사업은 대규모 자본 투입이 필요하다. 자회사 단위보다 KT 본체의 신용도와 자금 조달력을 활용하는 것이 유리하다는 분석도 있다. KT는 지난해 말 기준 KT클라우드 지분 92.63%를 보유하고 있다. 다만 재합병을 위해서는 IMM크레딧솔루션 등 외부 재무적 투자자가 보유한 잔여 지분 처리와 협의가 필요하다. 다만 통신과 클라우드, 데이터센터는 사업 성격과 조직 문화가 다른 만큼 실제 합병 이후 통합 실행력이 관건이 될 전망이다. KT가 KT클라우드 재흡수를 통해 인공지능전환(AX) 플랫폼 기업 전환에 속도를 낼 수 있을지 주목된다. 김성진 전문기자 harang@thelec.kr",1007,bs4_selector,86.0,good,145.0,True,False,https://news.google.com/rss/articles/CBMiZkFVX3lxTE5Md25zSm9palJ2T1ExMmxzWGNYZHFOUVdZNnlXUGlpbTA1OHI5T1hVaWZuczRZMGtXLWlrc2N0aFF3UElNWHUtd1VHb0Q2YnlYc0hVRWdXZVNnMmwwOVJWd0lUdlFtdw?oc=5,https://www.thelec.kr/news/articleView.html?idxno=58593,217.0,"ai_infrastructure_security,aidc_datacenter,earnings,financial_performance,leadership_change,market_power_platform,platform_obligation,policy_legislation,strategy_mna_governance",aidc_general,2026-06-24,json_ld:datePublished,original_date_recent,4,218.9,,7.0,global_incident:platform_regulation:kt:platform_data_protection_obligation:executive_or_org_change,global_incident:platform_regulation:kt:platform_data_protection_obligation,32.0,government:platform_obligation,Y,,ok,http_200,body_valid,I031,global_incident:leadership_service:kt:leadership_service,comp_domestic_ai_platform,COMPETITOR_AI_STRATEGY,589.5,,,COMP_DOMESTIC_AI_PLATFORM,domestic,경쟁사_해외이슈,COMPETITOR_AI_STRATEGY,comp_domestic_ai_platform,global_incident:leadership_service:kt:leadership_service,global_incident:leadership_service:kt:leadership_service,카카오가 경쟁사 전략·리스크·AI/플랫폼 대응을 비교 참고할 이슈,4,4,5,로컬 보조 라벨 / v26.2: overseas structural industry candidate,v43_hard_min:산업동향: daily-safe portfolio rescue,issue_selected,KT,경쟁사/해외이슈,경쟁사_해외이슈,경쟁사_해외이슈,경쟁사_해외이슈,경쟁사/해외이슈,15,본문추출성공,pass:competitor_guardrail_pass,pass:representative_aligned,14,"인공지능(AI) 확산으로 클라우드와 데이터센터, 네트워크 인프라의 중요성이 커지면서 KT 본체와 자회사의 역량을 하나로 묶어 기업간거래(B2B) 시장 공략을 강화하려는 전략으로 풀이된다. 24일 업계에 따르면 박 대표는 최근 KT클라우드 재합병 가능성을 열어두고 내부 검토를 지시한 것으로 전해졌다.",경쟁사_해외이슈,"박윤영 KT 대표, KT클라우드 재합병 검토하나",https://www.thelec.kr/news/articleView.html?idxno=58593,디일렉,CEO_Morning_Briefing,CEO_Morning_Briefing,14,v43_hard_min:산업동향,,
