"date","section","rank","title","press","url","issue_group","issue_family","body_status","qa_overall","title_hash","url_hash","summary","canonical_url","event_key","event_stage","article_form","todayness_score","todayness_reason","source_version"
"2026.6.5","자사_및_계열사_이슈","1","카카오게임즈, 22일 임시주총…공동대표 전환 시동","SBSBiz","https://biz.sbs.co.kr/amp/article/20000314511","카카오게임즈 최대주주 변경 및 공동대표 체제","경영권/인선","본문추출성공","양호","카카오게임즈 22일 임시주총 공동대표 전환 시동","https://biz.sbs.co.kr/amp/article/20000314511","카카오게임즈, 22일 임시주총…공동대표 전환 시동 SBS Biz 안지혜 입력2026.06.04 17:22 수정2026.06.04 17:27 [경기 성남시 카카오게임즈 사옥의 로고 (연합뉴스 자료사진)] 일본 라인야후가 출자한 특수목적법인(SPC)에 인수 절차가 진행 중인 카카오게임즈가 이달 말 임시 주주총회를 열고 외부 인사를 이사로 영입합니음.","","","","","","",""
"2026.6.5","자사_및_계열사_이슈","2","카카오, 구글 딥마인드 손잡고 AI 콘텐츠 워터마크 도입","공유경제신문","https://www.seconomy.kr/news/articleView.html?idxno=139744","카카오-구글 딥마인드 AI 콘텐츠 워터마크 도입","AI_기술_협력","본문추출성공","양호","카카오 구글 딥마인드 손잡고 ai 콘텐츠 워터마크 도입","https://www.seconomy.kr/news/articleView.html?idxno=139744","자체 AI 모델 ‘카나나’ 이미지·영상에 신스ID 적용 하반기부터 비가시적 워터마크 삽입···AI 생성물 신뢰성 강화 카카오가 구글 딥마인드와 손잡고 자체 생성형 AI 콘텐츠에 디지털 워터마크를 도입하며 AI 서비스 신뢰도 확보에 나선음. 카카오는 지난달 20일 구글 딥마인드와 AI 생성 콘텐츠의 투명성 강화를 위한 기술 파트너십을 체결했다고 밝힘.","","","","","","",""
"2026.6.5","자사_및_계열사_이슈","3","스타벅스 결제액 130억원 줄어…카톡 선물 1위는 탈환","연합뉴스TV","https://www.yonhapnewstv.co.kr/news/MYH20260604231801STQ","카톡 선물하기 내 스타벅스 교환권/소비 변화","카카오톡 선물하기","본문추출성공","양호","스타벅스 결제액 130억원 줄어 카톡 선물 1위는 탈환","https://www.yonhapnewstv.co.kr/news/MYH20260604231801STQ","경제 스타벅스 결제액 130억원 줄어…카톡 선물 1위는 탈환 오주현 기자 입력 2026-06-04 23:18:03 기사 읽어주기 서비스는 크롬기반의 브라우저에서만 사용하실 수 있습니음. 공유하기 카카오톡 페이스북메신저 페이스북 X 네이버블로그 네이버밴드 글자크기 가 가 가 가 가 오주현 기자 입력 2026-06-04 23:18:03 기사 읽어주기 서비스는 크롬기반의 브라우저에서만 사용하실 수 있습니음.","","","","","","",""
"2026.6.5","정부_국회","4","""불법촬영 이미지도 7월부터 '차단 의무'""…방미통위 설명회","연합뉴스","https://www.yna.co.kr/amp/view/AKR20260604139200017","플랫폼 불법촬영 이미지 차단 의무 확대","유통방지_조치","본문추출성공","양호","불법촬영 이미지도 7월부터 차단 의무 방미통위 설명회","https://www.yna.co.kr/amp/view/AKR20260604139200017","(서울=연합뉴스) 유현민 기자 = 불법촬영물 유통방지 의무 대상이 다음.","","","","","","",""
"2026.6.5","정부_국회","5","[AI 3강의 꿈, 중간성적표]①AIDC특별법·GPU 확보 긍정적…부처간 협업은 '지지부진'","v.daum.net","https://v.daum.net/v/20260605064300584","국가 AI 인프라/AIDC/GPU 정책","AI 인프라 및 정책","본문추출성공","양호","ai 3강의 꿈 중간성적표 aidc특별법 gpu 확보 긍정적 부처간 협업은 지지부진","https://v.daum.net/v/20260605064300584","[AI 3강의 꿈, 중간성적표]①AIDC특별법·GPU 확보 긍정적…부처간 협업은 '지지부진' 공병선 2026임. 06:43 음성재생 설정 이동 통신망에서 음성 재생 시 데이터 요금이 발생할 수 있습니음.","","","","","","",""
"2026.6.5","정부_국회","6","금융위 안창국 상임위원, 금융안정위 총회…AI도입 등 논의","네이트","https://news.nate.com/view/20260605n09878","금융권 AI 도입 가이드라인/모범사례","AI 도입 논의","본문추출성공","양호","금융위 안창국 상임위원 금융안정위 총회 ai도입 등 논의","https://news.nate.com/view/20260605n09878","재판매 및 DB 금지] (서울=연합뉴스) 배영경 기자 = 금융위원회 안창국 상임위원이 영국 런던에서 열린 금융안정위원회(FSB) 총회에 참석해 금융권의 인공지능(AI) 도입 문제 등을 논의했다고 5일 금융위는 밝힘. 지난 1일 열린 금융안정위원회 총회에서는 '금융기관의 책임.","","","","","","",""
"2026.6.5","정부_국회","7","공정위, 이달부터 AI가상모델 표시 의무화…업계도 주의해야","fn아이포커스","https://www.fneyefocus.com/news/articleView.html?idxno=20701","AI 가상모델 표시 의무화","AI 윤리 및 규제","본문추출성공","양호","공정위 이달부터 ai가상모델 표시 의무화 업계도 주의해야","https://www.fneyefocus.com/news/articleView.html?idxno=20701","AI( 인공지능 ) 가 우리 생활 전반에 깊숙이 파고든 가운데 , 정부가 최근 소비자 보호를 위해 ‘AI 가상인물 표시 의무화 ’ 에 나선음. 공정거래위원회 ( 위원장 주병기 · 이하 공정위 ) 는 ‘ 추천 · 보증 등에 관한 표시 · 광고 심사지침 ’ 을 개정해 AI 로 생성된 가상인물이 광고에 등장할 경우 소비자가 쉽게 인지할 수 있도록 ‘ 가상인물 ’ 임을 의무적으로 표시하도록 했음.","","","","","","",""
"2026.6.5","정부_국회","8","금융당국, 가상자산 해외 거래 규제 완화… 사업자 자금세탁방지 책임 강화","tokenpost.kr","https://www.tokenpost.kr/amp/news/cryptocurrency/366382","가상자산 이전거래/AML 규제 조정","가상자산 규제 완화","본문추출성공","양호","금융당국 가상자산 해외 거래 규제 완화 사업자 자금세탁방지 책임 강화","https://www.tokenpost.kr/amp/news/cryptocurrency/366382","금융당국, 가상자산 해외 거래 규제 완화… 사업자 자금세탁방지 책임. 5일 금융당국과 가상자산 업계에 따르면 금융위원회 산하 금융정보분석원(FIU)은 전날 가상자산 거래소 대표들과 만나 특정금융정보법 시행령 개정안에 대한 의견을 들은 뒤 이같이 가닥을 잡았음.","","","","","","",""
"2026.6.5","경쟁사_해외이슈","9","네이버페이, 안드로이드 기기 호환성 오류 긴급 복구 완료… ""앱 업데이트 필요""","이데일리","https://www.edaily.co.kr/News/Read?newsId=04113126645478768&mediaCodeNo=257","네이버페이 앱 장애/복구","서비스_장애","본문추출성공","양호","네이버페이 안드로이드 기기 호환성 오류 긴급 복구 완료 앱 업데이트 필요","https://www.edaily.co.kr/News/Read?newsId=04113126645478768&mediaCodeNo=257","장애 시간 동안 일부 사용자들은 앱 접속 등에 일시적인 불편을 겪었다.이번 오류는 최근 진행된 구글 안드로이드 운영체제(OS)의 특정 기기 대상 업데이트와 네이버페이 앱 간의 호환성 충돌로 인해 발생한 것으로 분석됨.","","","","","","",""
"2026.6.5","경쟁사_해외이슈","10","[단독]금감원, '쿠팡페이' 제재 절차 돌입…'원아이디' 적정성 쟁점","아이뉴스24","https://www.inews24.com/view/1974121","쿠팡페이 제재 절차 돌입","전자금융 규제 및 제재","본문추출성공","양호","금감원 쿠팡페이 제재 절차 돌입 원아이디 적정성 쟁점","https://www.inews24.com/view/1974121","[아이뉴스24 박은경 기자] 금융감독원이 쿠팡페이에 대한 검사 의견 정리를 마무리하고 제재 절차에 착수했음. 5일 금융권에 따르면 금감원은 쿠팡페이에 대한 검사 의견을 정리하고 제재를 위한 법리 검토를 진행 중임.","","","","","","",""
"2026.6.5","경쟁사_해외이슈","11","네이버 창작자 지원, AI 검색 활용 영역까지 확대","smartbizn.com","https://www.smartbizn.com/news/articleView.html?idxno=145507","네이버_AI_검색_기능_확대","AI_검색_및_창작자_지원","본문추출성공","양호","네이버 창작자 지원 ai 검색 활용 영역까지 확대","https://www.smartbizn.com/news/articleView.html?idxno=145507","네이버가 창작자 지원 프로그램을 블로그와 숏폼, 유료 콘텐츠 영역에서 AI 검색 환경으로 넓히고 있음. / 사진=네이버 | 스마트비즈 = 신동현 기자 | 네이버가 창작자 지원 프로그램을 블로그와 숏폼, 유료 콘텐츠 영역에서 AI 검색 환경으로 넓히고 있음.","","","","","","",""
"2026.6.5","경쟁사_해외이슈","12","애플 ""매출상위 앱 100개 중 40개가 AI 탑재…거래액성장률 4배""","v.daum.net","https://v.daum.net/v/20260605052701536","애플_앱스토어_AI_탑재_앱_현황","AI_앱_및_결제","본문추출성공","양호","애플 매출상위 앱 100개 중 40개가 ai 탑재 거래액성장률 4배","https://v.daum.net/v/20260605052701536","애플 ""매출상위 앱 100개 중 40개가 AI 탑재…거래액성장률 4배"" 이한나 기자 2026임. 05:27 글자크기 설정 파란원을 좌우로 움직이시면 글자크기가 변경 됩니음.","","","","","","",""
"2026.6.5","산업동향","13","[AI는 지금] 모델보다 플랫폼…기업 AI 에이전트 전략 바뀐다","v.daum.net","https://v.daum.net/v/pJV3IfMVka","AI 에이전트와 IT 인프라","AI_에이전트_전략","본문추출성공","양호","ai는 지금 모델보다 플랫폼 기업 ai 에이전트 전략 바뀐다","https://v.daum.net/v/pJV3IfMVka","플랫폼…기업 AI 에이전트 전략 바뀐음. 15:48 음성재생 설정 이동 통신망에서 음성 재생 시 데이터 요금이 발생할 수 있습니음.","","","","","","",""
"2026.6.8","자사_및_계열사_이슈","1","카카오 파업 예고에 정부 촉각…비상대응체계 점검","연합뉴스","https://www.yna.co.kr/amp/view/AKR20260608070700017","카카오 노조 임단협/파업 및 내부 갈등","노조 파업","본문추출성공","주의","카카오 파업 예고에 정부 촉각 비상대응체계 점검","https://www.yna.co.kr/amp/view/AKR20260608070700017","(서울=연합뉴스) 권하영 기자 = 과학기술정보통신부는 오는 10일로 예고된 카카오[035720] 노조 파업에 대비해 카카오 측과 점검 회의를 개최했다고 8일 밝힘. 최우혁 과기정통부 정보보호네트워크정책실장과 카카오 서영훈 부사장이 참석한 이 자리에서 양측은 카카오톡·카카오맵 등 국민 생활과 밀접한 주요임.","","","","","","",""
"2026.6.8","자사_및_계열사_이슈","2","카카오뱅크, 501조 퇴직연금 시장 진입 채비…AI 연금서비스 검토","MTN 머니투데이방송","https://news.mtn.co.kr/news-detail/2026060812405474516","카카오뱅크 퇴직연금 시장 진입","금융 서비스","본문추출성공","주의","카카오뱅크 501조 퇴직연금 시장 진입 채비 ai 연금서비스 검토","https://news.mtn.co.kr/news-detail/2026060812405474516","8일 카카오뱅크가 퇴직연금 사업 진출을 준비하며 연금·자산관리 영역으로 보폭을 넓히고 있음. / 제공=뉴스1 카카오뱅크가 500조원을 넘어선 퇴직연금 시장 진입을 준비하고 있음.","","","","","","",""
"2026.6.8","자사_및_계열사_이슈","3","챗GPT의 다음 목표는 ‘슈퍼앱’…카카오·삼성·SK와 맞물린 오픈AI 한국 전략","테크42","https://www.tech42.co.kr/%EC%B1%97gpt%EC%9D%98-%EB%8B%A4%EC%9D%8C-%EB%AA%A9%ED%91%9C%EB%8A%94-%EC%8A%88%ED%8D%BC%EC%95%B1%EC%B9%B4%EC%B9%B4%EC%98%A4%C2%B7%EC%82%BC%EC%84%B1%C2%B7sk%EC%99%80","챗GPT의 슈퍼앱 전략 및 오픈AI 한국 전략","AI 슈퍼앱","본문추출성공","주의","챗gpt의 다음 목표는 슈퍼앱 카카오 삼성 sk와 맞물린 오픈ai 한국 전략","https://www.tech42.co.kr/%EC%B1%97gpt%EC%9D%98-%EB%8B%A4%EC%9D%8C-%EB%AA%A9%ED%91%9C%EB%8A%94-%EC%8A%88%ED%8D%BC%EC%95%B1%EC%B9%B4%EC%B9%B4%EC%98%A4%C2%B7%EC%82%BC%EC%84%B1%C2%B7sk%EC%99%80","외신 “OpenAI, 챗GPT에 코딩·AI 에이전트·외부 서비스 연동 강화” 카카오와 AI 제품 개발, 삼성·SK와 스타게이트 협력…한국 사업 이미 다층화 국내 플랫폼 기업엔 기회이자 압박…AI 비서가 사용자 접점 재편 챗GPT를 중심으로 메시징·검색·예약·쇼핑·문서·코딩·결제 서비스가 연결되는 AI 슈퍼앱 가상 이미지임. (이미지=AI로 생성) 생성형 AI 경쟁의 무게중심이 다시 이동하고 있음.","","","","","","",""
"2026.6.8","정부_국회","4","방미심위, 청소년 노출 성인 웹툰 광고 1천여건 제재","매일경제 마켓","https://stock.mk.co.kr/news/view/1100378","방심위, 청소년 노출 성인 웹툰 광고 제재","방송통신위원회 제재","본문추출성공","주의","방미심위 청소년 노출 성인 웹툰 광고 1천여건 제재","https://stock.mk.co.kr/news/view/1100378","방미심위, 청소년 노출 성인 웹툰 광고 1천여건 제재 유현민 입력 : 2026.06.08 13:05:58 (서울=연합뉴스) 유현민 기자 = 방송미디어통신심의위원회는 청소년 접근 제한 조치 없이 유통된 성인 웹툰 광고 1천81건에 대해 삭제·접속차단 등의 시정 요구를 의결했다고 8일 밝힘.","","","","","","",""
"2026.6.8","정부_국회","5","올해 국가정보보호백서 살펴보니…""AI가 스스로 해킹하는 시대 왔다""","뉴스웍스","https://www.newsworks.co.kr/news/articleView.html?idxno=843135","국가정보보호백서, AI 기반 해킹 시대 도래","국가 정보보호","본문추출성공","주의","올해 국가정보보호백서 살펴보니 ai가 스스로 해킹하는 시대 왔다","https://www.newsworks.co.kr/news/articleView.html?idxno=843135","AI가 스스로 표적을 분석하고 침투하는 '에이전틱 AI' 공격이 현실로 다가오자, 정부는 국가정보원에 국가인공지능안보센터를 신설하고 '국가·공공기관 AI 보안 가이드북'을 배포했음. 국가정보원, 과학기술정보통신부, 행정안전부, 개인정보보호위원회, 금융위원회, 외교부는 8일 이 같은 내용을 담은 '2026 국가정보보호백서'를 공개했음.","","","","","","",""
"2026.6.8","정부_국회","6","AI 서버 랙 하나가 65가구분 전력을 삼킨다, 미국 30개 주 300건 법안의 경고","한국데이터경제신문","https://www.dataeconomy.co.kr/news/articleView.html?idxno=40506","AI 서버 전력 소비 규제","AI 에너지 소비","본문추출성공","주의","ai 서버 랙 하나가 65가구분 전력을 삼킨다 미국 30개 주 300건 법안의 경고","https://www.dataeconomy.co.kr/news/articleView.html?idxno=40506","본지가 4월 29일 보도한 미국 메인주 데이터센터 모라토리엄 법안 및 14개 주 규제 동향에 이어, 2026년 상반기 미국의 데이터센터 전력 규제가 전국적 규모로 확산되고 있습니음.","","","","","","",""
"2026.6.8","정부_국회","7","뉴엔AI-한국에너지정보문화재단, AI 기반 에너지 이슈 분석·정보 검증 협력","디지틀조선일보","https://digitalchosun.dizzo.com/site/data/html_dir/2026/06/08/2026060880043.html","AI 기반 에너지 이슈 분석·정보 검증 협력","AI 에너지 이슈","본문추출성공","주의","뉴엔ai 한국에너지정보문화재단 ai 기반 에너지 이슈 분석 정보 검증 협력","https://digitalchosun.dizzo.com/site/data/html_dir/2026/06/08/2026060880043.html","- 산업 맞춤형 AI 분석 기업 뉴엔AI가 한국에너지정보문화재단과 에너지 관련 정보의 신뢰성 제고를 위한 협력 사업을 추진한다고 8일 밝힘. 배성환 뉴엔AI 대표는 “에너지 이슈는 국가 정책의 핵심이자 국민 삶에 직결된 사안인 만큼 정확한 데이터에 기반한 소통이 필수적”이라며 “재단과 협력해 AI 기반 분석 기술을 활용한 정보 검증 체계를 구축하고, 신뢰할 수 있는 에너지 정보 제공에 기여하겠다”고 말했음.","","","","","","",""
"2026.6.8","정부_국회","8","지선 끝났는데 또 미뤄진 디지털자산기본법…업계 ""답답함 넘어 분통""","네이트","https://news.nate.com/view/20260608n00073","디지털자산기본법 제정 지연","디지털자산기본법","본문추출성공","주의","지선 끝났는데 또 미뤄진 디지털자산기본법 업계 답답함 넘어 분통","https://news.nate.com/view/20260608n00073","6·3 지방선거가 마무리되면서 디지털자산기본법 논의 재개 기대감이 커지고 있지만, 정치권의 법안 발의와 핵심 쟁점 조율은 여전히 지연되면서 업계의 피로감이 커지고 있음. /국회=남윤호 기자 [더팩트ㅣ박지웅 기자] 6·3 지방선거가 마무리되면서 그동안 정치 일정에 밀려 있던 디지털자산기본법(가상자산 2단계 법안) 논의가 본격화될 것이라는 기대감이 커지고 있음.","","","","","","",""
"2026.6.8","경쟁사_해외이슈","9","‘통신사→AI 인프라 기업’…SKT, 그룹 AI 전략 핵심축 부상","서울경제","https://www.sedaily.com/article/20052980?ref=sedailyEng","국가 AI 인프라/AIDC/GPU 정책","AI 인프라","본문추출성공","주의","통신사 ai 인프라 기업 skt 그룹 ai 전략 핵심축 부상","https://www.sedaily.com/article/20052980?ref=sedailyEng","그동안 엔비디아의 SK그룹 내 협력이 고성능 메모리 공급을 맡은 SK하이닉스를 중심으로 이뤄졌다면, 앞으로는 SK텔레콤이 AI를 실제 산업 현장에 공급·활용하는 인프라 구축의 핵심 파트너로 부상할 전망임. 이번에 양 기업이 발표한 AI 팩토리는 기존 데이터센터를 넘어 GPU, 고성능 메모리, 네트워크, 전력, 운영 소프트웨어가 결합된 차세대 AI 생산 기반을 의미한음.","","","","","","",""
"2026.6.8","경쟁사_해외이슈","10","[분석_AI플랫폼 ②네이버] 최수연 체제 네이버, AI 투자 확대에 순이익 급감... 플랫폼 성장 이어갔지만 수익성 방어 시험대 올라","뉴스워커","http://www.newsworker.co.kr/news/articleView.html?idxno=430132","네이버 AI 투자 확대 및 수익성 시험대","네이버 AI 전략","본문추출성공","주의","분석 ai플랫폼 네이버 최수연 체제 네이버 ai 투자 확대에 순이익 급감 플랫폼 성장 이어갔지만 수익성 방어 시험대 올라","http://www.newsworker.co.kr/news/articleView.html?idxno=430132","[분석_AI플랫폼 ②네이버] 최수연 체제 네이버, AI 투자 확대에 순이익 급감임. 스크롤 이동 상태바 [분석_AI플랫폼 ②네이버] 최수연 체제 네이버, AI 투자 확대에 순이익 급감임.","","","","","","",""
"2026.6.8","경쟁사_해외이슈","11","CU편의점·티빙 등 대형서비스 3곳 해킹… 개인정보 줄줄 새","v.daum.net","https://v.daum.net/v/QWQVIgEoWj?f=p","CU편의점·티빙 등 해킹","개인정보보호","본문추출성공","주의","cu편의점 티빙 등 대형서비스 3곳 해킹 개인정보 줄줄 새","https://v.daum.net/v/QWQVIgEoWj?f=p","CU편의점·티빙 등 대형서비스 3곳 해킹… 개인정보 줄줄 새 김강우 기자 2026임. 17:48 음성재생 설정 이동 통신망에서 음성 재생 시 데이터 요금이 발생할 수 있습니음.","","","","","","",""
"2026.6.8","경쟁사_해외이슈","12","美 정부, AI기업 지분 보유 검토… 오픈AI와 논의","v.daum.net","https://v.daum.net/v/20260607163817116?f=p","미국 정부, AI 기업 지분 보유 검토 (오픈AI 논의)","AI_정부정책_해외","본문추출성공","주의","정부 ai기업 지분 보유 검토 오픈ai와 논의","https://v.daum.net/v/20260607163817116?f=p","美 정부, AI기업 지분 보유 검토… 오픈AI와 논의 팽동현 2026임. 16:38 음성재생 설정 이동 통신망에서 음성 재생 시 데이터 요금이 발생할 수 있습니음.","","","","","","",""
"2026.6.8","산업동향","13","'새만금 AI·수소도시' 속도…김윤덕 장관, 베이징·내몽골 수소생태계 점검","네이트","https://news.nate.com/view/20260608n24097","새만금 AI·수소도시 추진","AI 수소도시","본문추출성공","주의","새만금 ai 수소도시 속도 김윤덕 장관 베이징 내몽골 수소생태계 점검","https://news.nate.com/view/20260608n24097","국토교통부는 김윤덕 장관을 단장으로 한 출장단이 8일부터 10일까지 3일간 중국을 방문해 수소 생산·이송·저장·활용 등 전 주기 수소 기반 시설 구축 현황과 관련 정책 동향을 점검한다고 밝힘. 이번 방문은 지난 2월 정부와 현대차그룹이 체결한 9조원 규모의 새만금 투자 협약을 뒷받침하기 위한 차원임.","","","","","","",""
"2026.6.9","자사_및_계열사_이슈","1","카카오 파업 예고에 정부 촉각…비상대응체계 점검","연합뉴스","https://www.yna.co.kr/amp/view/AKR20260608070700017","카카오 노조 임단협/파업 및 내부 갈등","노사갈등","본문추출성공","주의","카카오 파업 예고에 정부 촉각 비상대응체계 점검","https://www.yna.co.kr/amp/view/AKR20260608070700017","(서울=연합뉴스) 권하영 기자 = 과학기술정보통신부는 오는 10일로 예고된 카카오[035720] 노조 파업에 대비해 카카오 측과 점검 회의를 개최했다고 8일 밝힘. 최우혁 과기정통부 정보보호네트워크정책실장과 카카오 서영훈 부사장이 참석한 이 자리에서 양측은 카카오톡·카카오맵 등 국민 생활과 밀접한 주요임.","","","","","","",""
"2026.6.9","자사_및_계열사_이슈","2","실적 좋은데 카카오는 날 수 없다, 왜?","네이트","https://news.nate.com/view/20260605n33662","카카오 실적 대비 주가 부진","카카오톡_경영/실적","본문추출실패_대체없음_제목링크만","주의","실적 좋은데 카카오는 날 수 없다 왜","https://news.nate.com/view/20260605n33662","실적 좋은데 카카오는 날 수 없다, 왜? 네이트","","","","","","",""
"2026.6.9","자사_및_계열사_이슈","3","카카오 준신위, 'AI 기본법' 대응 워크숍 개최","뉴시스","https://www.newsis.com/view/NISX20260609_0003661784","카카오 준신위, AI 기본법 대응 워크숍 개최","AI 법제화","본문추출실패_대체없음_제목링크만","주의","카카오 준신위 ai 기본법 대응 워크숍 개최","https://www.newsis.com/view/NISX20260609_0003661784","카카오 준신위, 'AI 기본법' 대응 워크숍 개최 뉴시스","","","","","","",""
"2026.6.9","자사_및_계열사_이슈","4","캐피털업계 지형 변화 일어날까, 1조 규모 애큐온캐피탈 인수전 뜨겁고 카카오뱅크도 진출 예고","비즈니스포스트","https://www.businesspost.co.kr/BP?command=article_view&num=439495","애큐온캐피탈 인수전 및 카카오뱅크 진출","인수합병","본문추출성공","주의","캐피털업계 지형 변화 일어날까 1조 규모 애큐온캐피탈 인수전 뜨겁고 카카오뱅크도 진출 예고","https://www.businesspost.co.kr/BP?command=article_view&num=439495","<카카오뱅크> [비즈니스포스트] 메리츠금융그룹, 한화생명, 카카오뱅크 등이 국내 캐피털시장 진출의 문을 두드리면서 캐피털업계에 지형변화가 일어날 가능성이 나온다.메리츠금융그룹과 한화생명은 1조 원 규모 애큐온캐피탈·저축은행 인수전에 나서 캐피털업계 규모의 변화 기대감을 키우고 있음.","","","","","","",""
"2026.6.9","정부_국회","5","개인정보 유출한 티빙·CU…쿠팡 최종 제재 수위만 기다린다","v.daum.net","https://v.daum.net/v/pcudYb8BWV?f=p","티빙·CU 개인정보 유출, 쿠팡 제재 수위 주목","개인정보 유출","본문추출성공","주의","개인정보 유출한 티빙 cu 쿠팡 최종 제재 수위만 기다린다","https://v.daum.net/v/pcudYb8BWV?f=p","개인정보 유출한 티빙·CU…쿠팡 최종 제재 수위만 기다린음. 18:16 음성재생 설정 이동 통신망에서 음성 재생 시 데이터 요금이 발생할 수 있습니음.","","","","","","",""
"2026.6.9","정부_국회","6","“아동·청소년 디지털 성범죄 대응체계 개선 방안 모색”…여성가족부·방통위·경찰청 및 법조·시민사회 모여 플랫폼 규제와 공조 체계 진단:동아경제신문 & daenews.co.kr","동아경제","https://www.daenews.co.kr/25441","global_incident:platform_regulation:platform_sector:platform_regulation","government_regulatory_enforcement","본문추출성공","주의","아동 청소년 디지털 성범죄 대응체계 개선 방안 모색 여성가족부 방통위 경찰청 및 법조 시민사회 모여 플랫폼 규제와 공조 체계 진단 동아경제신문 daenews co kr","https://www.daenews.co.kr/25441","/ 자료=김한규·황정아 국회의원실·한국여성변호사회 [동아경제신문=동아경제신문 기자] 온라인 채팅 플랫폼과 소셜네트워크서비스(SNS)를 매개로 한 아동·청소년 대상 디지털 성범죄 및 그루밍 성착취 기법이 갈수록 지능화·고도화되는 가운데 피해자 지원 체계의 사각지대를 진단하고 사법·행정당국의 실효성 있는 규제 방안을 마련하기 위한 입법 정책 토론의 장이 국회에서 열린음.","","","","","","",""
"2026.6.9","정부_국회","7","스테이블코인 감독권 갈등에 막힌 '디지털 자산 기본법'…원화 스테이블코인·현물 ETF로 돌파구 모색","뉴스N연합","https://newsyonhap.com/news/107786","스테이블코인 감독권 갈등에 막힌 '디지털 자산 기본법'","디지털 자산/스테이블코인 규제","본문추출성공","주의","스테이블코인 감독권 갈등에 막힌 디지털 자산 기본법 원화 스테이블코인 현물 etf로 돌파구 모색","https://newsyonhap.com/news/107786","금융위원회와 한국은행이 스테이블코인 감독 권한을 놓고 팽팽한 이견을 좁히지 못하면서, '디지털 자산 기본법'의 시행이 2026년으로 연기됐음. 정부는 이 공백을 메우기 위해 원화 기반 스테이블코인 개발과 디지털 자산 현물 상장지수펀드(ETF) 도입을 2026년 경제 성장 전략의 핵심 축으로 동시에 추진 중임.","","","","","","",""
"2026.6.9","정부_국회","8","중국, ‘뒷광고·가짜 리뷰’ 겨냥…온라인 제품평가 규제 강화","법치뉴스","http://www.bubb.co.kr/news/articleView.html?idxno=4886","중국, 온라인 제품평가 규제 강화","플랫폼 규제_표시/광고","본문추출성공","주의","중국 뒷광고 가짜 리뷰 겨냥 온라인 제품평가 규제 강화","http://www.bubb.co.kr/news/articleView.html?idxno=4886","중국 정부가 온라인 제품 리뷰와 비교평가 시장에 대한 규제를 대폭 강화한음. 중국 정부는 최근 온라인 리뷰·비교평가 산업이 급성장하면서 소비자 구매 결정에 미치는 영향력이 커졌지만, 일부 플랫폼과 인플루언서들이 과장 광고와 허위 리뷰, 협찬 은폐, 광고와 평가의 경계가 불분명한 콘텐츠 등을 양산하고 있다고 지적했음.","","","","","","",""
"2026.6.9","경쟁사_해외이슈","9","오픈AI도 IPO 비공개 신청서 제출…""시기 아직 결정 안해""","뉴시스","https://www.newsis.com/view/NISX20260609_0003661376","오픈AI IPO 추진","오픈AI","본문추출성공","주의","오픈ai도 ipo 비공개 신청서 제출 시기 아직 결정 안해","https://www.newsis.com/view/NISX20260609_0003661376","등록 2026.06.09 09:20:19 수정 2026.06.09 09:52:24 [보스턴=AP/뉴시스] 챗GPT 개발사 오픈AI가 미 증권거래위원회(SEC)에 비공개 상장 신청서를 제출하면서 기업공개(IPO) 절차에 본격 착수했음. 사진은 2023년 3월9일 미국 보스턴에서 컴퓨터 화면 앞 휴대전화에 오픈AI 로고가 있는 모습임.","","","","","","",""
"2026.6.9","경쟁사_해외이슈","10","삼성SDS, 과기정통부 첨단 GPU 사업 선정에 주가 강세","디지털데일리","https://www.ddaily.co.kr/page/view/2026060909393680546","국가 AI 인프라/AIDC/GPU 정책","government_ai_core_policy","본문추출성공","주의","삼성sds 과기정통부 첨단 gpu 사업 선정에 주가 강세","https://www.ddaily.co.kr/page/view/2026060909393680546","삼성SDS, 과기정통부 첨단 GPU 사업 선정에 주가 강세 [디지털데일리 김보민기자] 삼성SDS가 정부 대규모 그래픽처리장치(GPU) 확보·구축·운용 지원 사업 참여 기업으로 선정되며 주가 강세를이어가고 있음. 이번 주가 상승은 전날 과학기술정보통신부가 발표한 첨단 GPU 확보·구축·운용 지원 사업 참여 기업 선정 결과가 영향을 미친 것으로 풀이됨.","","","","","","",""
"2026.6.9","경쟁사_해외이슈","11","일베금지법 완벽정리 처벌부터 위헌 논란까지, 정말 커뮤니티 폐쇄가 가능할까","네이버 프리미엄콘텐츠","https://contents.premium.naver.com/ahnlaw/anlaw/contents/260608115043751vx","global_incident:platform_regulation:naver:platform_content_moderation_obligation","comp_domestic_direct_risk","본문추출성공","주의","일베금지법 완벽정리 처벌부터 위헌 논란까지 정말 커뮤니티 폐쇄가 가능할까","https://contents.premium.naver.com/ahnlaw/anlaw/contents/260608115043751vx","일베금지법 완벽정리 처벌부터 위헌 논란까지, 정말 커뮤니티 폐쇄가 가능할까 언제나 의뢰인과 함께하는 안영진 변호사입니음. 2026년 6월, 이른바 '일베금지법'이 국회에 발의되면서 온라인이 뜨겁게 달아오르고 있습니음.","","","","","","",""
"2026.6.9","경쟁사_해외이슈","12","배민 1:1 맞춤 컨설팅 통했다…외식업주 주문·매출 두 자릿수 성장","thefairnews.co.kr","https://www.thefairnews.co.kr/news/articleView.html?idxno=78988","배민 1:1 맞춤 컨설팅 효과","플랫폼 사업자 성장 지원","본문추출성공","주의","배민 1 1 맞춤 컨설팅 통했다 외식업주 주문 매출 두 자릿수 성장","https://www.thefairnews.co.kr/news/articleView.html?idxno=78988","[더페어] 임세희 기자 = 배달의민족 운영사 우아한형제들이 외식업주를 대상으로 운영하는 ‘배민가게 성장 컨설팅’이 실질적인 경영 개선 성과를 내며 자영업자 지원 프로그램으로 자리매김하고 있음. 지난해 2월 시작된 배민가게 성장 컨설팅은 매출 정체나 운영상의 어려움을 겪는 외식업주를 대상으로 외식업 전문가가 1대 1로 맞춤형 컨설팅을 제공하는 프로그램임.","","","","","","",""
"2026.6.9","산업동향","13","[마켓+]엔비디아 생태계 올라탄 'K-로봇'…'피지컬 AI' 시대 글로벌 격전지 부상","비즈니스플러스","https://www.businessplus.kr/news/articleView.html?idxno=112663","K-로봇, 피지컬 AI 시대 글로벌 격전지 부상","AI 기술","본문추출성공","주의","마켓+ 엔비디아 생태계 올라탄 k 로봇 피지컬 ai 시대 글로벌 격전지 부상","https://www.businessplus.kr/news/articleView.html?idxno=112663","한국 로봇 산업이 단순 공장 자동화용 하드웨어 제조를 넘어 인공지능(AI)과 결합한 '피지컬 AI'(Physical AI)와 휴머노이드 중심으로 패러다임을 전환하며 글로벌 핵심 생태계로 부상하고 있음. 과거 산업용 협동로봇 중심이었던 국내 로봇 생태계는 최근 휴머노이드, 자율주행 로봇(AMR), 스마트팩토리 및 디지털 트윈 분야로 영역을 급속히 확장하는 추세음.","","","","","","",""
"2026-06-10","자사_및_계열사_이슈","1","""카톡 멈추진 않겠지""...카카오 노조, 오늘 부분 파업한다","파이낸셜뉴스","https://www.fnnews.com/ampNews/202606091638497938","카카오 노조 임단협/파업 및 내부 갈등","노조_파업","본문추출성공","주의","카톡 멈추진 않겠지 카카오 노조 오늘 부분 파업한다","https://www.fnnews.com/ampNews/202606091638497938","""카톡 멈추진 않겠지""...카카오 노조, 오늘 부분 파업한음. 10일 정보기술(IT) 업계에 따르면 민주노총 전국화학섬유식품산업노동조합 카카오지회(카카오 노조)는 이날 경기 성남시 판교역 일대에서 오전 10시부터 약 4시간 동안 부분 파업에 들어간음.","https://www.fnnews.com/ampNews/202606091638497938","global_incident:platform_regulation:kakao:platform_operator_obligation","action_started","official_action","42.0","published_today+today_date_action","google_rss_v28_self_rescue_competitor_summary_scope"
"2026-06-10","정부_국회","2","개인정보위, 10일 쿠팡 제재안 심의…과징금 수위 주목","전자신문","https://www.etnews.com/20260609000326","쿠팡 개인정보 유출 관련 개인정보보호위원회 제재","개인정보 유출 및 제재","본문추출성공","주의","개인정보위 10일 쿠팡 제재안 심의 과징금 수위 주목","https://www.etnews.com/20260609000326","과학기술정보통신부 민관합동조사단은 앞서 쿠팡 '내 정보 수정 페이지'에서 성명과 이메일이 포함된 개인정보 3367만3817건이 유출됐다고 발표했음. 개인정보위가 최종 의결에서 과기정통부 조사 결과와 같은 판단을 내릴 경우 과징금 규모는 상당 수준에 이를 가능성이 있음.","https://www.etnews.com/20260609000326","v27:platform_enforcement:coupang:privacy_data_violation","litigation","analysis_with_direct_risk","32.0","published_yesterday+today_date_action","google_rss_v28_self_rescue_competitor_summary_scope"
"2026-06-10","정부_국회","3","‘와우회원가’의 함정…공정위, 쿠팡 기만 광고 제재","KBS 뉴스","https://news.kbs.co.kr/news/pc/view/view.do?ncd=8582084","쿠팡 기만 광고 제재","플랫폼 규제","본문추출성공","주의","와우회원가의 함정 공정위 쿠팡 기만 광고 제재","https://news.kbs.co.kr/news/pc/view/view.do?ncd=8582084","기사 본문 영역 ‘와우회원가’의 함정…공정위, 쿠팡 기만 광고 제재 입력 2026.06.09 (21:48) 수정 2026.06.10 (08:03) 읽어주기 기능은 크롬기반의 브라우저에서만 사용하실 수 있음. [앵커] 쿠팡이 1회성 할인 가격을 유료 회원이면 늘 적용받을 수 있는 것처럼 광고해 공정위 제재를 받게 됐음.","https://news.kbs.co.kr/news/pc/view/view.do?ncd=8582084","v27:platform_enforcement:coupang:deceptive_membership_price_ad","penalty_or_sanction","analysis_with_direct_risk","14.0","published_yesterday","google_rss_v28_self_rescue_competitor_summary_scope"
"2026-06-10","정부_국회","4","과기정통부, 피지컬 AI 핵심기술 국산화 위한 선도사업 본격 착수","시사타임즈","http://www.timesisa.com/news/view.html?section=1&category=149&item=&no=49518","피지컬 AI 핵심 기술 국산화 선도사업","AI 핵심 기술 국산화","본문추출성공","주의","과기정통부 피지컬 ai 핵심기술 국산화 위한 선도사업 본격 착수","http://www.timesisa.com/news/view.html?section=1&category=149&item=&no=49518","즐겨찾기추가 편집 06.10 (수) 11 : 45 전체뉴스 47,727 로그인 회원가입 마이페이지 광고안내 고객센터 기사제보 전체보기 커버스토리 정치 사회 경제 문화 종교 정치 정치일반 청와대 국회·정당 정부·지자체 정치인물 사회 사회일반 교육·청소년 노동 인권·복지 환경 사건사고 NGO 경제 경제일반 부동산 재테크 금융·보험 자동차 취업·창업 기업·CEO IT·과학 생활경제 종교 종교 칼럼 엄무환 칼럼 전문가 칼럼 송인엽 <나가자, 세계로!> 칼럼 장계황 칼럼 김학민 영상칼럼 문화·연예 문화·연예일반 영화 공연·전시 북스 스포츠 여행·맛집 건강 국제 ISSUE ECONOMY 지역뉴스 전국 서울/경기 인천/강원 광주/제주 부산/울산 대전/대구 전라도 경상도 충청도 포토뉴스 테마포토 화제의포토 커버스토리 정치 사회 경제 종교 문화·연예 마이페이지 로그인 고객센터 고객지원센터 제휴 및 광고문의 기사제보 홈 과기정통부, 피지컬 AI 핵심기술 국산화 위한 선도사업 본격 착수 2026.06.10 11:43 입력 탁경선 기자 sisatime@hanmail.net ｜ LG전자 등 국내 대표 10개 산학연 역량 총결집 [시사타임즈 = 탁경선 기자] 정부가 피지컬 인공지능(AI) 핵심기술 국산화를 위한 선도사업에 본격 착수했음.","http://www.timesisa.com/news/view.html?section=1&category=149&item=&no=49518","global_incident:platform_regulation:kt:platform_content_moderation_obligation","decision","analysis_with_direct_risk","54.0","published_today+today_date_action+yesterday_date_action","google_rss_v28_self_rescue_competitor_summary_scope"
"2026-06-10","정부_국회","5","[단독] 금감원, 사회공헌·광고 집행 현장조사 착수…우리금융 첫 타자","뉴스1","https://www.news1.kr/amp/finance/general-finance/6193415","government_regulatory_enforcement:금감원 사회공헌 광고 집행 현장조사 착수 우리금융 첫 타자","government_regulatory_enforcement","본문추출성공","주의","금감원 사회공헌 광고 집행 현장조사 착수 우리금융 첫 타자","https://www.news1.kr/amp/finance/general-finance/6193415","[단독] 금감원, 사회공헌·광고 집행 현장조사 착수…우리금융 첫 타자 금감원, 우리금융·우리은행 대상 현장조사…사회공헌·광고업무 현황 파악 나서 사회공헌 명목으로 상업적 홍보했나…하나·신한·KB로 확대될까 '촉각' 한병찬 기자, 김도엽 기자 2026.06.10 오후 04:19 업데이트 2026.06.10 오후 05:27 금감원, 우리금융·우리은행 대상 현장조사…사회공헌·광고업무 현황 파악 나서 사회공헌 명목으로 상업적 홍보했나…하나·신한·KB로 확대될까 '촉각' 2026.06.10 오후 04:19 업데이트 2026.06.10 오후 05:27 (서울=뉴스1) 한병찬 김도엽 기자 = 금융감독원이 우리금융지주 및 우리은행을 대상으로 사회공헌 활동과 광고 업무 집행 현황에 대한 현장조사에 착수했음.","https://www.news1.kr/amp/finance/general-finance/6193415","global_incident:platform_regulation:financial_authority:platform_algorithm_ad_obligation","investigation","official_action","47.0","published_today+today_date_action+exclusive_breaking","google_rss_v28_self_rescue_competitor_summary_scope"
"2026-06-10","정부_국회","6","금감원 ""토스 중복출금 오류 재발 방지책 제출하라""…현장점검 검토 |","연합인포맥스","https://news.einfomax.co.kr/news/articleViewAmp.html?idxno=4419213","금융감독원, 토스 중복출금 오류 재발 방지책 제출 요구","토스 오류","본문추출성공","주의","금감원 토스 중복출금 오류 재발 방지책 제출하라 현장점검 검토","https://news.einfomax.co.kr/news/articleViewAmp.html?idxno=4419213","금감원 ""토스 중복출금 오류 재발 방지책 제출하라""…현장점검 검토 (서울=연합인포맥스) 허동규 기자 = 금융감독원이 최근 발생한 토스 자동이체 중복 출금 사고의 원인을 확인하고 재발 방지를 위한 개선 계획을 요구했음. 10일 금융당국에 따르면 금감원은 최군 토스에 자동이체 중복 출금 사고와 관련 내부통제 및 시스템 개선 계획을 제출하라고 요청했음.","https://news.einfomax.co.kr/news/articleViewAmp.html?idxno=4419213","global_incident:platform_regulation:toss:platform_operator_obligation","decision","official_action","47.0","published_today+today_date_action+exclusive_breaking","google_rss_v28_self_rescue_competitor_summary_scope"
"2026-06-10","정부_국회","7","과기정통부·방미통위, AI·OTT 협력 강화…데이터 공유 나선다","네이트","https://news.nate.com/view/20260610n25291","government_ai_core_policy:과기정통부 방미통위 ai ott 협력 강화 데이터 공유 나선다","government_ai_core_policy","본문추출성공","주의","과기정통부 방미통위 ai ott 협력 강화 데이터 공유 나선다","https://news.nate.com/view/20260610n25291","10일 서울 과기자문회의서 차관급 회의 열어 과기정통부 독파모에 방미심위 데이터 공유 과기정통부 독파모에 방미심위 데이터 공유 과학기술정보통신부(과기정통부)와 방송미디어통신위원회(방미통위)가 인공지능(AI)·미디어 분야 협력을 강화한음. 10일 과기정통부와 방미통위는 서울 광화문 과기자문회의에서 AI 시대 미디어 디지털 분야 환경 변화 대응을 위한 정책협의회 착수회의를 열고 정책을 논의했음.","https://news.nate.com/view/20260610n25291","global_incident:platform_regulation:science_ict_ministry:platform_content_moderation_obligation","consultation","official_action","42.0","published_today+today_date_action","google_rss_v28_self_rescue_competitor_summary_scope"
"2026-06-10","정부_국회","8","공정위, 허위·거짓광고 위반 과징금 2배 가중…감경은 축소 - 머니투데이","머니투데이","https://www.mt.co.kr/amp/economy/2026/06/09/2026060909150224538","global_incident:platform_regulation:fair_trade_authority:platform_algorithm_ad_obligation","government_regulatory_enforcement","본문추출성공","주의","공정위 허위 거짓광고 위반 과징금 2배 가중 감경은 축소","https://www.mt.co.kr/amp/economy/2026/06/09/2026060909150224538","개정 시행령은 지난 3월 행정예고 된 소비자 3법 과징금고시와 함께 다음달 1일부터 시행됨. 개정안을 살펴보면 우선 법 위반을 반복한 사업자에 대한 과징금 가중 기준을 상향했음.","https://www.mt.co.kr/amp/economy/2026/06/09/2026060909150224538","global_incident:platform_regulation:fair_trade_authority:platform_algorithm_ad_obligation","penalty_or_sanction","official_action","26.0","published_yesterday+yesterday_date_action","google_rss_v28_self_rescue_competitor_summary_scope"
"2026-06-10","정부_국회","9","박용진 “대형마트 주말 의무휴업 규제, 쿠팡만 키웠다”","시사저널","https://www.sisajournal.com/news/articleViewAmp.html?idxno=375936","대형마트 주말 의무휴업 규제 관련 발언","플랫폼 규제 및 경쟁","본문추출성공","주의","박용진 대형마트 주말 의무휴업 규제 쿠팡만 키웠다","https://www.sisajournal.com/news/articleViewAmp.html?idxno=375936","박용진 “대형마트 주말 의무휴업 규제, 쿠팡만 키웠다” “10년 전의 시장 환경 기준 규제, 오늘날 소비 여건 맞게 다시 점검해야” “쿠팡·마켓컬리, 365일 24시간 영업하고 규제 없어…기울어진 운동장” 박용진 대통령직속 규제합리화위원회 민간부위원장이 대형마트 주말 의무휴업 제도를 놓고 “‘쿠팡만 키웠다’거나 ‘전통시장·골목상권을 살리는데 역효과가 났다’는 이야기가 부쩍 들린다”며 재검토 필요성을 주장했음.","https://www.sisajournal.com/news/articleViewAmp.html?idxno=375936","privacy_security:coupang:data_leak","vote_or_mediation","analysis_feature","30.0","published_today+today_date_action+analysis_without_direct_event","google_rss_v28_self_rescue_competitor_summary_scope"
"2026-06-10","정부_국회","10","과기정통부, 'AI 미래 유니콘 기업'에 리벨리온 등 15개사 선정","뉴시스","https://www.newsis.com/view/NISX20260610_0003663376","government_ai_core_policy:과기정통부 ai 미래 유니콘 기업 에 리벨리온 등 15개사 선정","government_ai_core_policy","본문추출실패_대체없음_제목링크만","주의","과기정통부 ai 미래 유니콘 기업 에 리벨리온 등 15개사 선정","https://www.newsis.com/view/NISX20260610_0003663376","과기정통부, 'AI 미래 유니콘 기업'에 리벨리온 등 15개사 선정 뉴시스","https://www.newsis.com/view/NISX20260610_0003663376","event:과기정통부:ai_infrastructure_security","general","business_change","24.0","published_today","google_rss_v28_self_rescue_competitor_summary_scope"
"2026-06-10","경쟁사_해외이슈","11","네이버, 고품질 '숏폼' 생태계 만든다…'클립' 수익화 콘텐츠 기준 강화","전자신문","https://www.etnews.com/20260610000279","네이버 클립 수익화 정책 강화","숏폼 경쟁","본문추출성공","주의","네이버 고품질 숏폼 생태계 만든다 클립 수익화 콘텐츠 기준 강화","https://www.etnews.com/20260610000279","건강한 콘텐츠 생태계 구축은 물론, 고품질 영상 데이터를 네이버 AI 검색으로 연결해 AI 서비스 경쟁력을 높이는 전략으로 풀이됨. 10일 업계에 따르면 네이버는 강화된 클립 광고 인센티브 운영 정책을 오는 29일 시행한음.","https://www.etnews.com/20260610000279","privacy_security:naver:data_leak","action_started","business_change","54.0","published_today+today_date_action+yesterday_date_action","google_rss_v28_self_rescue_competitor_summary_scope"
"2026-06-10","경쟁사_해외이슈","12","[슈퍼 IPO] 앤스로픽 대해부 ⑦매출·수익성 모두 오픈AI 앞질렀다","뉴스핌","https://www.newspim.com/news/view/20260609001148","앤트로픽, 오픈AI 대비 매출·수익성 우위","AI 기업 경쟁 및 투자","본문추출성공","주의","슈퍼 ipo 앤스로픽 대해부 매출 수익성 모두 오픈ai 앞질렀다","https://www.newspim.com/news/view/20260609001148","[슈퍼 IPO] 앤스로픽 대해부 ⑦매출·수익성 모두 오픈AI 앞질렀음. 상장 문 먼저 두드린 이유, 기준 선점 다섯 달 만에 오픈AI 연환산 매출 역전 기업 겨냥 전략 결과, 코딩 상당 기여 오픈AI와 매출 인식 기준 차이는 존재 2분기 영업손익 흑자 예상, 오픈AI 대조 이 기사는 6월 9일 오후 3시25분 '해외 주식 투자의 도우미' GAM(Global Asset Management)에 출고된 프리미엄 기사임.","https://www.newspim.com/news/view/20260609001148","global_incident:ai_security_policy:kakao:openai_security_access","action_started","analysis_with_direct_risk","47.0","published_today+today_date_action+exclusive_breaking","google_rss_v28_self_rescue_competitor_summary_scope"
"2026-06-10","경쟁사_해외이슈","13","LG·현대차·네이버까지…AI 보안 스타트업 '에임인텔리전스'에 전략 투자","이데일리","https://www.edaily.co.kr/News/Read?newsId=03345606645480408&mediaCodeNo=257","LG·현대차·네이버 AI 보안 스타트업 투자","AI 보안 스타트업 투자","본문추출성공","주의","lg 현대차 네이버까지 ai 보안 스타트업 에임인텔리전스 에 전략 투자","https://www.edaily.co.kr/News/Read?newsId=03345606645480408&mediaCodeNo=257","[이데일리 김세연 기자] 인공지능(AI) 보안 전문 기업 에임인텔리전스는 LG전자(066570), 현대차(005380)그룹 제로원벤처스, 네이버(NAVER(035420)) D2SF로부터 전략적 투자를 유치했다고 10일 밝혔다.이번 투자는 에임인텔리전스가 삼성벤처투자 주도의 시리즈 A 라운드를 마친지 한 달 만에 이뤄졌음.","https://www.edaily.co.kr/News/Read?newsId=03345606645480408&mediaCodeNo=257","v27:platform_enforcement:naver:privacy_data_violation","general","analysis_with_direct_risk","24.0","published_today","google_rss_v28_self_rescue_competitor_summary_scope"
"2026-06-10","산업동향","14","KT, AI·데이터 광고 플랫폼 볼보 EX90 마케팅에 적용","뉴스프리존","https://www.newsfreezone.co.kr/news/articleViewAmp.html?idxno=693821","국가 AI 인프라/AIDC/GPU 정책","AI 데이터센터 구축","본문추출성공","주의","kt ai 데이터 광고 플랫폼 볼보 ex90 마케팅에 적용","https://www.newsfreezone.co.kr/news/articleViewAmp.html?idxno=693821","KT, AI·데이터 광고 플랫폼 볼보 EX90 마케팅에 적용 검색량 2배 증가 등 효과 KT는 AI·데이터 기반 광고 플랫폼을 볼보자동차코리아의 전기 SUV '볼보 EX90' 출시 캠페인에 적용해 브랜드 검색량 증가 등의 결과를 얻었다고 10일 밝힘. 이번 캠페인은 광화문 KT스퀘어 미디어월과 KT 지니 TV의 광고상품 ‘프리미엄 G 패키지’를 연계한 통합 미디어 광고 방식으로 진행됐음.","https://www.newsfreezone.co.kr/news/articleViewAmp.html?idxno=693821","privacy_security:kt:data_leak","action_started","analysis_feature","30.0","published_today+today_date_action+analysis_without_direct_event","google_rss_v28_self_rescue_competitor_summary_scope"
"2026-06-11","자사_및_계열사_이슈","1","카카오 오늘 창사 첫 파업…노조 600명 판교 행진","연합뉴스","https://www.yna.co.kr/amp/view/MYH20260610005600038","카카오 노조 임단협/파업 및 내부 갈등","노조 파업","본문추출성공","문제","카카오 오늘 창사 첫 파업 노조 600명 판교 행진","https://www.yna.co.kr/amp/view/MYH20260610005600038","성과급 등을 놓고 사측과 갈등을 빚고 있는 카카오 노조가 오늘(10일) 창사 이래 첫 파업을 진행함. 파업에 참가하는 법인은 카카오 본사와 카카오페이, 카카오엔터프라이즈 등 5곳으로, 약 600명이 참가할 것으로 예상됨.","https://www.yna.co.kr/amp/view/MYH20260610005600038","global_incident:platform_regulation:kakao:platform_content_moderation_obligation","vote_or_mediation","analysis_with_direct_risk","44.0","published_yesterday+today_date_action+yesterday_date_action","google_rss_v32_competitor_portfolio_refill"
"2026-06-11","자사_및_계열사_이슈","2","中알리페이에 고객정보 넘긴 카카오페이…法 ""과징금 60억원 적법""","연합뉴스","https://www.yna.co.kr/amp/view/AKR20260611120700004","카카오페이, 알리페이 고객정보 이전 관련 과징금","카카오페이 개인정보 유출","본문추출성공","문제","알리페이에 고객정보 넘긴 카카오페이 과징금 60억원 적법","https://www.yna.co.kr/amp/view/AKR20260611120700004","""애플 NSF 점수 산출을 위해 이용자 정보 제공""…개인정보위 처분 유지 (서울=연합뉴스) 김빛나 기자 = 고객 동의 없이 약 4천만명의 개인정보를 중국 알리페이에 넘긴 카카오페이에 부과된 과징금 약 60억원은 정당하다는 법원 판단이 나왔음. 앞서 개인정보위는 지난해 1월 전체 이용자 약 4천만명의 개인정보를 동의 없이 알리페이에 제공한 카카오페이에 시정명령과 함께 과징금 59억6천여만원을 부과했음.","https://www.yna.co.kr/amp/view/AKR20260611120700004","v27:platform_enforcement:kakao:privacy_data_violation","penalty_or_sanction","analysis_with_direct_risk","42.0","published_today+today_date_action","google_rss_v32_competitor_portfolio_refill"
"2026-06-11","정부_국회","3","국방부-방미통위, 장병 대상 AI·미디어 교육 확대‥불법도박 예방도","MBC 뉴스","https://imnews.imbc.com/news/2026/politics/article/6829504_36911.html","government_ai_core_policy:국방부 방미통위 장병 대상 ai 미디어 교육 확대 불법도박 예방도","government_ai_core_policy","본문추출성공","문제","국방부 방미통위 장병 대상 ai 미디어 교육 확대 불법도박 예방도","https://imnews.imbc.com/news/2026/politics/article/6829504_36911.html","정치 손하늘 국방부-방미통위, 장병 대상 AI·미디어 교육 확대‥불법도박 예방도 국방부-방미통위, 장병 대상 AI·미디어 교육 확대‥불법도박 예방도 입력 2026-06-11 16:57 | 수정 2026-06-11 16:58 가 가 가 해당 기사를 북마크했음.","https://imnews.imbc.com/news/2026/politics/article/6829504_36911.html","v27:platform_enforcement:kakao:content_moderation_obligation","general","business_change","42.0","published_today+today_date_action","google_rss_v32_competitor_portfolio_refill"
"2026-06-11","정부_국회","4","금감원, 모험자본 플랫폼 간담회 개최…시장 활성화 위한 인프라 마련","아시아투데이","https://www.asiatoday.co.kr/kn/view.php?key=20260611010004106","global_incident:platform_regulation:financial_authority:platform_regulation","government_regulatory_enforcement","본문추출성공","문제","금감원 모험자본 플랫폼 간담회 개최 시장 활성화 위한 인프라 마련","https://www.asiatoday.co.kr/kn/view.php?key=20260611010004106","0 서울 여의도 금융감독원 전경/금감원 금융감독원이 생산적 금융시장을 조성하기 위해 네이버파이낸셜과 공동 추진한 모험자본 플랫폼의 출범을 앞두고 간담회를 개최했음. 금감원은 11일 금융투자협회에서 열린 '모험자본 플랫폼 간담회'에서 네이버파이낸셜, 중소벤처기업부, 금융투자협회 및 벤처 캐피탈(VC)·벤처기업협회, 종합금융투자사업자, 벤처기업 등을 대상으로 모험자본 플랫폼 설명을 위한 간담회를 개최했다고 밝힘.","https://www.asiatoday.co.kr/kn/view.php?key=20260611010004106","global_incident:platform_regulation:naver:platform_regulation","action_started","general","47.0","published_today+today_date_action+exclusive_breaking","google_rss_v32_competitor_portfolio_refill"
"2026-06-11","정부_국회","5","방미통위-과기정통부, AI·미디어 분야 협력...정책협의체 출범","YTN 사이언스","https://m.science.ytn.co.kr/program/view_today.php?s_mcd=0082&key=202606111600234523","government_ai_core_policy:방미통위 과기정통부 ai 미디어 분야 협력 정책협의체 출범","government_ai_core_policy","본문추출성공","문제","방미통위 과기정통부 ai 미디어 분야 협력 정책협의체 출범","https://m.science.ytn.co.kr/program/view_today.php?s_mcd=0082&key=202606111600234523","2026년 06월 11일 오전 09:00 방송미디어통신위원회와 과학기술정보통신부가 인공지능·미디어 산업 육성, 이용자 보호를 위한 차관급 정책협의체를 출범시켰음. 방미통위와 과기정통부는 서울 광화문 KT 빌딩에서 정책협의회 착수회의를 열고 업무 협력 방안을 논의했음.","https://m.science.ytn.co.kr/program/view_today.php?s_mcd=0082&key=202606111600234523","global_incident:platform_regulation:kt:platform_data_protection_obligation","action_started","direct_risk","42.0","published_today+today_date_action","google_rss_v32_competitor_portfolio_refill"
"2026-06-11","정부_국회","6","방미통위·국방부, 군장병 AI·미디어 교육 확대 협약","디지털투데이","https://www.digitaltoday.co.kr/news/articleView.html?idxno=674281","government_ai_core_policy:방미통위 국방부 군장병 ai 미디어 교육 확대 협약","government_ai_core_policy","본문추출성공","문제","방미통위 국방부 군장병 ai 미디어 교육 확대 협약","https://www.digitaltoday.co.kr/news/articleView.html?idxno=674281","방미통위·국방부, 군장병 AI·미디어 교육 확대 협약 스크롤 이동 상태바 방미통위·국방부, 군장병 AI·미디어 교육 확대 협약 [디지털투데이 손슬기 기자] 방송미디어통신위원회와 국방부는 군장병 대상 인공지능(AI)·미디어 활용 교육을 연 4만여명 규모로 확대한다고 11일 밝힘. 양 기관은 이날 서울 국방부 청사에서 'AI·미디어 활용 역량 강화를 위한 업무협약'을 체결했음.","https://www.digitaltoday.co.kr/news/articleView.html?idxno=674281","global_incident:platform_regulation:platform_sector:platform_content_moderation_obligation","action_started","market_commentary","30.0","published_today+today_date_action+analysis_without_direct_event","google_rss_v32_competitor_portfolio_refill"
"2026-06-11","경쟁사_해외이슈","7","[속보] 개인정보위, 쿠팡에 과징금 6249억…역대 최고","네이트","https://news.nate.com/view/20260611n13754?mid=n0105","쿠팡 개인정보 유출 및 과징금 부과","개인정보 유출 및 제재","본문추출성공","문제","개인정보위 쿠팡에 과징금 6249억 역대 최고","https://news.nate.com/view/20260611n13754?mid=n0105","kmn@newsis.com 쿠팡은 개인정보 유출 사고와 정보주체 권리 침해 행위로 과징금 6246억8100만원, 과태료 1680만원을 부과받았음. 개인정보위는 쿠팡이 인증 서명키 관리와 접근통제 조치 등을 소홀히 해 회원 3322만명과 비회원 최소 433만명 등 총 3750여만명의 개인정보를 유출했으며 유출 통지·파기 의무 위반, 개인정보보호책임자(CPO) 독립성 보장 위반, 조사 방해 등도 확인됐다고 밝힘.","https://news.nate.com/view/20260611n13754?mid=n0105","v27:platform_enforcement:coupang:privacy_data_violation","penalty_or_sanction","official_action","29.0","published_today+exclusive_breaking","google_rss_v32_competitor_portfolio_refill"
"2026-06-11","경쟁사_해외이슈","8","[AI 이슈] 젠슨 황·샘 올트먼 이어…앤트로픽까지 찾는 ‘네이버 1784’의 위상","AI라이프경제","http://www.aifnlife.co.kr/news/articleView.html?idxno=27209","네이버 AI 1784","AI 기술 및 인프라","본문추출성공","문제","ai 이슈 젠슨 황 샘 올트먼 이어 앤트로픽까지 찾는 네이버 1784의 위상","http://www.aifnlife.co.kr/news/articleView.html?idxno=27209","엔비디아의 젠슨 황, 오픈AI의 샘 올트먼에 이어 글로벌 생성형 AI 강자 앤트로픽까지 네이버를 찾는음. 서울 오피스 개소를 앞둔 앤트로픽이 네이버 1784 사옥에서 국내 개발자들과 직접 만남을 예고하면서, “네이버의 인공지능(AI) 인프라를 향한 글로벌 빅테크의 관심이 커지는 분위기”라는 평가에 힘이 실리고 있음.","http://www.aifnlife.co.kr/news/articleView.html?idxno=27209","global_incident:platform_regulation:naver:platform_content_moderation_obligation","action_started","analysis_with_direct_risk","24.0","published_today","google_rss_v32_competitor_portfolio_refill"
"2026-06-11","산업동향","9","SKT, 앤트로픽 추가 투자… “상장 차익보다 협력 관계 이어갈 것” - 조선비즈","Chosunbiz","https://biz.chosun.com/it-science/ict/2026/06/10/M3LURKRRJNBSJGRYZUGF5UAJM4?outputType=amp","SKT-앤트로픽 투자","AI 투자 및 파트너십","본문추출성공","문제","skt 앤트로픽 추가 투자 상장 차익보다 협력 관계 이어갈 것","https://biz.chosun.com/it-science/ict/2026/06/10/M3LURKRRJNBSJGRYZUGF5UAJM4?outputType=amp","SK텔레콤이 앤트로픽에 추가 투자를 단행했음. 정재헌 SK텔레콤 최고경영자(CEO)는 10일 일본 도쿄에서 기자들과 만나 ""최근 앤트로픽에 추가 투자했다""며 ""초기 투자자였던 덕분에 추가 투자 기회를 얻어 참여했다""고 밝힘.","https://biz.chosun.com/it-science/ict/2026/06/10/M3LURKRRJNBSJGRYZUGF5UAJM4?outputType=amp","global_incident:ai_security_policy:skt:anthropic_glasswing_security","penalty_or_sanction","direct_risk","14.0","published_yesterday","google_rss_v32_competitor_portfolio_refill"
