카테고리,카테고리명,검색어,기사제목,언론사,정규언론사,게시일,RSS게시일,RSS요약,본문전문,본문글자수,본문추출방식,본문품질점수,본문품질사유,중요도점수,본문사용가능,본문정제적용,원래RSS링크,링크,랭킹점수,사건태그,사건단계,원문날짜,원문날짜출처,날짜검증결과,날짜후보수,대표선택점수,개인정보보안사건키,개인정보보안대표보너스,전역사건키,전역사건기본키,전역사건대표보너스,이슈패밀리,정책규제의무,자사홍보성,제외단계,v20_issue_id,v20_issue_group,수집검색어,수집원카테고리,수집JSON카테고리,Gemini판단카테고리,최종카테고리,최종카테고리명,본문상태,최종카테고리검증결과,링크상태,링크검증사유,본문정합성,v20_issue_family,v20_internal_category,v20_issue_score,v21_self_tier,v21_gov_tier,v21_competitor_tier,v21_competitor_scope,Gemini카테고리,Gemini내부카테고리,Gemini이슈유형,Gemini이슈그룹,Gemini중복그룹,Gemini관련성,Gemini중요도,Gemini대외협력중요도,Gemini관련도,Gemini판단사유,Gemini선정사유,선정단계,선정순서,v24대표기사정합성,v25한국정부국회근거,최종카테고리재배치
정부_국회,정부/국회,과학기술정보통신부,"[일지] 쿠팡, 개인정보 유출부터 개인정보위 과징금까지",연합뉴스,연합뉴스,"Thu, 11 Jun 2026 02:00:06 GMT","Thu, 11 Jun 2026 02:00:06 GMT","[일지] 쿠팡, 개인정보 유출부터 개인정보위 과징금까지 연합뉴스","(서울=연합뉴스) 차민지 기자 = 개인정보보호위원회는 약 3천750만명의 개인정보를 유출하고 약 1천117만명의 이용자 온라인 활동기록을 법적 근거 없이 수집한 쿠팡에 대해 과징금 6천246억8천100만원과 과태료 1천680만원을 부과하는 내용의 제재안을 지난 10일 의결했다고 11일 밝혔다. 개인정보위는 쿠팡이 인증서명키 관리와 접근통제 등 기본적인 안전조치 의무를 소홀히 해 대규모 개인정보 유출 사고를 초래했다고 판단했다. 이번 과징금은 개인정보위 출범 이후 최대 규모다. 다음은 쿠팡 개인정보 유출 사태부터 개인정보위 제재안 의결까지의 주요 일지. ▲ 11월 18∼20일 = 쿠팡, 18일 고객 개인정보 비인가 조회 확인. 20일 4천500명 개인정보 노출 공지. ▲ 11월 29일 = 쿠팡, 4천500명에서 3천370만명 고객 개인정보 노출로 정정. 정부, 민관합동조사단 구성 및 경찰 수사 착수. ▲ 11월 30일 = 박대준 쿠팡 대표 공개사과. ▲ 12월 2일 = 박대준 대표, 국회 과학기술정보방송통신위원회 긴급 현안질의 출석. ▲ 12월 3일 = 박대준 대표, 국회 정무위원회 긴급 현안질의 출석. 개인정보위, 쿠팡에 개인정보 '노출' 통지를 '유출' 통지로 수정하고, 유출 항목을 빠짐없이 반영해 재통지하라고 요구 ▲ 12월 10일 = 박대준 쿠팡 대표 사임, 해롤드 로저스 쿠팡Inc. 최고관리책임자(CAO) 겸 법무총괄을 임시 대표로 선임. 개인정보위, 쿠팡에 제3자 불법 접속에 대한 손해배상 면책 조항을 정비하고 회원탈퇴 절차를 간소화하라고 요구. ▲ 12월 17일 = 국회 과방위 쿠팡 청문회. 김범석 쿠팡Inc. 의장 등 핵심 증인 불출석, 외국인 증인만 출석. ▲ 12월 18일 = 정부, 쿠팡 유출 대응 범부처 태스크포스(TF) 구성 ▲ 12월 25일 = 쿠팡, 맨디언트 등 외부 보안업체 포렌식을 토대로 자체조사 결과 발표. 유출자가 탈취한 보안 키를 사용해 3천300만개 계정에 접근했으나, 이중 약 3천개 계정의 고객 정보만 저장했다고 주장. ▲ 12월 28일 = 김범석 의장, 개인정보 유출 사태 관련 서면으로 첫 사과 ▲ 12월 29일 = 쿠팡, 보상안 발표. 유출 계정에 1인당 5만원 상당 구매이용권(총 1조6천850억원 규모) 지급. ▲ 12월 30∼31일 = 국회 과방위 주도 6개 상임위 연석청문회. 김범석 의장 등 이틀 연속 불출석. ▲ 12월 31일 = 과방위, 박대준 쿠팡 전 대표, 김범석 의장, 해롤드 로저스 쿠팡 임시대표 등 전·현직 임원 7명 국회증언감정법 위반 혐의 고발 의결. ▲ 1월 14일 = 개인정보위, 쿠팡에 자체조사 결과 앱·홈페이지 공지 즉각 중단 요구. ▲ 1월 15일 = 쿠팡, 유출 고객 3천370만명에 5만원 상당 구매이용권 보상 순차 지급 시작. ▲ 1월 22일 = 쿠팡Inc. 주주 그린옥스·알티미터, 미국 무역대표부(USTR)에 무역법 301조 조사 청원. ""한국이 제한적 규모의 개인정보 유출을 구실로 범정부 차원에서 쿠팡을 공격하는 부당·차별적 조치""라고 주장. ▲ 1월 30일 = 해롤드 로저스 쿠팡 임시대표, '셀프조사'로 증거인멸 혐의 경찰 출석 ▲ 2월 3일 = 박대준 쿠팡 전 대표, 국회 위증 혐의 경찰 출석 ▲ 2월 5일 = 쿠팡, 기존 3천370만명 유출 외 16만5천명 개인정보 추가 유출 발표. ▲ 2월 6일 = 해롤드 로저스 쿠팡 임시대표, 국회 위증 혐의 경찰 출석 ▲ 2월 10일 = 과기정통부 민관합동조사단 최종 조사결과 발표. 성명·이메일 등 3천367만여건 유출, 배송지 목록 페이지 1억4천만여회 조회, 공동현관 비밀번호 5만여회 조회 등 확인. ▲ 2월 12일 = '징벌적 과징금' 특례 담은 개인정보보호법 개정안 본회의 통과. 고의·중과실에 따른 대규모 개인정보 유출 시 전체 매출액의 최대 10%까지 과징금 부과 가능. ▲ 2월 23일 = 해롤드 로저스 쿠팡 임시대표, 미 하원 법사위원회 회의장서 비공개 증언. ▲ 2월 25일 = 쿠팡Inc., 대만 고객 약 20만명 개인정보 추가 유출 공개. ▲ 2월 27일 = 김범석 의장, 실적 콘퍼런스콜에서 개인정보 유출 육성 사과 ▲ 3월 9일 = 그린옥스·알티미터, 무역법 301조 조사 청원 철회. ▲ 4월 초 = 개인정보위, 쿠팡에 개인정보보호법 위반 처분 사전통지서 발송. ▲ 6월 9일 = 박대준 쿠팡 전 대표, 국회 위증 혐의 경찰 2차 출석 ▲ 6월 10일 = 개인정보위 전체회의, 쿠팡 제재안 의결. 쿠팡에 과징금 6천246억8천100만원과 과태료 1천680만원 부과. 쿠팡풀필먼트서비스에는 과징금 2억4천800만원 부과. 2026/06/11 11:00 송고 2026년06월11일 11시00분 송고 [월드컵] 한산한 관중석…FIFA 비싼 티켓값 역풍 맞나 '의식불명 투병 3년' 태국 공주, 별세…""병세 악화"" 부부싸움 중 아내 몸에 불붙여…70대 살인 혐의로 징역 16년 金여사 ""세계청년대회, 뜻깊은 축제…세계 청년 품어안는 시간"" 어린이날 전날 인천 공원서 2살 아이 폭행한 60대 송치 '음주운전 사고' 키움 이용규, 불명예 은퇴…""잘못 반성"" 워싱턴 한복판에 등장한 '8647'…트럼프 반대 암호에 당국 수사 ""15년간 정신수련하듯…"" 조용히 스페이스X 베팅해 30조원 잭팟 1 / 2 [영상] 급반전 트럼프…""이란 박살"" → ""이란과 훌륭한 합의"" [영상] 100문 또 100문에 300문 더…인도군, K9 자주포 추가도입 추진 [영상] 쓰러진 남성 CPR 하던 중국 경찰…한국 간호사들이 막은 이유 기관총 16정 동시에 '드르륵'…러시아 신형 방공망 '주브르' K9 자주포 잘 나가네!…인도군, 300문 추가 도입 추진 [월드컵] 한산한 관중석…FIFA 비싼 티켓값 역풍 맞나 '의식불명 투병 3년' 태국 공주, 별세…""병세 악화"" 부부싸움 중 아내 몸에 불붙여…70대 살인 혐의로 징역 16년 金여사 ""세계청년대회, 뜻깊은 축제…세계 청년 품어안는 시간"" 어린이날 전날 인천 공원서 2살 아이 폭행한 60대 송치 '음주운전 사고' 키움 이용규, 불명예 은퇴…""잘못 반성"" 워싱턴 한복판에 등장한 '8647'…트럼프 반대 암호에 당국 수사 ""15년간 정신수련하듯…"" 조용히 스페이스X 베팅해 30조원 잭팟 1 / 2 [월드컵] 한산한 관중석…FIFA 비싼 티켓값 역풍 맞나 '의식불명 투병 3년' 태국 공주, 별세…""병세 악화"" 부부싸움 중 아내 몸에 불붙여…70대 살인 혐의로 징역 16년 金여사 ""세계청년대회, 뜻깊은 축제…세계 청년 품어안는 시간"" 어린이날 전날 인천 공원서 2살 아이 폭행한 60대 송치 '음주운전 사고' 키움 이용규, 불명예 은퇴…""잘못 반성"" 워싱턴 한복판에 등장한 '8647'…트럼프 반대 암호에 당국 수사 ""15년간 정신수련하듯…"" 조용히 스페이스X 베팅해 30조원 잭팟 [영상] 급반전 트럼프…""이란 박살"" → ""이란과 훌륭한 합의"" [영상] 100문 또 100문에 300문 더…인도군, K9 자주포 추가도입 추진 [영상] 쓰러진 남성 CPR 하던 중국 경찰…한국 간호사들이 막은 이유 [영상] 급반전 트럼프…""이란 박살"" → ""이란과 훌륭한 합의"" [영상] 100문 또 100문에 300문 더…인도군, K9 자주포 추가도입 추진 [영상] 쓰러진 남성 CPR 하던 중국 경찰…한국 간호사들이 막은 이유 기관총 16정 동시에 '드르륵'…러시아 신형 방공망 '주브르' K9 자주포 잘 나가네!…인도군, 300문 추가 도입 추진 기관총 16정 동시에 '드르륵'…러시아 신형 방공망 '주브르' K9 자주포 잘 나가네!…인도군, 300문 추가 도입 추진",3683,bs4_selector,0.0,self_pr_promo_low_ceo_priority,125.5,False,False,https://news.google.com/rss/articles/CBMiYEFVX3lxTFBndU5VaVdkNFUwcmh2M0pFSjFSVTVFN1VxR3VuMDdfaE1NMFBwdTV6N1pwZm8yV1dpejBFTnhfaXc3VVNlY2tlV1JhSTJvbDRzOEpZNWFLVUpJTWN0VXdrb9IBYEFVX3lxTFBndU5VaVdkNFUwcmh2M0pFSjFSVTVFN1VxR3VuMDdfaE1NMFBwdTV6N1pwZm8yV1dpejBFTnhfaXc3VVNlY2tlV1JhSTJvbDRzOEpZNWFLVUpJTWN0VXdrbw?oc=5,https://www.yna.co.kr/amp/view/AKR20260611044500530,223.6,"antitrust_platform,leadership_change,legal_regulatory_enforcement,phishing_security,platform_obligation,policy_legislation,privacy_security_reliability",antitrust_coupang_identity,2026-06-11,json_ld:datePublished,original_date_recent,9.0,155.85,privacy_security:coupang:data_leak:sanction_or_penalty,77.0,global_incident:platform_enforcement:coupang:privacy_data_violation:sanction_penalty,global_incident:platform_enforcement:coupang:privacy_data_violation,6.0,self:pr_promo,Y,Y,issue_representative_attempt,I002,쿠팡 개인정보 유출 과징금,과학기술정보통신부,정부/국회,정부_국회,정부_국회,정부_국회,정부/국회,,,,,,,,,,,,,,,,,,,,,,,,,,,,
정부_국회,정부/국회,방송미디어통신위원회,"네이버·카카오·구글, 불법촬영 영상·사진 모두 차단해야… 7월부터 삭제 대상 확대",여성신문,,"Thu, 11 Jun 2026 04:59:45 GMT",,"네이버·카카오·구글, 불법촬영 영상·사진 모두 차단해야… 7월부터 삭제 대상 확대 여성신문",,0,v24_pre_body_guardrail,-100.0,never_allow_title_only_low_value_or_caption,,False,,https://news.google.com/rss/articles/CBMib0FVX3lxTE5tVXpCbV8zSmVhMnJoYzdSZUtFcGN6YkROOHg0UEsyTS14SllmTVo4NTNLRWlHQXlaeDhNZmRwT3NHVXdQakVCMmhWM09QMXJrWmx5SWVEanZXMUpTX1R1WmpGbUk4UUV5LW84MjI5TdIBc0FVX3lxTE9YRDUxR2c4akZHM0htVFlPRGV3YlFyWnJFZ1FPODQ1d3N0RkMxclRJNWVOakY0MFBoak80VTd6WkhoeUdJYWZfMW5SSnREUkVFZTU5Zm1VZ3gtNmlGOVIycjhWdGdnM2JUME1rZEoxeUUtc0U?oc=5,https://news.google.com/rss/articles/CBMib0FVX3lxTE5tVXpCbV8zSmVhMnJoYzdSZUtFcGN6YkROOHg0UEsyTS14SllmTVo4NTNLRWlHQXlaeDhNZmRwT3NHVXdQakVCMmhWM09QMXJrWmx5SWVEanZXMUpTX1R1WmpGbUk4UUV5LW84MjI5TdIBc0FVX3lxTE9YRDUxR2c4akZHM0htVFlPRGV3YlFyWnJFZ1FPODQ1d3N0RkMxclRJNWVOakY0MFBoak80VTd6WkhoeUdJYWZfMW5SSnREUkVFZTU5Zm1VZ3gtNmlGOVIycjhWdGdnM2JUME1rZEoxeUUtc0U?oc=5,,,,,,,,,,,,,,,,,issue_representative_attempt,I056,플랫폼 불법촬영 이미지 차단 의무 확대,방송미디어통신위원회,정부/국회,정부_국회,정부_국회,정부_국회,정부/국회,최종금지_대체필요,fail:never_allow_title_only,,,,,,,,,,,,,,,,,,,,,,,,,,
정부_국회,정부/국회,공정거래위원회,플랫폼 규제 고삐 죄는 공정위…주병기 위원장 “정산보호 입법 지원” [현장+],쿠키뉴스,쿠키뉴스,"Thu, 11 Jun 2026 06:29:27 GMT","Thu, 11 Jun 2026 06:29:27 GMT",플랫폼 규제 고삐 죄는 공정위…주병기 위원장 “정산보호 입법 지원” [현장+] 쿠키뉴스,"주병기 공정거래위원장이 제25차 국제경쟁네트워크 연차총회 전체회의에서 발표를 진행하고 있다. 이다빈 기자 공정거래위원회가 플랫폼 산업에 대한 규율을 지속 강화한다. 정산대금 보호와 소비자 피해 책임 확대, 다크패턴 규제 등을 포함한 입법 지원을 통해 플랫폼 공정성 확보 방안을 모색한다는 방침이다. 이밖에 과징금 상향과 형벌 체계 정비를 포함한 경쟁법 집행 전면 개편에도 나선다. 주병기 공정거래위원장은 6일 필리핀 마닐라 메리어트 호텔에서 열린 ‘제25차 국제경쟁네트워크(ICN, International Competition Network) 연차총회’ 전체회의 발표에서 “독과점과 착취적 관행의 폐해를 예방하고, 연구개발 투자와 혁신이 지속되려면 경쟁 압력을 높이는 경쟁당국의 역할이 그 어느 때보다 중요한 시점”며 경쟁당국의 법 집행 체계 개편과 디지털 경제 대응, 사적 집행 확대 등 주요 전략 방향을 제시했다. 이 가운데 플랫폼 시장을 둘러싼 공정성 확보 방안이 핵심 과제로 제시됐다. 주 위원장은 “플랫폼 경제의 납품 사업자, 소비자 등 플랫폼 이용자를 보호하고 플랫폼의 착취적 불공정 행위를 예방할 수 있는 입법이 필요하다”며 제도적 장치 마련 필요성을 밝혔다. 이를 위해 공정위는 플랫폼 정산대금 보호를 핵심으로 관련 입법을 지원하고, 플랫폼의 책임 범위도 넓힌다. 주 위원장은 “플랫폼 입점 소상공인의 거래 안전성을 강화하기 위해 정산대금 보호 등을 내용으로 하는 국회의 입법을 지원할 계획”이라며 “플랫폼이 단순 중개를 넘어 실질적인 판매자처럼 활동한다면 소비자 피해에 대해 공동 책임을 지도록 할 예정”이라고 말했다. 플랫폼의 ‘다크패턴’ 등 소비자 기만 행위에 대한 규제도 강화된다. 그는 “과거의 관행적인 소액 과태료 부과 대신, 피해 규모에 상응하는 경제적 제재를 부과해 플랫폼이 소비자를 기만·유인하는 행위를 근본적으로 억제할 계획”이라고 밝혔다. 이외에도 경쟁법 집행의 실효성을 높이기 위한 전략으로 ‘기민하고 강력한 법 집행 체계 구축’을 전략으로 제시했다. 공정위는 법 위반 행위에 대한 경제적 제재를 대폭 강화할 예정이다. 시장지배력 남용 시 과징금 상한을 현행 매출액의 최대 6%에서 20% 수준으로 높이고, 담합 등 주요 위반 행위의 과징금 하한과 반복 법위반 가중치도 상향한다는 방침이다. 일반 담합은 과징금 부과율 하한은 기존 0.5%에서 10%, 중대 담합은 3%에서 15%, 매우 중대 담합은 10.5%에서 18%까지 하한을 개정한다. 조사 불응 행위에 대해서도 전체 매출에 상응하는 과징금을 도입함으로써 조사권을 강화한다. 주 위원장은 “법 위반 행위에 대한 경제적 제재를 부당 이익을 현저히 초과하는 수준으로 강화하고 규정 개정을 통해 법 위반 억제력을 충분히 확보하는 수준의 경제적 제재가 이루어지도록 할 것”이라며 “강화된 과징금을 재원으로 불공정거래 피해 구제 기금을 조성해 경제적 약자와 소비자의 피해 구제를 지원할 수 있도록 할 것”이라고 강조했다. 또 실효성 없는 과도한 형벌 규정은 정비하고 신고포상금제를 활성화한다. 주 위원장은 “담합, 기술유용 등 중대 법위반 행위에 대한 형벌은 존치하되, 경영활동을 위축시키는 일반 불공정 행위에 대한 형벌은 폐지할 것”이라며 “이처럼 형벌의 선택과 집중을 통해정상적인 기업 활동을 위축시키지 않으면서도 중대 법 위반 행위에 대해서는 더욱 단호히 대처할 것”이라고 말했다. 이어 “은밀하게 발생하는 위법행위를 효과적으로 적발하기 위해 신고 포상금의 규모와 적용대상을 대폭 확대할 예정”이라고 설명했다. 이와 함께 공정위는 신속한 사건 처리를 위해 인력과 조직도 확충한다. 공정위는 올해 상임위원 1명을 포함해 총 167명을 증원해 조사, 경제분석, 심판관리 영역의 인력과 조직을 확대했다. 이를 통해 평균 15개월 수준인 사건 처리 기간을 8개월까지 40% 단축하겠다는 목표다. 주 위원장은 세 번째 전략으로 ‘사적 집행 확대 및 단체협상력 강화’를 제시했다. 공정위는 우선 피해자 중심의 구제 수단을 확대한다. 기술탈취 등 악의적 불공정행위에 대해서는 ‘한국형 증거개시제도(K-디스커버리)’를 도입해 피해자의 입증 부담을 낮추고, 소비자들이 집단으로 손해배상을 청구할 수 있는 제도 도입도 추진한다. 분쟁 해결 체계도 정비된다. 중소기업과 소상공인, 특수고용직 등 경제적 약자의 협상력 강화를 위한 제도 개선도 검토된다. 그는 “공정위 조사에 이르기 전 분쟁을 해결할 수 있도록 대체적 분쟁해결 수단을 활성화하기 위해 공정거래분쟁조정법 제정을 추진할 예정”이라고 말했다. 또 “중소기업, 소상공인, 특수고용직 등이 단체를 구성해 착취적 관행으로부터 스스로를 보호할 수 있도록 법 개정도 검토 중”이라며 “경제적 약자가 경제적 강자와 협상할 때, 개별 기업이 아닌 단체로 협상할 수 있도록 단체협상에 대해서는 담합 규정의 적용을 배제하는 방안을 마련하고 있다”고 밝혔다.",2391,newspaper3k,-10.0,date_failed:original_date_too_old>52h:2026-06-02,182.5,False,False,https://news.google.com/rss/articles/CBMiY0FVX3lxTE1vd1BXQXRiNF9oVEtLb1RfemlvbVlJV1IyX2ZBelViMjVZME1nZGNZMGVMSFItdFNFdkRlX3BudlZLQlgtdjRQU0hITG9iWHhYQlhzLVdURUs4NW1EWndRNFo3MA?oc=5,https://www.kukinews.com/article/view/kuk202605060134,102.6,"antitrust_platform,earnings,financial_performance,legal_regulatory_enforcement,market_power_platform,platform_obligation,policy_legislation",antitrust_collusion,2026-06-02,time_tag,original_date_too_old>52h,11.0,108.75,,37.0,global_incident:platform_regulation:fair_trade_authority:platform_algorithm_ad_obligation:litigation,global_incident:platform_regulation:fair_trade_authority:platform_algorithm_ad_obligation,56.0,government:platform_obligation,Y,,issue_representative_attempt,I087,공정위 플랫폼 규제 강화 및 정산보호 입법 지원,공정거래위원회,정부/국회,정부_국회,정부_국회,정부_국회,정부/국회,,,,,,,,,,,,,,,,,,,,,,,,,,,,
경쟁사_해외이슈,경쟁사/해외이슈,일본 빅테크,최태원 회장이 일본에 심은 'AI 팩토리'…해외 데이터센터가 가져올 거대한 경제적 잠재력,베타뉴스,베타뉴스,"Thu, 11 Jun 2026 05:39:57 GMT","Thu, 11 Jun 2026 05:39:57 GMT",최태원 회장이 일본에 심은 'AI 팩토리'…해외 데이터센터가 가져올 거대한 경제적 잠재력 베타뉴스,"▲ 한일특별세션 참석한 최태원 SK그룹 회장 ⓒ 연합뉴스 [베타뉴스=곽정일 기자] SK그룹이 일본에 인공지능(AI) 전용 차세대 데이터센터인 'AI 팩토리'를 구축하기로 선언하면서 재계의 이목이 쏠리고 있다. 최태원 SK그룹 회장이 직접 밝힌 이번 구상은 단순한 해외 시설 투자를 넘어, 전 세계가 사활을 걸고 있는 글로벌 AI 인프라 시장에서 SK가 퍼스트 무버(First Mover)로 도약하겠다는 승부수다. 업계에서는 이번 일본 AI 데이터센터 구축이 가져올 경제적 잠재력과 파급 효과에 주목하고 있다. AI 팩토리는 단순한 데이터 저장 공간이 아니다. 초거대 AI 모델을 학습시키고 구동하기 위해 엔비디아의 최첨단 그래픽처리장치(GPU)와 고대역폭메모리(HBM)를 집약한 핵심 인프라다. SK가 글로벌 AI 반도체 시장을 장악하고 있는 엔비디아와 손을 잡고 2028~2029년 가동을 목표로 해외에 이러한 전용 기지를 세운다는 것은, 향후 폭발적으로 성장할 아시아·태평양 지역 AI 서비스 마켓의 거점을 선점하겠다는 의미를 갖는다. 이번 투자의 경제적 잠재력은 크다. 우선 SK하이닉스의 차세대 HBM 등 그룹 내 핵심 반도체 물량을 자체 데이터센터 인프라에 공급함으로써 강력한 전방위 수직계열화 시너지를 기대할 수 있다. 반도체 제조를 넘어 인프라 운영, AI 서비스 유통까지 아우르는 거대한 거점형 'AI 생태계'가 완성되는 셈이다. 또한 일본 현지 빅테크 기업 및 정부 솔루션과의 연계를 통한 중장기적 매출 잠재력도 존재한다. 일본은 최근 정부와 민간 차원에서 디지털 전환(DX)과 AI 도입을 위해 막대한 예산을 투입하고 있으나 인프라 부족을 겪고 있다. SK가 구축할 고성능 'AI 팩토리'는 일본 내 클라우드 및 AI 데이터 연산 수요를 대거 흡수하며 막대한 플랫폼 운영 수익을 창출할 것으로 전망된다. 재계 관계자는 ""글로벌 AI 패권 경쟁이 격화되는 상황에서 해외에 직접 데이터센터 인프라를 구축하는 전략은 미래 먹거리 선점을 위한 가장 확실한 카드""라며 ""SK그룹의 이번 결정은 단순히 공장을 짓는 수준을 넘어, 향후 수십 조 원 규모로 성장할 글로벌 AI 서비스 시장의 주도권을 쥐기 위한 거대한 경제적 포석""이라고 평가했다. 베타뉴스 곽정일 기자(devine777@betanews.net)",1128,newspaper3k,66.0,representative_alignment_failed:expected_domestic_competitor_missing_overseas_general_ai_infra,63.0,True,False,https://news.google.com/rss/articles/CBMiZEFVX3lxTE56NkJBdUYwMzZDZGNaNFdvUnJsM1Qxd1ZyRUJGbmpUR1pMa2dXNlljTmE5allQM2g1Ql8tWERxamJTdUZTWVhqdmhuUTNOQXgxWUh4ZHFrZUN5eDJwb1VnM0wwWlM?oc=5,https://www.betanews.net/article/view/beta202606110053,199.5,"ai_infrastructure_security,aidc_datacenter,earnings,financial_performance,market_power_platform,policy_legislation",aidc_gpu_npu,2026-06-11,json_ld:datePublished,original_date_recent,9.0,142.5,,7.0,global_incident:platform_regulation:platform_sector:platform_regulation:general,global_incident:platform_regulation:platform_sector:platform_regulation,0.0,,,,issue_representative_alignment,I026,SK 최태원 회장 일본 AI 팩토리 구축 전략,일본 빅테크,경쟁사/해외이슈,경쟁사_해외이슈,경쟁사_해외이슈,경쟁사_해외이슈,경쟁사/해외이슈,본문추출성공,pass:competitor_guardrail_pass,ok,http_200,body_valid,AI 인프라 투자,COMPETITOR_AI_STRATEGY,367.0,,OFF_TOPIC,COMP_DOMESTIC_AI_PLATFORM,domestic,경쟁사_해외이슈,COMPETITOR_AI_STRATEGY,AI 인프라 투자,SK 최태원 회장 일본 AI 팩토리 구축 전략,SK 최태원 회장 일본 AI 팩토리 구축 전략,"SK 최태원 회장의 일본 'AI 팩토리' 구축은 국내 대기업의 글로벌 AI 인프라 투자 및 AI 산업 생태계 확장 전략을 보여주며, 카카오의 AI 인프라 및 해외 사업 전략 수립에 참고할 수 있다.",2.0,2.0,2.0,국내 대기업인 SK의 해외 AI 인프라 투자 사례는 카카오의 AI 전략 및 글로벌 시장 경쟁력 확보에 중요한 시사점을 제공한다.,"SK그룹이 일본에 'AI 팩토리'를 구축하는 등 국내 주요 기업들이 AI 반도체 및 데이터센터 확보를 위해 글로벌 공급망 재편에 나서고 있습니다. 이는 AI 산업의 핵심 인프라 경쟁 동향을 보여주는 구조적 변화로, 카카오의 AI 인프라 확보 전략에 시사점을 제공합니다.",issue_selected,6.0,fail:expected_domestic_competitor_missing_overseas_general_ai_infra,,
경쟁사_해외이슈,경쟁사/해외이슈,일본 빅테크,"최태원 SK 회장, 일본에 ‘AI 팩토리’ 구축… 글로벌 공급망 재편에 나서",폴리타임즈,폴리타임즈,"Thu, 11 Jun 2026 10:30:41 GMT","Thu, 11 Jun 2026 10:30:41 GMT","최태원 SK 회장, 일본에 ‘AI 팩토리’ 구축… 글로벌 공급망 재편에 나서 폴리타임즈","지난 9일 도쿄 제국호텔에서 열린 ‘닛케이포럼’에 참석한 최태원 SK그룹 회장이 새로운 한일 경제 연대의 청사진을 내놓았다. 현지 특파원들과의 간담회에서 국내외를 아우르는 생산 기지 다각화 전략을 밝힌 최 회장은, 이어진 니혼게이자이신문 인터뷰를 통해 일본이 첫 해외 AI 전략 거점임을 밝혔다. 2028년 일본 내 ‘AI 팩토리’ 구축과 해외 반도체 공장 후보지로 일본을 공식 거론한 이번 행보는 SK의 글로벌 공급망 전략이 하드웨어 제조를 넘어 AI 인프라 전반으로 재편되었음을 시사한다. 닛케이포럼 '한일특별세션'에 참석해 한일 경제연대의 필요성과 구체적인 청사진을 강조하고 있는 최태원 회장 [사진=SK제공] ■ 일본, 차세대 AI 데이터센터(AI 팩토리)의 첫 해외 거점 최 회장이 구상 중인 ‘AI 팩토리’는 단순한 데이터센터가 아니다. 이는 데이터 학습과 추론에 특화된 AI 전용 연산 기지로, SK하이닉스의 고대역폭메모리(HBM)와 엔비디아의 그래픽처리장치(GPU)를 결합한 인프라다. SK는 2027년 한국에서 첫 AI 팩토리를 가동한 뒤, 이를 아시아 전역으로 확대한다는 계획을 가지고 있는데, 이번 인터뷰를 통해 그 첫 해외 진출지가 일본으로 낙점됐음이 확인됐다. 최 회장은 일본을 선택한 이유로 반도체 및 AI 생태계의 완성도를 꼽았다. 그는 “일본은 반도체 장비와 소재 기업이 집적돼 있어 생태계가 완벽하다”며 “AI를 활용해 생산 효율을 높이려는 일본 기업들의 수요가 많아, 우리 기술력을 선보이는 쇼케이스 역할을 할 것”이라고 설명했다. 현재 SK는 일본 현지 기업들과 2028~2029년 가동을 목표로 논의를 이어가고 있다. 다만 구체적인 부지 선정과 관련해서는 ""아직 어디에 지을지 특정 장소를 확정한 상태는 아니다""라며, 파트너 기업들과 함께 최적의 입지를 다각도로 검토 중임을 밝혔다. 현재 SK는 기가와트(GW)급 전력 확보 방안 등을 중점적으로 조율하고 있다. 2026 대만 컴퓨텍스 SK하이닉스 부스에 마련된 'AI 팩토리 존'. AI 연산의 핵심 기지인 'AI 팩토리'의 비전이 SK하이닉스의 하드웨어(HBM 등)와 어떻게 결합되어 구현되는지를 시각적으로 보여준다. [사진=SK제공] ■ 해외 생산 기지 다각화, ‘선택’이 아닌 ‘필수’ 최 회장의 발언은 국내 투자 위축 우려를 불식시키며, 철저히 실리 중심의 생산 거점 다변화를 표방한다. 그는 “용인을 제대로 짓는 것이 가장 중요하다”며 국내 클러스터가 핵심임을 분명히 했다. 다만 용인 4기 이후의 수요 폭증에 대비해 미리 준비해야 한다는 숙제를 언급하며, 생산 시설의 다각화가 불가피함을 시사했다. 최 회장은 “무조건 한국에만 고집하지 않겠다”며 인프라(전력·용수·인력)가 뒷받침되는 곳이라면 어디든 공장을 건설할 수 있다는 실용주의적 입장을 견지했다. 즉, 국내의 ‘핵심 제조 기지’와 해외의 ‘AI 인프라 거점’을 분리·운영하여 지정학적 리스크를 줄이고 공급망 안정성을 확보하겠다는 계산이다. 일본은 이 전략에서 반도체 핵심 소재·장비의 안정적 수급을 돕는 대체 불가능한 파트너로 평가된다. 닛케이포럼 '한일특별세션'에서 최태원 SK그룹 회장이 패널들과 함께 '복잡해지는 국제정세 속 한일의 지향점'을 주제로 토론하고 있다. [사진=SK제공] ■ 한일 기술 동맹, 7조 달러 경제권의 청사진 최 회장은 이번 포럼 내내 ‘한일 경제연대’의 당위성을 강조했다. 저출산과 고령화, 에너지 불안정 등 양국이 겪고 있는 공통의 난제들을 개별 국가 차원이 아닌 통합 경제권 안에서 풀어가자는 것이다. 특히 최 회장은 “반도체와 AI는 우리 생존을 위한 비상 상황”이라며, 단순히 생산 설비를 교환하는 수준을 넘어 양국 정부와 기업, 학계가 함께 참여하는 ‘빅 텐트(Big Tent)’ 형태의 상설 플랫폼 구축을 제안했다. 반도체 수익의 근본 원인이 AI에 있는 만큼, 엔비디아와 같은 글로벌 빅테크와의 협력을 한일 양국이 공동으로 대응해 규모의 경제를 확보해야 한다는 판단이다. 나아가 최 회장은 양국의 경제 규모(단순 합산 6조 달러)에 1조 달러 상당의 시너지 효과를 더한 ‘7조 달러 경제권’ 구축을 공식 제안하며, 이 상설 플랫폼을 통해 정례적으로 협력 과제를 논의하고 실질적인 성과를 도출하자고 역설했다. 최 회장의 이번 행보는 단순한 기업 투자를 넘어, 한국의 메모리 반도체 경쟁력과 일본의 소재, 부품, 장비 생태계를 결합하여 미국과 중국이 주도하는 AI 기술 패권 시대에 새로운 ‘룰 메이커’로 자리 잡겠다는 구상을 담고 있다. 2026 대만 컴퓨텍스에서 SK하이닉스 전시 부스를 방문한 젠슨 황 엔비디아 CEO와 최태원 회장. 젠슨 황 CEO가 SK하이닉스의 HBM 웨이퍼에 직접 친필 사인을 남기는 장면으로, 양사의 긴밀한 기술 협력 관계와 두 리더의 깊은 신뢰를 상징적으로 보여준다. [사진=SK제공] ■ 상생을 향한 실천, 키옥시아 사례가 보여주는 미래 이러한 기술 동맹은 ‘이익의 선순환’을 통해 완성된다. 최 회장은 국내에서 불거진 수익 환원논란에 대해 “수익은 이해관계자를 행복하게 만드는 데 쓰여야 한다”며, 키옥시아 투자 성과를 일본 현지에 재투자할 가능성을 시사했다. 그는 “어디서 돈을 벌었다고 다 가져가 버리면 상대가 싫어할 것”이라며 한국과 일본이 서로의 강점을 결합해 지속 가능한 경제 공동체로 나아가야 한다는 원칙을 재확인했다. 2028년 일본에 들어설 AI 팩토리는 단순한 투자 그 이상의 의미를 갖는다. SK가 제시한 이번 로드맵이 한국과 일본이 기술과 자본의 선순환을 만드는 실질적인 기술 동맹의 신호탄이 될지 업계의 이목이 쏠리고 있다.",2730,newspaper3k,84.0,representative_alignment_failed:expected_domestic_competitor_missing_overseas_general_ai_infra,107.0,True,False,https://news.google.com/rss/articles/CBMia0FVX3lxTE0yb09tYjU3dDNyXzl4Q2p0N0Uxd1l1b3k1MW81Y21FN3lQUEU0TXVFN05lbXJLblFLZWV2Mmc0bmN2Q1lSWHdkYmNWUHNJaWIycDQyajJVZ1M2aXRKYmpORDU4Z1I1Sk1SWTdJ?oc=5,https://www.polytimes.co.kr/news/articleView.html?idxno=590,196.5,"ai_infrastructure_security,aidc_datacenter,platform_obligation,policy_legislation",aidc_law_power,2026-06-11,json_ld:datePublished,original_date_recent,6.0,199.5,,7.0,global_incident:platform_regulation:platform_sector:platform_data_protection_obligation:policy_change,global_incident:platform_regulation:platform_sector:platform_data_protection_obligation,32.0,government:platform_obligation,Y,,issue_representative_alignment,I026,SK 최태원 회장 일본 AI 팩토리 구축 전략,일본 빅테크,경쟁사/해외이슈,경쟁사_해외이슈,경쟁사_해외이슈,경쟁사_해외이슈,경쟁사/해외이슈,본문추출성공,pass:competitor_guardrail_pass,ok,http_200,body_valid,AI 인프라 투자,COMPETITOR_AI_STRATEGY,367.0,,OFF_TOPIC,COMP_DOMESTIC_AI_PLATFORM,domestic,경쟁사_해외이슈,COMPETITOR_AI_STRATEGY,AI 인프라 투자,SK 최태원 회장 일본 AI 팩토리 구축 전략,SK 최태원 회장 일본 AI 팩토리 구축 전략,"SK 최태원 회장의 일본 'AI 팩토리' 구축은 국내 대기업의 글로벌 AI 인프라 투자 및 AI 산업 생태계 확장 전략을 보여주며, 카카오의 AI 인프라 및 해외 사업 전략 수립에 참고할 수 있다.",2.0,2.0,2.0,국내 대기업인 SK의 해외 AI 인프라 투자 사례는 카카오의 AI 전략 및 글로벌 시장 경쟁력 확보에 중요한 시사점을 제공한다.,"SK그룹이 일본에 'AI 팩토리'를 구축하는 등 국내 주요 기업들이 AI 반도체 및 데이터센터 확보를 위해 글로벌 공급망 재편에 나서고 있습니다. 이는 AI 산업의 핵심 인프라 경쟁 동향을 보여주는 구조적 변화로, 카카오의 AI 인프라 확보 전략에 시사점을 제공합니다.",issue_selected,6.0,fail:expected_domestic_competitor_missing_overseas_general_ai_infra,,
경쟁사_해외이슈,경쟁사/해외이슈,방송미디어통신위원회,"방미통위, 주민번호·CI 분리 보관 내년 1월 시행... 당초 계획보다 4개월 앞당겨",보안뉴스,보안뉴스,"Fri, 12 Jun 2026 06:08:00 GMT","Fri, 12 Jun 2026 06:08:00 GMT","방미통위, 주민번호·CI 분리 보관 내년 1월 시행... 당초 계획보다 4개월 앞당겨 보안뉴스","방미통위, 주민번호·CI 분리 보관 내년 1월 시행... 당초 계획보다 4개월 앞당겨 2026-06-12 15:08 방미통위, 주민번호·CI 분리 보관 내년 1월 시행... 당초 계획보다 4개월 앞당겨 가 + 가 - http://www.boannews.com/media/view.asp?idx=144090 URL을 길게 누르면 복사하실 수 있습니다. 샤이니헌터스, 오라클 제로데이 취약점 악용... 세... “인증 맹신 버려라”... ISMS-P 개편, 양자... 한국소프트웨어저작권협회·한국소프트웨어감정평가학회, ... 무너진 코드 신뢰, SBOM 확장으로 잡는다... ... “대학 63% 생성형 AI 도입했지만 인프라·인력·... LIG D&A, 국내 최초 ‘방산 에이전틱 AI 공... [PIS FAIR 2026 미리보기] 스냅태그, ‘... [속담으로 배우는 100가지 보안 습관 37] 믿는... [단독] 솔루션 유지보수 바이텍시스템 랜섬웨어 감염... 삼성 등 고객사 정보 유출 전 세계 윈도우 서버가 표적... ‘Netlogon’ 제로클릭 취약점 티빙 사태, DB 유출보다 깃허브에 주목할 이유 삼성 ‘AI 대전환’ 본격화... 全 계열사 AI 보안 인재 확보 총력전 인포트렌드, CCTV·보안 분석 등 실사용 환경에 최적화된 타워형·랙형 서버 공개 [카드뉴스] “해킹 아니라 업데이트인데 수술실 마비?”… 미 FDA 패치 의무화가 부른 병원 전산망의 역설 샤이니헌터스, 오라클 제로데이 취약점 악용... 세계 교육기관 100여곳 공격 “인증 맹신 버려라”... ISMS-P 개편, 양자 보안 위협 속 차세대 생존법 스콥정보통신, ‘인터롭 도쿄2026’ 참가... ‘IP스캔 NAC’로 일본 보안 시장 공략 MS 깃허브 저장소 73곳 감염... ‘미아스마’ 웜 공급망 공격 비상 美 CISA, AI 해킹 위협에 사이버보안 조치 시한 3일로 단축 [해킹 뉴노멀-5] 대통령실서 돌아온 신용석 CISO의 9개월은?... ‘선제적 자율보안’ 실천 CU 택배 전산망 뚫렸다... BGF네트웍스, 웹 취약점 해킹으로 CI 등 유출 [디지털 문단속] #3. 방치된 공유기, 해커의 놀이터 된다... “펌웨어 업데이트 필수”",1078,bs4_selector,86.0,relevance_failed:v27_korean_official_enforcement_should_be_gov,92.5,True,False,https://news.google.com/rss/articles/CBMibkFVX3lxTE10bnFoSDBJbHRsTlBhMC1jWnpxdDYxQjRzckJOSHBHZXhQTnd4MzhuTWVOYU94OFlvdnpQQTA1Q0k0NHc4am8wMm53UWJTb0tLZDltQ3NRTENORDJFcENVbVFlZGM0dzl4enFxM2N3?oc=5,https://m.boannews.com/html/detail.html?tab_type=1&idx=144090,108.6,"ai_agent,ai_infrastructure_security,copyright_ai,kim_beomsoo_trial,phishing_security,platform_obligation,privacy_security_reliability",security_hacking_incident,2026-06-12,body_early_plain_date,original_date_recent,1.0,178.15,privacy_security:tving:data_leak:policy_change,70.0,global_incident:platform_enforcement:microsoft:privacy_data_violation:general,global_incident:platform_enforcement:microsoft:privacy_data_violation,32.0,government:platform_obligation,Y,,issue_representative_attempt,I080,방통위 주민번호·CI 분리 보관 시행 가속화,방송미디어통신위원회,정부/국회,정부_국회,정부_국회,경쟁사_해외이슈,경쟁사/해외이슈,본문추출성공,reassign:v26_2_foreign_policy_to_competitor_overseas,ok,http_200,body_valid,개인정보 보호,GOV_PLATFORM_REGULATION,133.5,,GOV_DIRECT_PLATFORM_OBLIGATION,,other,정부_국회,GOV_PLATFORM_REGULATION,개인정보 보호,방통위 주민번호·CI 분리 보관 시행 가속화,방통위 주민번호·CI 분리 보관 시행 가속화,"주민번호·CI 분리 보관 의무 시행 시기가 앞당겨짐에 따라 카카오는 개인정보 처리 시스템 및 데이터 관리 체계를 서둘러 점검하고 개선해야 하며, 이는 직접적인 시스템 변경 및 비용 부담으로 이어진다.",1.0,1.0,1.0,"플랫폼 사업자의 개인정보 처리 의무를 직접적으로 강화하는 정책 변화로, 카카오의 시스템 및 운영에 중대한 영향을 미친다. / v34_domestic_government_policy_forced_to_gov / v34_domestic_government_policy_forced_to_gov / v34_domestic_government_policy_forced_to_gov","방송통신위원회가 주민등록번호와 CI(연계정보)의 분리 보관 의무 시행을 4개월 앞당겼습니다. 개인정보 처리 시스템 변경이 불가피해, 카카오에 직접적인 개발 비용 및 컴플라이언스 대응 부담을 야기하는 규제입니다.",issue_selected,7.0,pass:representative_aligned,N:foreign_policy,정부_국회->경쟁사_해외이슈:v26_2_foreign_policy_to_competitor_overseas
경쟁사_해외이슈,경쟁사/해외이슈,네이버,"LX-네이버 이노베이션, 사우디 디지털트윈 행정서비스 개발 협력",뉴시스,뉴시스,"Thu, 11 Jun 2026 08:48:37 GMT","Thu, 11 Jun 2026 08:48:37 GMT","LX-네이버 이노베이션, 사우디 디지털트윈 행정서비스 개발 협력 뉴시스","LX-네이버 이노베이션, 사우디 디지털트윈 행정서비스 개발 협력 기사등록 2026/06/11 17:48:37 [서울=뉴시스] 네이버 이노베이션 야세르 알오바이단 최고경영자(CEO·左)와 한국국토정보공사(LX) 심병섭 공간정보본부장(右)이 10일(현지시간) 양해각서를 체결한 후 기념촬영을 하고 있다. (사진= LX 제공) [서울=뉴시스] 변해정 기자 = 한국국토정보공사(LX)가 네이버 이노베이션과 손잡고 사우디아라비아 디지털트윈 행정서비스 개발에 나선다. LX는 10일(현지시간) 네이버 이노베이션과 '디지털트윈 및 공간정보 분야 협력 강화를 위한 양해각서'(MOU)를 체결했다고 11일 밝혔다. 네이버 이노베이션은 사우디아라비아 전역의 주거와 도시 인프라를 디지털화 하기 위해 지난해 5월 네이버클라우드와 사우디 국립주택공사가 함께 설립한 합작법인이다. 양사는 이번 MOU에 따라 디지털트윈 기반 사업의 타당성 검토와 기술 협력체계 구축을 추진한다. 스마트시티·플랫폼·인공지능(AI) 분야 기술도 교류한다. LX는 또 사우디아라비아 현지 기업과의 협력을 강화해 도시·교통·주택·인프라 분야의 행정서비스 모델을 고도화한다. 향후 카타르·아랍에미네이트(UAE) 등 중동 인접국으로 협력 범위를 확대해 나간다는 복안이다. 심병섭 LX 공간정보본부장은 ""LX의 축적된 전문성을 바탕으로 사우디아라비아의 도시 문제 해결과 행정서비스 혁신을 지원할 것""이라며 ""중동을 비롯한 해외 시장에 한국형 디지털트윈 플랫폼 확산에도 기여하겠다""고 말했다. ◎공감언론 뉴시스 hjpyun@newsis.com LX-네이버 이노베이션, 사우디 디지털트윈 행정서비스 개발 협력 [서울=뉴시스] 네이버 이노베이션 야세르 알오바이단 최고경영자(CEO·左)와 한국국토정보공사(LX) 심병섭 공간정보본부장(右)이 10일(현지시간) 양해각서를 체결한 후 기념촬영을 하고 있다. (사진= LX 제공) [서울=뉴시스] 변해정 기자 = 한국국토정보공사(LX)가 네이버 이노베이션과 손잡고 사우디아라비아 디지털트윈 행정서비스 개발에 나선다. LX는 10일(현지시간) 네이버 이노베이션과 '디지털트윈 및 공간정보 분야 협력 강화를 위한 양해각서'(MOU)를 체결했다고 11일 밝혔다. 네이버 이노베이션은 사우디아라비아 전역의 주거와 도시 인프라를 디지털화 하기 위해 지난해 5월 네이버클라우드와 사우디 국립주택공사가 함께 설립한 합작법인이다. 양사는 이번 MOU에 따라 디지털트윈 기반 사업의 타당성 검토와 기술 협력체계 구축을 추진한다. 스마트시티·플랫폼·인공지능(AI) 분야 기술도 교류한다. LX는 또 사우디아라비아 현지 기업과의 협력을 강화해 도시·교통·주택·인프라 분야의 행정서비스 모델을 고도화한다. 향후 카타르·아랍에미네이트(UAE) 등 중동 인접국으로 협력 범위를 확대해 나간다는 복안이다. 심병섭 LX 공간정보본부장은 ""LX의 축적된 전문성을 바탕으로 사우디아라비아의 도시 문제 해결과 행정서비스 혁신을 지원할 것""이라며 ""중동을 비롯한 해외 시장에 한국형 디지털트윈 플랫폼 확산에도 기여하겠다""고 말했다. ◎공감언론 뉴시스 hjpyun@newsis.com [서울=뉴시스] 네이버 이노베이션 야세르 알오바이단 최고경영자(CEO·左)와 한국국토정보공사(LX) 심병섭 공간정보본부장(右)이 10일(현지시간) 양해각서를 체결한 후 기념촬영을 하고 있다. (사진= LX 제공) 이 시간 핫 뉴스 치매 환자가 가족을 못 알아보는 뇌과학적 이유는… '31세' 미미 ""17살 때 연애가 마지막"" '청학동' 김봉곤 훈장 ""딸들 위해 서울 아파트 이사"" 슬리피, 자녀들 위해 문신 제거…""부끄럽지 않게"" 이혜영 ""돈 되는 건 다 했다""…이상민과 이혼 후 빚 고백 신정환 ""내가 父라고 알려지면…아들 연예계 진출 반대"" 스윙스, 마운자로 맞고도 빅맥 4개 ""너무 슬퍼서"" '몸값 260억' 오현규, 4년새 33배…손흥민과 '나란히' 세상에 이런 일이 ""51살 엄마 임신 소식에 숨이 막혀""…딸 ""내가 육아해야 할 텐데"" 하소연 거리에서 여성 불법 촬영, 의정부시청 5급 공무원 입건 선관위 청사에서 '골프 스윙 연습'?…""사태 심각성 모른다"" 비판 쇄도 (영상) 슈퍼마켓 업주살해 40대 송치…한달전 같은 가게서 절도 손님 차 몰고 마트 다녀온 식당 사장 '적반하장'…""사고 안 났으면 됐지"" 메뉴 실시간 뉴스 톱기사 히스토리 섹션별 뉴스 지역 뉴스 포토 오늘의 속보",2140,bs4_selector,86.0,category_guardrail_failed:simple_mou_pr_or_low_materiality,104.5,True,False,https://news.google.com/rss/articles/CBMieEFVX3lxTFB4eVBSaFBwd0FsVHROS25KN1VhMGFWR2V2RmdUUHpIXzNRZVU2NUVXS3ZJTGZXQW5RV3FYZlBEUXpTZUdoai1RVmlRQm0yaTJ2aVl5Rm5nTFRIZFFUZDlIcFBLWHNGcUJnQUVXOG9fM0UyVXVRRDRPU9IBeEFVX3lxTFB4eVBSaFBwd0FsVHROS25KN1VhMGFWR2V2RmdUUHpIXzNRZVU2NUVXS3ZJTGZXQW5RV3FYZlBEUXpTZUdoai1RVmlRQm0yaTJ2aVl5Rm5nTFRIZFFUZDlIcFBLWHNGcUJnQUVXOG9fM0UyVXVRRDRPUw?oc=5,https://mobile.newsis.com/view_amp.html?ar_id=NISX20260611_0003666084,301.0,"ai_infrastructure_security,market_power_platform,platform_obligation",ai_infrastructure_security,2026-06-11,url_date,original_date_recent,7.0,214.55,,7.0,global_incident:platform_regulation:naver:platform_content_moderation_obligation:announcement,global_incident:platform_regulation:naver:platform_content_moderation_obligation,32.0,government:platform_obligation,Y,,issue_representative_attempt,I003,네이버 사우디 디지털트윈 협력,네이버,경쟁사/해외이슈,경쟁사_해외이슈,경쟁사_해외이슈,경쟁사_해외이슈,경쟁사/해외이슈,본문추출성공,fail:simple_mou_pr_or_low_materiality,ok,http_200,body_valid,국내 기업 해외 사업 확장,COMPETITOR_PLATFORM_RISK,597.0,,,COMP_DOMESTIC_PUBLIC_INFRA,domestic,경쟁사_해외이슈,COMPETITOR_PLATFORM_RISK,국내 기업 해외 사업 확장,네이버 사우디 디지털트윈 협력,네이버 사우디 디지털트윈 협력,경쟁사 네이버의 해외 공공 디지털 인프라 사업 진출 사례를 통해 카카오 엔터프라이즈의 유사 사업 확장 전략 및 글로벌 진출 가능성을 간접적으로 탐색할 수 있다.,4.0,4.0,2.0,"경쟁사 네이버의 해외 디지털 공공 인프라 사업 확장 사례로, 카카오 엔터프라이즈의 사업 전략에 간접적인 참고 가능.","경쟁사 네이버의 해외 디지털 공공 인프라 사업 확장 사례로, 카카오 엔터프라이즈의 사업 전략에 간접적인 참고 가능.",issue_selected,12.0,,,
경쟁사_해외이슈,경쟁사/해외이슈,네이버,"LX-네이버 이노베이션, 사우디 디지털트윈 행정서비스 개발 협력",파이낸셜뉴스,파이낸셜뉴스,"Thu, 11 Jun 2026 08:49:46 GMT","Thu, 11 Jun 2026 08:49:46 GMT","LX-네이버 이노베이션, 사우디 디지털트윈 행정서비스 개발 협력 파이낸셜뉴스","LX는 10일(현지시간) 네이버 이노베이션과 '디지털트윈 및 공간정보 분야 협력 강화를 위한 양해각서'(MOU)를 체결했다고 11일 밝혔다. 네이버 이노베이션은 사우디아라비아 전역의 주거와 도시 인프라를 디지털화 하기 위해 지난해 5월 네이버클라우드와 사우디 국립주택공사가 함께 설립한 합작법인이다. 양사는 이번 MOU에 따라 디지털트윈 기반 사업의 타당성 검토와 기술 협력체계 구축을 추진한다. 스마트시티·플랫폼·인공지능(AI) 분야 기술도 교류한다. LX는 또 사우디아라비아 현지 기업과의 협력을 강화해 도시·교통·주택·인프라 분야의 행정서비스 모델을 고도화한다. 향후 카타르·아랍에미네이트(UAE) 등 중동 인접국으로 협력 범위를 확대해 나간다는 복안이다. 심병섭 LX 공간정보본부장은 ""LX의 축적된 전문성을 바탕으로 사우디아라비아의 도시 문제 해결과 행정서비스 혁신을 지원할 것""이라며 ""중동을 비롯한 해외 시장에 한국형 디지털트윈 플랫폼 확산에도 기여하겠다""고 말했다. ☞공감언론 뉴시스 hjpyun@newsis.com <",522,trafilatura,41.0,good,20.5,False,False,https://news.google.com/rss/articles/CBMiWkFVX3lxTE4tV0xBNFZ6cURrMkFJS2FROGszbUliVURudUlteW9LUWc1eHpHOE05RUZMRmtYUkVDSmVMTEdWRzBFU1ZjTnl5aklMTHM3cno0RGZGSjdSemstd9IBXkFVX3lxTE8xRFVHbWxZb2lDdGlGQXpIa3ZZaWlXN2RiZklMLXdPOC1GTTZsUTJCMW1YekFGNXNKbFJuRF95TklUbmpfUDhmS2pSR3kxZTdEREdOXzlLZE5jN3gzcVE?oc=5,https://www.fnnews.com/news/202606111749029195,300.0,"ai_infrastructure_security,market_power_platform",ai_infrastructure_security,2026-06-11,json_ld:datePublished,original_date_recent,5.0,94.25,,7.0,global_incident:platform_regulation:naver:platform_regulation:announcement,global_incident:platform_regulation:naver:platform_regulation,0.0,,,,issue_representative_attempt,I003,네이버 사우디 디지털트윈 협력,네이버,경쟁사/해외이슈,경쟁사_해외이슈,경쟁사_해외이슈,경쟁사_해외이슈,경쟁사/해외이슈,,,,,,,,,,,,,,,,,,,,,,,,,,,,
자사_및_계열사_이슈,자사 및 계열사 이슈,카카오,"카카오게임즈, 라인야후 3천억원 투자 유치...지분구조 개편",인벤,인벤,"Thu, 11 Jun 2026 17:41:00 GMT","Thu, 11 Jun 2026 17:41:00 GMT","카카오게임즈, 라인야후 3천억원 투자 유치...지분구조 개편 인벤","RSS https://www.inven.co.kr/webzine/news/?news=314725 https://www.inven.co.kr/webzine/news/?news=314725 날짜 : 2026-03-25 07:51 댓글 : 4 카카오게임즈, 라인야후 3천억원 투자 유치...지분구조 개편 이두현 기자 ( Biit@inven.co.kr ) 카카오게임즈(대표이사 한상우)가 글로벌 시장 공략을 본격화하고 미래 성장 동력을 강화하기 위해 전략적 투자 유치 및 지분구조 재편을 추진한다고 25일 밝혔다. 이는 카카오게임즈가 국내 시장을 넘어 글로벌 게임 및 콘텐츠 기업으로 도약하기 위한 전략적 판단이다. 카카오게임즈는 이번 거래를 통해 재무 안정성을 높이고, 중장기 성장과 글로벌 사업 확대를 위한 기반을 한층 강화해 나갈 계획이다. 공시를 통해 공개한 이번 거래에는 LY주식회사(라인야후)가 출자한 투자 목적 법인 ‘LAAA(엘트리플에이) 인베스트먼트’가 참여한다. LAAA 인베스트먼트는 카카오로부터 카카오게임즈 지분 일부를 인수하고, 카카오게임즈가 발행하는 신주 및 전환사채 인수에도 참여할 예정이다. 거래가 5월 중 완료되면 LAAA 인베스트먼트는 카카오게임즈의 최대주주가 되며, 카카오는 2대 주주로서 카카오게임즈와 전략적 협력을 이어가게 된다. 카카오게임즈는 이를 통해 약 3천억 원 규모의 자금을 확보하게 되며, 해당 재원을 바탕으로 글로벌 시장 경쟁력 강화와 중장기 성장 기반 마련에 속도를 낼 계획이다. 카카오 역시 구주 매각대금 중 일부를 이번 거래에 재투자함으로써 카카오게임즈와의 파트너십을 이어가고, 회사의 안정적인 사업 운영과 중장기 성장 기반 강화를 뒷받침할 예정이다. 카카오게임즈는 이번 지분구조 재편을 계기로 글로벌 시장에서의 사업 추진력을 높이고, 다양한 협업 기회를 바탕으로 게임 사업의 외연을 확대해 나간다는 방침이다. 특히 일본을 비롯한 주요 글로벌 시장에서 새로운 최대주주와의 협업 기반을 넓히고, 카카오게임즈가 보유한 개발력과 서비스 역량을 토대로 글로벌 사업 경쟁력을 단계적으로 강화해 나갈 계획이다. 한편, 카카오는 이번 계약에 있어 임직원의 고용 안정과 기존 근로조건의 승계를 명문화했다. 카카오게임즈가 축적해 온 조직 역량과 기업 문화가 안정적으로 이어질 수 있도록 지원할 예정이다. 카카오게임즈 관계자는 “이번 전략적 투자 유치와 지분구조 재편은 카카오게임즈의 글로벌 경쟁력을 한단계 높이고 지속 가능한 성장 기반을 다지는 중요한 전환점”이라며, “카카오와 LY주식회사를 비롯한 파트너들과의 협력을 바탕으로 글로벌 시장에서 새로운 성장 기회를 확대해 나가겠다”고 말했다. TAGS: #라인야후 #보도자료 #카카오 #카카오게임즈 댓글 등록순 | 최신순 | 주사위만 새로고침 새로고침 인벤",1365,bs4_selector,-10.0,date_failed:original_date_too_old>52h:2026-03-25,178.0,False,False,https://news.google.com/rss/articles/CBMicEFVX3lxTE44dWRPbjEwUm9ZaWNQSExMaUF6VG5BU0hNclJuUHRLME9IdWNpZFBZZmlTejFCV2tyeVJYdVRTVzRYWTVZemF6TUJiTmU1ZVJIS0loX2lUWm1RVlI1OTBzUnZjSDV6TFdfdVdQTGItSnY?oc=5,https://www.inven.co.kr/webzine/news?news=314725&site=destiny2,121.8,"financial_performance,kakao_games_management,platform_obligation,policy_legislation,strategy_mna_governance",kakao_games_control_sale,2026-03-25,json_ld:datePublished,original_date_too_old>52h,5.0,96.6,,7.0,global_incident:platform_regulation:kakao:platform_content_moderation_obligation:executive_or_org_change,global_incident:platform_regulation:kakao:platform_content_moderation_obligation,24.0,self:platform_obligation,Y,,issue_representative_attempt,I054,카카오게임즈 최대주주 변경 및 공동대표 체제,카카오,자사 및 계열사 이슈,자사_및_계열사_이슈,자사_및_계열사_이슈,자사_및_계열사_이슈,자사 및 계열사 이슈,,,,,,,,,,,,,,,,,,,,,,,,,,,,
자사_및_계열사_이슈,자사 및 계열사 이슈,카카오페이,"中알리페이에 고객정보 넘긴 카카오페이…法 ""과징금 60억원 적법""",MSN,MSN,"Thu, 11 Jun 2026 08:41:46 GMT","Thu, 11 Jun 2026 08:41:46 GMT","中알리페이에 고객정보 넘긴 카카오페이…法 ""과징금 60억원 적법"" MSN",,0,failed,0.0,empty,100.0,False,False,https://news.google.com/rss/articles/CBMimgNBVV95cUxNRG1hb1FTcjFTNnhZWVNGY05IcGJXS1J4TU9WQm5hbVhMZDd0aDFHQV84MzR2dGFhYmtqV1BBM0dGTXlCNk5vTWExem1xZTI0eFVaYnMwMW1Mei1ESHhWcGY3Y1VwS3BmLWtVNmJUeTF6T3lXN1VBeTFvY0VzcDVrdVc2V3VxaTduY3J6SUhZRjdJWjN1bGVNX2hSS1ZwRzF1aHAtTEx3a0pKUFR4OEVPU3RXWnFzSUQ4OTR3a1J5aUphSEZLbGRKWm9rQnByZGxVMlBvb215SzFsRzIxYnNJUEotTzAzYzViaTlVZ3ptYVFlc3ZJUjBsdEVDOGVVTk5Ld19RY2tTWHRDeW9tVkhWUFBQa0NfWEtlWDlvRG5jRlpCUFdQbk55dFdRR3cyU19laTVvdkVSeUVvMkV3a0RDa25KbXViVkZWVXVoQUhtVzVoa0ptYWMxdWVHSnZ1MDhDZl9acWpOa1RuRFBzMDAwMkRGNzlXSXpaZGx4c1Vrcjg1X0dGMW54NUo5cUlzZFVjTTVVaUVwUElTUQ?oc=5,https://www.msn.com/ko-kr/news/national/%E4%B8%AD%EC%95%8C%EB%A6%AC%ED%8E%98%EC%9D%B4%EC%97%90-%EA%B3%A0%EA%B0%9D%EC%A0%95%EB%B3%B4-%EB%84%98%EA%B8%B4-%EC%B9%B4%EC%B9%B4%EC%98%A4%ED%8E%98%EC%9D%B4-%E6%B3%95-%EA%B3%BC%EC%A7%95%EA%B8%88-60%EC%96%B5%EC%9B%90-%EC%A0%81%EB%B2%95/ar-AA25mATH,114.8,"antitrust_platform,kakao_pay_alipay,legal_regulatory_enforcement",antitrust_general,,no_original_date_found,no_original_date_found_kept,0.0,37.0,privacy_security:kakao:data_leak:sanction_or_penalty,0.0,global_incident:platform_enforcement:kakao:privacy_data_violation:sanction_penalty,global_incident:platform_enforcement:kakao:privacy_data_violation,0.0,,,,issue_representative_attempt,I065,카카오페이 개인정보위 과징금 행정소송 1심 패소,카카오페이,자사 및 계열사 이슈,자사_및_계열사_이슈,자사_및_계열사_이슈,자사_및_계열사_이슈,자사 및 계열사 이슈,,,,,,,,,,,,,,,,,,,,,,,,,,,,
자사_및_계열사_이슈,자사 및 계열사 이슈,카카오,"[종합] ""'카카오게임즈' 연내 상장 가능할 것"" - 카카오 2분기 실적발표",인벤,인벤,"Thu, 11 Jun 2026 13:12:08 GMT","Thu, 11 Jun 2026 13:12:08 GMT","[종합] ""'카카오게임즈' 연내 상장 가능할 것"" - 카카오 2분기 실적발표 인벤","RSS https://www.inven.co.kr/webzine/news/?news=204921 https://www.inven.co.kr/webzine/news/?news=204921 날짜 : 2018-08-09 10:33 댓글 : 3 [종합] ""'카카오게임즈' 연내 상장 가능할 것"" - 카카오 2분기 실적발표 정재훈 기자 ( Laffa@inven.co.kr ) 카카오는 9일 오전 9시부터 자사 2분기 실적 발표를 위한 컨퍼런스 콜을 진행했다. 발표는 여민수 대표이사의 주요 사업 성과 및 앞으로의 사업계획에 대한 단편적 설명으로 시작되었고, 배재현 부사장의 구체적인 2분기 실적 발표로 이어졌다. 회사: 카카오 일시: 2018년 8월 9일(목) 9:00~10:10 참석: 여민수 대표이사, 배재현 부사장 출시작: A:IR(북미, 유럽), 카카오VX, 카카오 VR골프 등 ■ 여민수 대표이사 주요 사업 설명 ""카카오 게임즈, 연내 상장이 목표"" 2018년 2분기에 이르러 카카오는 여러 사업 분야에서 괄목할만한 성과를 거두었다. 광고 산업은 시장 대비 높은 성장세를 지속했으며, 광고 지면 판매에서 이용자 DB를 기반으로 한 오디언스 바잉으로 시스템을 변경하며 더 높은 효율과 전환율을 보여주었다. 카카오게임은 모바일 게임에 국한되지 않고 멀티 플랫폼 퍼블리셔로 진화했으며, `배틀그라운드`가 좋은 성과를 거두었다. 앞으로 카카오프렌즈의 IP를 활용한 게임을 꾸준히 개발할 예정이며, 손노리, 슈퍼노바 등 경쟁력 있는 개발사를 인수, 나아가 신규 게임 사업 분야로 확대해나갈 예정이다. 카카오게임즈의 경우 지난 6월 코스닥 예비심사를 통과했고, 현재 여러 상황과 시장 환경을 고려해 최적의 시기에 IPO를 하는 것이 목표이다. 여전히 연내 IPO를 목표로 하고 있으며. 본사로부터 지원받고 있는 자금은 새로운 IP 확보와 사업 영역 확장 등을 위해 사용될 예정이다. 음악, 동영상 사업에서는 합병 예정인 `카카오M`이 국내 최고의 뮤직 플랫폼 위치를 공고히 하며 62%의 시장 점유율을 보여주었고, 총 465만여 명의 유료 이용자를 보유하게 되었다. 동영상 사업 본격화를 위해 사업 구조를 변경했으며, 이후 `드라마 조인트벤처`와 자체 IP를 바탕으로 직접 영화, 드라마 제작에 나설 전망이다. 웹툰, 웹 소설 사업은 `기다리면 무료`가 되는 BM을 도입해 2017년 5월 출시 직후 월 매출 대비 100% 이상의 탄탄한 성장세를 보여주었으며, 카카오 IP를 웹툰, 웹 소설 및 동영상에 이르기까지 다양한 형태로 이용했다. 또한, 44,000페이지에 이르는 풍부한 콘텐츠 라이브러리를 활용해 글로벌 진출, 확장을 진행하고 있다. 커머스 영역에서는 `선물`에 특화된 경험과 서비스를 제공하는 차별화된 스마트 커머스 전략을 통해 단단한 성장세를 이어갔으며, 이용자의 연령대가 30~50대까지 확장되었다. 일부 계절상품 등을 직접 매입하면서 수익성을 개선하였고, 인접 커머스 영역으로 선택적 확대를 이어갈 예정이다. 이외에 AI인 카카오i를 비롯해 블록체인 등의 신사업 또한 절차를 밟아가고 있으며, 더욱 더 많은 분야에서 좋은 성과를 낼 수 있도록 준비하고 있다. ■ 카카오 2분기 실적 - 연결매출 5,889억 원, 영업이익 276억 원 달성 2018년 2분기 연결 매출 5,889억 원, 영업이익 276억 원을 기록했다. 카카오의 2분기 연결 매출은 광고, 콘텐츠, 기타 등 전 사업부문의 고른 성장세에 힘입어 역대 분기 매출 최고치 및 5분기 연속 매출 성장세를 기록했다. 광고 플랫폼 부문 매출은 계절적 성수기 효과, 신규 광고 플랫폼인 카카오모먼트의 효과로 전 분기 대비 8% 성장했으며 전년 동기 대비로도 캐쉬프렌즈, 알림톡 등 카카오 기반 광고 매출의 증가로 10% 성장한 1,664억 원을 기록했다. 콘텐츠 플랫폼 부문 매출은 게임, 뮤직, 유료 콘텐츠 부문의 고른 성장세에 힘입어 전 분기 대비 6%, 전년 동기 대비로는 29% 증가한 3,028억 원을 기록했다. 게임 콘텐츠 매출은 배틀그라운드의 성공적인 수익화로 전 분기 대비 6%, 전년 동기 대비 42% 늘어난 역대 분기 최대치인 1,116억 원을 달성했다. 뮤직 콘텐츠 매출도 2분기 멜론 유료 가입자가 13만명 이상 증가하며 전 분기 대비 3%, 전년 동기 대비 11% 성장한 1,305억원을 기록했다. 기타 콘텐츠 매출도 카카오재팬의 픽코마와 카카오페이지의 유료 이용자가 대폭 증가하며 전 분기 대비 13% 성장했고 전년 동기 대비로도 결실을 맺기 시작한 IP 투자와 다양한 프로모션 효과로 57% 성장한 607억 원을 기록했다. 기타 부문 매출 역시 커머스 사업의 지속적인 성장과 카카오모빌리티, 카카오페이 등 신규 사업 매출 기여도 증가로 전 분기 대비 4%, 전년 동기 대비 45% 증가한 1,198억 원을 기록했다. 2분기 영업비용은 카카오페이, 카카오모빌리티, 픽코마 등 신사업 마케팅 비용 증가와 카카오페이지, 멜론 등의 매출 증가에 따른 수수료 증가, 신규 편입 연결 회사와 신사업 부문에서의 채용 인원 증가로 인한 인건비 상승으로 전 분기 대비 163억 원, 전년 동기 대비 1,375억 원 증가한 5,613억 원을 기록했다. 이에 따라 2분기 영업이익은 전 분기 대비 165% 증가했으나 전년 동기 대비로는 신규 사업 투자금 증가로 인한 38% 감소한 276억 원을, 영업이익률은 4.7%를 기록했다. 광고, 게임 등 주요 수익원들의 두 자릿수 이상 매출 성장세에 힘입어 올 상반기에 1조1,440 억 원의 연결매출을 기록한 카카오는 하반기에도 매출 성장세를 이어갈 계획이다. 광고 부문에서는 신규 광고 플랫폼인 카카오모먼트를 전체 디스플레이 상품으로 확대 적용해 광고 매출 증가 속도를 보다 가속하고, 게임 부문에서는 배틀그라운드로 PC 게임 부분의 안정적인 매출 기반을 다지고 모바일 게임에서 카카오프렌즈 IP 기반 신작 게임으로 매출을 지속 확대해 나간다는 계획이다. 또한, 9월 1일 예정된 카카오와 카카오 M 합병을 성공적으로 마무리하고, 연내 신규 법인으로 분사할 음악과 영상 컴퍼니는 적극적인 글로벌 IP 및 제작 전문성 확보를 통해 글로벌 콘텐츠 제작 전문 회사로 육성해 글로벌 진출에도 더욱 속도를 낼 방침이다. 댓글 등록순 | 최신순 | 주사위만 새로고침 새로고침 인벤",3070,bs4_selector,-10.0,date_failed:original_date_too_old>52h:2018-08-09,267.0,False,False,https://news.google.com/rss/articles/CBMid0FVX3lxTE5tbHJPeGRJQTdINTItdmw3TXlRejQyZGtaTGtUYUFjbFNfQnlHWVd5ZkNQaHlSZ2lUVTBaM1pvMndkQWxDa1dzRzZkWU5RN2FwaURJdXpCY2pzS0RWaVdBeVR1bVZaeV9YOUVpSXRUTTM3Y0s5dGpV?oc=5,https://www.inven.co.kr/webzine/news?news=204921&site=knightsofclan,118.3,"ai_infrastructure_security,digital_asset_stablecoin,earnings,financial_performance,kakao_games_management,leadership_change,market_power_platform,platform_obligation,policy_legislation,search_ads,strategy_mna_governance",kakao_games_earnings_outlook,2018-08-09,json_ld:datePublished,original_date_too_old>52h,5.0,168.9,,7.0,global_incident:platform_regulation:kakao:platform_content_moderation_obligation:executive_or_org_change,global_incident:platform_regulation:kakao:platform_content_moderation_obligation,6.0,self:platform_obligation,Y,,issue_representative_attempt,I061,카카오게임즈_상장_예고,카카오,자사 및 계열사 이슈,자사_및_계열사_이슈,자사_및_계열사_이슈,자사_및_계열사_이슈,자사 및 계열사 이슈,,,,,,,,,,,,,,,,,,,,,,,,,,,,
경쟁사_해외이슈,경쟁사/해외이슈,LGU+,"넷플릭스·티빙·유튜브 한 번에…LGU+, OTT 제휴 프로모션 실시",MSN,,"Thu, 11 Jun 2026 16:40:44 GMT",,"넷플릭스·티빙·유튜브 한 번에…LGU+, OTT 제휴 프로모션 실시 MSN",,0,v24_pre_body_guardrail,-100.0,never_allow_title_only_low_value_or_caption,,False,,https://news.google.com/rss/articles/CBMi2wRBVV95cUxPR2hpNEZjTHhFS0NsTGYxXzNLN3lYSkF4dDlPQWlUdV9aN3drU3hHOFNCYUp3TWxuaVNLcXJoVlVheVlRWnpHcDZKbnI3SllJc0VpcVpTeHVwQnZJUGpOcldHRjhwY080dVZCcExxaVh3d1BJNUYwLTRPWjZUaDRsQnc3YmNiLW1Dc2NnMUptc1BaRzdjVDliTlFyRU11aHE5SURoNHIxcHV6NEdFRk9fQy1yVVlXXzFCZXRGZlF0Z3BMdGc0QjNFc1BoWHBfajBZaEQ5V2R6eHllSE81b3VwaV8xNEZTUUpEVlhUeFVtMWthOU5FeDNYTUlXTVdQRllFSlYxM2V2RDAwUFJ1OG5uclRTM05HdGx3aHlYUEFFekVPSzNkZWxCaGt3NS1Zc3NOSXB5RDBoQzU0YTQtbmRYcVc4QmhUVWVVaHRPTzlXelJrTEc0QUFCWlRHQTdxeGt5XzcxTzZvWEpYQTFtVXpGVl9ZYzFXM3VwVlNEUWZWeGZvV1lyS1lZT01Ca2g4Q0w1OHIzOGVXZnlVZjBxeXZPN1dkLTNVdnd6d0xuYzdfU19RM3pESXhfaHRzajZSOU1rZ05Pa0lMRzExQXBQYnZSTHN5TUIxT292dHVIY2FvaU9UNFBudEpYMGU1MVBBd2pKMWJLYnNuYVZDckszR1lFdGdtZE1nQm5iTzhER2FfdU0tdEVkcnFIUDBjaGcwSm9nU0VSWXljT3BKSE1DV0J6WVZYZHRPMjNQMEZibHZGZDlFekhNamZwOFpudUFKNmR2bUxucUxHSDRxeTg?oc=5,https://news.google.com/rss/articles/CBMi2wRBVV95cUxPR2hpNEZjTHhFS0NsTGYxXzNLN3lYSkF4dDlPQWlUdV9aN3drU3hHOFNCYUp3TWxuaVNLcXJoVlVheVlRWnpHcDZKbnI3SllJc0VpcVpTeHVwQnZJUGpOcldHRjhwY080dVZCcExxaVh3d1BJNUYwLTRPWjZUaDRsQnc3YmNiLW1Dc2NnMUptc1BaRzdjVDliTlFyRU11aHE5SURoNHIxcHV6NEdFRk9fQy1yVVlXXzFCZXRGZlF0Z3BMdGc0QjNFc1BoWHBfajBZaEQ5V2R6eHllSE81b3VwaV8xNEZTUUpEVlhUeFVtMWthOU5FeDNYTUlXTVdQRllFSlYxM2V2RDAwUFJ1OG5uclRTM05HdGx3aHlYUEFFekVPSzNkZWxCaGt3NS1Zc3NOSXB5RDBoQzU0YTQtbmRYcVc4QmhUVWVVaHRPTzlXelJrTEc0QUFCWlRHQTdxeGt5XzcxTzZvWEpYQTFtVXpGVl9ZYzFXM3VwVlNEUWZWeGZvV1lyS1lZT01Ca2g4Q0w1OHIzOGVXZnlVZjBxeXZPN1dkLTNVdnd6d0xuYzdfU19RM3pESXhfaHRzajZSOU1rZ05Pa0lMRzExQXBQYnZSTHN5TUIxT292dHVIY2FvaU9UNFBudEpYMGU1MVBBd2pKMWJLYnNuYVZDckszR1lFdGdtZE1nQm5iTzhER2FfdU0tdEVkcnFIUDBjaGcwSm9nU0VSWXljT3BKSE1DV0J6WVZYZHRPMjNQMEZibHZGZDlFekhNamZwOFpudUFKNmR2bUxucUxHSDRxeTg?oc=5,,,,,,,,,,,,,,,,,issue_representative_attempt,I009,LGU+ OTT 제휴 프로모션,LGU+,경쟁사/해외이슈,경쟁사_해외이슈,경쟁사_해외이슈,경쟁사_해외이슈,경쟁사/해외이슈,최종금지_대체필요,fail:never_allow_title_only,,,,,,,,,,,,,,,,,,,,,,,,,,
경쟁사_해외이슈,경쟁사/해외이슈,토스,"[AI서머리] 써드웍스, 씨엔티테크 투자 유치‧토스플레이스, 예비 창업자 대상 결제 체험 교육",스타트업레시피,,"Thu, 11 Jun 2026 23:46:32 GMT",,"[AI서머리] 써드웍스, 씨엔티테크 투자 유치‧토스플레이스, 예비 창업자 대상 결제 체험 교육 스타트업레시피",,0,v24_pre_body_guardrail,-100.0,never_allow_title_only_low_value_or_caption,,False,,https://news.google.com/rss/articles/CBMiV0FVX3lxTE5YLXVFWlZWeFF0WWFkcFphOEVxSVA4T054ZDQtWWtBQV9idUZvcTFmYWIwTmtMV293OUxpZGpkclEtVWdmbGRRdjBkNWtidHBzY2ZDcUhyZw?oc=5,https://news.google.com/rss/articles/CBMiV0FVX3lxTE5YLXVFWlZWeFF0WWFkcFphOEVxSVA4T054ZDQtWWtBQV9idUZvcTFmYWIwTmtMV293OUxpZGpkclEtVWdmbGRRdjBkNWtidHBzY2ZDcUhyZw?oc=5,,,,,,,,,,,,,,,,,issue_representative_attempt,I029,토스플레이스 결제 생태계 확장,토스,경쟁사/해외이슈,경쟁사_해외이슈,경쟁사_해외이슈,경쟁사_해외이슈,경쟁사/해외이슈,최종금지_대체필요,fail:never_allow_title_only,,,,,,,,,,,,,,,,,,,,,,,,,,
경쟁사_해외이슈,경쟁사/해외이슈,구글,"앤트로픽 ‘클로드’, 구글 제쳤다…韓 AI 앱 매출 2위",매일경제,매일경제,"Fri, 12 Jun 2026 08:04:11 GMT","Fri, 12 Jun 2026 08:04:11 GMT","앤트로픽 ‘클로드’, 구글 제쳤다…韓 AI 앱 매출 2위 매일경제","앤트로픽 ‘클로드’, 구글 제쳤다…韓 AI 앱 매출 2위 올해 韓 iOS 생성형 AI 앱 매출 성장률 1위 한국, 미국 이어 전 세계 두번째로 큰 시장 웹 비중 압도적…문서·데이터 실무에 활용 김나연 기자 입력 : 2026.06.12 17:04:11 김나연 기자 입력 : 2026.06.12 17:04:11 올해 韓 iOS 생성형 AI 앱 매출 성장률 1위 한국, 미국 이어 전 세계 두번째로 큰 시장 웹 비중 압도적…문서·데이터 실무에 활용 앤트로픽의 인공지능(AI) 어시스턴트 ‘클로드’가 한국 생성형 AI 앱 시장에서 구글 ‘제미나이’를 제치고 매출 2위에 올랐다. 그동안 오픈AI의 ‘챗GPT’와 제미나이가 주도하던 양강 구도에 균열을 내며 시장 판도를 뒤흔드는 모습이다. 12일 시장조사업체 센서타워에 따르면 클로드는 올해 들어 현재까지 한국 iOS 생성형 AI 앱 가운데 매출 2위, 매출 성장률 1위를 기록했다. 지난 3월 23일 처음으로 제미나이를 앞선 클로드는 이후 꾸준히 격차를 벌려왔다. 지난 5월 5일에는 약 10만4000달러로 역대 최고 일매출을 기록하며 가파른 성장세를 증명했다. 전 세계 시장에서 한국이 차지하는 매출 비중도 상위권이다. 올해 1월 1일부터 6월 5일까지 클로드의 국가별 매출 비중을 보면, 한국(4.7%)은 전 세계에서 미국(41.1%)에 이어 두 번째로 큰 시장인 것으로 집계됐다. 특히 클로드는 모바일 앱보다 PC 등 웹 환경을 중심으로 업무 생태계에 깊숙이 파고들고 있다. 클로드 웹사이트의 3~5월 방문자 성장률은 챗GPT와 제미나이를 모두 앞질렀다. 실제로 클로드 이용자의 58.8%가 모바일 앱 없이 ‘웹사이트만’ 사용하는 것으로 나타났다. 이는 챗GPT(22.0%), 제미나이(34.9%)를 크게 웃돈다. 센서타워는 이처럼 높은 웹 이용 비중이 문서 작성이나 데이터 처리 등 생산성 업무에서 클로드 활용도가 높다는 점을 보여준다고 분석했다. 이코노미 인기기사 1 하이닉스 목표가 ‘껑충’ 왜?…8월 美 증시 상장 기대감 ‘솔솔.. 2 “바닥 아니다” vs “연말 10만달러” 3 [단독] 신세계 노조까지…상반기 성과급 협상 요구 4 “대한민국 이겼다!” 식당 가득 메운 함성…‘카스 뷰잉펍’ 가보.. 5 “드디어 돌아왔다”…외국인 폭풍 매수에 코스피 8000 안착 6 “가전 바꾸려면 바로 지금”…삼성·LG 역대급 할인 경쟁 7 노무라證 “반도체 사이클 이제 시작…방산·車도 증시 주도” 8 신세계 정용진, 한남동 단독주택 255억원에 팔았다...누가 샀.. 9 ‘일베 금지법’ 나왔다...혐오 정보 게재 시 최대 5년 징역 .. 10 5월 5913대 판매…내수 80%가 하이브리드 1 하이닉스 목표가 ‘껑충’ 왜?…8월 美 증시 상장 기대감 ‘솔솔.. 2 “바닥 아니다” vs “연말 10만달러” 3 [단독] 신세계 노조까지…상반기 성과급 협상 요구 4 “대한민국 이겼다!” 식당 가득 메운 함성…‘카스 뷰잉펍’ 가보.. 5 “드디어 돌아왔다”…외국인 폭풍 매수에 코스피 8000 안착 6 “가전 바꾸려면 바로 지금”…삼성·LG 역대급 할인 경쟁 7 노무라證 “반도체 사이클 이제 시작…방산·車도 증시 주도” 8 신세계 정용진, 한남동 단독주택 255억원에 팔았다...누가 샀.. 9 ‘일베 금지법’ 나왔다...혐오 정보 게재 시 최대 5년 징역 .. 10 5월 5913대 판매…내수 80%가 하이브리드",1658,bs4_selector,23.0,individual_case_not_policy,40.0,False,False,https://news.google.com/rss/articles/CBMiT0FVX3lxTFBrN3EtNFhRVTBoZXZJbWxKSDgwVmZPdTJtcWRGUldQWE5QREtpTm1pMnEtZkNkc1d4SWxlWGFCdWRFd2hLMklSWXZBVmw3b00?oc=5,https://www.mk.co.kr/news/all/12072858,246.5,"ai_agent,ai_infrastructure_security,earnings,financial_performance,labor_dispute,labor_negotiation,platform_obligation,self_pr_promo,strategy_mna_governance",labor_pay_dispute,2026-06-12,json_ld:datePublished,original_date_recent,6.0,109.7,,7.0,global_incident:platform_regulation:google:platform_data_protection_obligation:conflict_escalation,global_incident:platform_regulation:google:platform_data_protection_obligation,48.0,competitor:platform_obligation,Y,,issue_representative_attempt,I030,앤트로픽 클로드 국내 AI 앱 시장 성과,구글,경쟁사/해외이슈,경쟁사_해외이슈,경쟁사_해외이슈,경쟁사_해외이슈,경쟁사/해외이슈,,,,,,,,,,,,,,,,,,,,,,,,,,,,
