카테고리,카테고리명,검색어,기사제목,언론사,게시일,RSS요약,본문전문,본문글자수,본문추출방식,본문품질점수,본문품질사유,중요도점수,본문사용가능,원래RSS링크,링크,날짜검증결과,개인정보보안사건키,개인정보보안대표보너스,전역사건키,전역사건기본키,전역사건대표보너스,이슈패밀리,정책규제의무,자사홍보성,제외단계,v20_issue_id,v20_issue_group,수집검색어,수집원카테고리,수집JSON카테고리,Gemini판단카테고리,최종카테고리,최종카테고리명,본문상태,최종카테고리검증결과,정규언론사,RSS게시일,본문정제적용,랭킹점수,사건태그,사건단계,원문날짜,원문날짜출처,날짜후보수,대표선택점수,링크상태,링크검증사유,본문정합성,v20_issue_family,v20_internal_category,v20_issue_score,v21_self_tier,v21_gov_tier,v21_competitor_tier,v21_competitor_scope,Gemini카테고리,Gemini내부카테고리,Gemini이슈유형,Gemini이슈그룹,Gemini중복그룹,Gemini관련성,Gemini중요도,Gemini대외협력중요도,Gemini관련도,Gemini판단사유,Gemini선정사유,선정단계,v25한국정부국회근거,선정순서,최종카테고리재배치,v24대표기사정합성
자사_및_계열사_이슈,자사 및 계열사 이슈,카카오뱅크,"카카오뱅크, 마스턴캐피탈 인수 “종합 금융 플랫폼 도약 가속화” : 네이버 블로그",Naver Blog,"Fri, 26 Jun 2026 07:23:22 GMT","카카오뱅크, 마스턴캐피탈 인수 “종합 금융 플랫폼 도약 가속화” : 네이버 블로그 Naver Blog",,0,domain_filter,-100.0,excluded_final_domain:blog.naver.com,0.0,False,https://news.google.com/rss/articles/CBMijwFBVV95cUxNQkxoenB5YVE5Q1FNaktna21ZVE5pMmxNY2IxSXhrdl9QREg2TTFBUHVDZU1DSnE2aGlJVUI2RWhGOUNCV3NDMmN4OU5LTC1iak5ZYmt5dEgxU1hrSkYtMDNYYzFmZzdkZ2ItVDlCT3gzTEcxWV9OZDgyZ2xIRHlZMklOV0tUOXdRSElma3ZaOA?oc=5,https://blog.naver.com/PostView.naver?blogId=dealsite&logNo=224328107119&redirect=Dlog,not_checked_domain_filtered,,0.0,global_incident:platform_regulation:kakao:platform_regulation:general,global_incident:platform_regulation:kakao:platform_regulation,-18.0,,,,issue_representative_attempt,I058,global_incident:platform_regulation:kakao:platform_regulation,카카오뱅크,자사 및 계열사 이슈,자사_및_계열사_이슈,자사_및_계열사_이슈,자사_및_계열사_이슈,자사 및 계열사 이슈,,,,,,,,,,,,,,,,,,,,,,,,,,,,,,,,,,,,,,
자사_및_계열사_이슈,자사 및 계열사 이슈,카카오,[#IT라운지] 네이버-현대차 '파트너십'·카카오 '청소년 창업가 발굴'·알바천국 '천국의 시네마'·커리어데이 '리틀펭귄 선정'·네이버 'AI탭 출시'·알바천국 '천국의 시네마'·에어월렉스 '투자 유치',뉴스웍스,"Fri, 26 Jun 2026 00:46:06 GMT",[#IT라운지] 네이버-현대차 '파트너십'·카카오 '청소년 창업가 발굴'·알바천국 '천국의 시네마'·커리어데이 '리틀펭귄 선정'·네이버 'AI탭 출시'·알바천국 '천국의 시네마'·에어월렉스 '투자 유치' 뉴스웍스,,0,v24_pre_body_guardrail,-100.0,never_allow_title_only_low_value_or_caption,,False,https://news.google.com/rss/articles/CBMic0FVX3lxTE5Zd1gwbHBiRzZCQUMyOHVydGxtcl8yUTZTenZkbHdXeGUzWUtnMmhTTHhudXpFV1JzNGRqNkJ0RGR6R2Vha2J1ZGRHMG9DZFpNWmVqSkZJM2dycW9xYkNISkFwQWdHd0FMdEJrVEs0czBkUVXSAXNBVV95cUxOWXdYMGxwYkc2QkFDMjh1cnRsbXJfMlE2U3p2ZGx3V3hlM1lLZzJoU0x4bnV6RVdSczRkajZCdERkekdlYWtidWRkRzBvQ2RaTVplakpGSTNncnFvcWJDSEpBcEFnR3dBTHRCa1RLNHMwZFFV?oc=5,https://news.google.com/rss/articles/CBMic0FVX3lxTE5Zd1gwbHBiRzZCQUMyOHVydGxtcl8yUTZTenZkbHdXeGUzWUtnMmhTTHhudXpFV1JzNGRqNkJ0RGR6R2Vha2J1ZGRHMG9DZFpNWmVqSkZJM2dycW9xYkNISkFwQWdHd0FMdEJrVEs0czBkUVXSAXNBVV95cUxOWXdYMGxwYkc2QkFDMjh1cnRsbXJfMlE2U3p2ZGx3V3hlM1lLZzJoU0x4bnV6RVdSczRkajZCdERkekdlYWtidWRkRzBvQ2RaTVplakpGSTNncnFvcWJDSEpBcEFnR3dBTHRCa1RLNHMwZFFV?oc=5,,,,,,,,,,issue_representative_attempt,I060,self_strategic_reference:it라운지 네이버 현대차 파트너십 카카오 청소년 창업가 발굴 알바천국 천국의 시네마 커리어데이 리틀펭귄 선정,카카오,자사 및 계열사 이슈,자사_및_계열사_이슈,자사_및_계열사_이슈,자사_및_계열사_이슈,자사 및 계열사 이슈,최종금지_대체필요,fail:never_allow_title_only,,,,,,,,,,,,,,,,,,,,,,,,,,,,,,,,,,,,
정부_국회,정부/국회,SKT,스페이스X 다음 4조원 잭팟?…앤트로픽 IPO 앞두고 SKT 주목 [투자360],헤럴드경제,"Fri, 26 Jun 2026 09:50:00 GMT",스페이스X 다음 4조원 잭팟?…앤트로픽 IPO 앞두고 SKT 주목 [투자360] 헤럴드경제,"스포츠 “홍명보, 명장병 걸려서 손흥민 뺐다”…김영광, 홍명보 ‘경질’ 주장 [헤럴드경제=장연주 기자] 한국 축구대표팀이 남아프리카공화국에 충격패를 당한 가운데, 전 축구선수 김영광이 대한민국 축구대표팀 홍명보 감독의 경기 운영을 강하게 비판했다. 한국은 25일 멕시코 에스타디오 몬테레이에서 열린 2026 북중미 월드컵 조별리그 A조 3차전에서 남아프리카공화국에 0대 1로 패했다. 이날 김영광은 채널 ‘나 김영광이오’ 생방송에서 팬들과 소통하던 중 “어떻게 생각하냐”는 한 누리꾼의 질문에 “전적으로 감독 책임이다. 이건 확실하다”고 밝혔다. 김영광은 이어 “처음 베스트 멤버부터 문제가 있었고, 그 다음에 교체에 대한 것도 변수를 생각했어야 했다”며 “수비수가 분명히 부상을 당할 수 있다는 것도 생각을 했어야 하는데, 그런데 그런 것들을 다 놓쳤다. 시작부터 꼬였다”고 비판했다. 특히 김영광은 손흥민의 선발 제외를 언급하면서 “왜 갑자기 명장병에 걸리셔서 흥민이를 베스트로 쓰지도 않고 왜 그랬을까? 나 이해가 안가네. 진짜 뺀 이유가 궁금하다. 왜 선발 명단에 2 스포츠 ‘홍명보 옹호’했던 안정환, 작심 비판…“최악의 경기, 감독의 책임, 싹 다 갈아엎어야” 3 스포츠 신문선 “손흥민 벤치, 홍명보가 모욕 준 것…한국 축구 뿌리까지 썩었다” 4 스포츠 “한국, 고의로 패배?” 日의혹 제기…“역대 최고의 대진표 가능성” 5 스포츠 “이래서 선수들 안 움직였나?” 홍명보 영상 재조명…“인내심 가지고 기다려야” 6 연예 ‘재혼’ 이혜영, 의붓딸 첫 공개…“딸때문에 연예계 활동 중단” 7 사회 “송하윤에게 90분간 뺨 맞아”…‘학폭 주장 후배’ 명예훼손 혐의 檢 송치 8 사회 얼마나 화가 났으면…“홍명보 출입 금지” 써 붙인 편의점, 무슨 일? 9 연예 ‘빚 6억’ 윤남노, 가게 운영 힘들었나…홀쭉해진 근황 “스트레스받으면 체하더라” 스포츠 “홍명보, 명장병 걸려서 손흥민 뺐다”…김영광, 홍명보 ‘경질’ 주장 [헤럴드경제=장연주 기자] 한국 축구대표팀이 남아프리카공화국에 충격패를 당한 가운데, 전 축구선수 김영광이 대한민국 축구대표팀 홍명보 감독의 경기 운영을 강하게 비판했다. 한국은 25일 멕시코 에스타디오 몬테레이에서 열린 2026 북중미 월드컵 조별리그 A조 3차전에서 남아프리카공화국에 0대 1로 패했다. 이날 김영광은 채널 ‘나 김영광이오’ 생방송에서 팬들과 소통하던 중 “어떻게 생각하냐”는 한 누리꾼의 질문에 “전적으로 감독 책임이다. 이건 확실하다”고 밝혔다. 김영광은 이어 “처음 베스트 멤버부터 문제가 있었고, 그 다음에 교체에 대한 것도 변수를 생각했어야 했다”며 “수비수가 분명히 부상을 당할 수 있다는 것도 생각을 했어야 하는데, 그런데 그런 것들을 다 놓쳤다. 시작부터 꼬였다”고 비판했다. 특히 김영광은 손흥민의 선발 제외를 언급하면서 “왜 갑자기 명장병에 걸리셔서 흥민이를 베스트로 쓰지도 않고 왜 그랬을까? 나 이해가 안가네. 진짜 뺀 이유가 궁금하다. 왜 선발 명단에 “홍명보, 명장병 걸려서 손흥민 뺐다”…김영광, 홍명보 ‘경질’ 주장 [헤럴드경제=장연주 기자] 한국 축구대표팀이 남아프리카공화국에 충격패를 당한 가운데, 전 축구선수 김영광이 대한민국 축구대표팀 홍명보 감독의 경기 운영을 강하게 비판했다. 한국은 25일 멕시코 에스타디오 몬테레이에서 열린 2026 북중미 월드컵 조별리그 A조 3차전에서 남아프리카공화국에 0대 1로 패했다. 이날 김영광은 채널 ‘나 김영광이오’ 생방송에서 팬들과 소통하던 중 “어떻게 생각하냐”는 한 누리꾼의 질문에 “전적으로 감독 책임이다. 이건 확실하다”고 밝혔다. 김영광은 이어 “처음 베스트 멤버부터 문제가 있었고, 그 다음에 교체에 대한 것도 변수를 생각했어야 했다”며 “수비수가 분명히 부상을 당할 수 있다는 것도 생각을 했어야 하는데, 그런데 그런 것들을 다 놓쳤다. 시작부터 꼬였다”고 비판했다. 특히 김영광은 손흥민의 선발 제외를 언급하면서 “왜 갑자기 명장병에 걸리셔서 흥민이를 베스트로 쓰지도 않고 왜 그랬을까? 나 이해가 안가네. 진짜 뺀 이유가 궁금하다. 왜 선발 명단에 2 스포츠 ‘홍명보 옹호’했던 안정환, 작심 비판…“최악의 경기, 감독의 책임, 싹 다 갈아엎어야” 3 스포츠 신문선 “손흥민 벤치, 홍명보가 모욕 준 것…한국 축구 뿌리까지 썩었다” 4 스포츠 “한국, 고의로 패배?” 日의혹 제기…“역대 최고의 대진표 가능성” 5 스포츠 “이래서 선수들 안 움직였나?” 홍명보 영상 재조명…“인내심 가지고 기다려야” 2 스포츠 ‘홍명보 옹호’했던 안정환, 작심 비판…“최악의 경기, 감독의 책임, 싹 다 갈아엎어야” ‘홍명보 옹호’했던 안정환, 작심 비판…“최악의 경기, 감독의 책임, 싹 다 갈아엎어야” 3 스포츠 신문선 “손흥민 벤치, 홍명보가 모욕 준 것…한국 축구 뿌리까지 썩었다” 신문선 “손흥민 벤치, 홍명보가 모욕 준 것…한국 축구 뿌리까지 썩었다” 4 스포츠 “한국, 고의로 패배?” 日의혹 제기…“역대 최고의 대진표 가능성” “한국, 고의로 패배?” 日의혹 제기…“역대 최고의 대진표 가능성” 5 스포츠 “이래서 선수들 안 움직였나?” 홍명보 영상 재조명…“인내심 가지고 기다려야” “이래서 선수들 안 움직였나?” 홍명보 영상 재조명…“인내심 가지고 기다려야” 6 연예 ‘재혼’ 이혜영, 의붓딸 첫 공개…“딸때문에 연예계 활동 중단” 7 사회 “송하윤에게 90분간 뺨 맞아”…‘학폭 주장 후배’ 명예훼손 혐의 檢 송치 8 사회 얼마나 화가 났으면…“홍명보 출입 금지” 써 붙인 편의점, 무슨 일? 9 연예 ‘빚 6억’ 윤남노, 가게 운영 힘들었나…홀쭉해진 근황 “스트레스받으면 체하더라” 6 연예 ‘재혼’ 이혜영, 의붓딸 첫 공개…“딸때문에 연예계 활동 중단” ‘재혼’ 이혜영, 의붓딸 첫 공개…“딸때문에 연예계 활동 중단” 7 사회 “송하윤에게 90분간 뺨 맞아”…‘학폭 주장 후배’ 명예훼손 혐의 檢 송치 “송하윤에게 90분간 뺨 맞아”…‘학폭 주장 후배’ 명예훼손 혐의 檢 송치 8 사회 얼마나 화가 났으면…“홍명보 출입 금지” 써 붙인 편의점, 무슨 일? 얼마나 화가 났으면…“홍명보 출입 금지” 써 붙인 편의점, 무슨 일? 9 연예 ‘빚 6억’ 윤남노, 가게 운영 힘들었나…홀쭉해진 근황 “스트레스받으면 체하더라” ‘빚 6억’ 윤남노, 가게 운영 힘들었나…홀쭉해진 근황 “스트레스받으면 체하더라” 부동산 [영상] 용인 기흥 194평 럭셔리 저택, ‘13억→4억’ 됐다 [부동산360] 최근 용인 집값이 무섭게 오르고 있는 가운데 전통적인 명품 타운하우스 단지가 위치한 ‘향린동산’ 단독주택 가격이 약 13억에서 4억원으로 떨어졌다고 해서 부동산360이 다녀왔다. 2 연예 ‘800평 대저택’ 노주현…세컨드하우스는 月400만원 초호화 서울 실버타운 3 부동산 “풍수지리가가 설계” 권상우·박인비가 사는 동네, 서울 아닌 ‘여기’ [초고가 주택 그들이 사는 세상] 4 생활·문화 ‘프리선언’ 전현무 따라했다가 “망했다”…생활고 고백한 前KBS 아나운서 5 부동산 [영상] “80평 저택이 사실상 0원” 일산 부촌 2층집 ‘66% 급락’ 이유는 [부동산360] 6 IT·과학 한때는 100만원이었다…“10만원으로 대폭락” 너무 심했던 국민 황제주의 반전 7 사회 “연봉도 외모도 아니다”…결혼 안 한 남녀들이 꼽은 배우자의 중요 생활 습관은 ‘이것’ 8 컨슈머 “우와~” 환호 터진 과자탑…이마트 골라담기 또 터졌다 [르포] 9 연예 박명수, 오세훈 서울시장에 “다같이 모이자”…월드컵 응원 축제 제안 부동산 [영상] 용인 기흥 194평 럭셔리 저택, ‘13억→4억’ 됐다 [부동산360] 최근 용인 집값이 무섭게 오르고 있는 가운데 전통적인 명품 타운하우스 단지가 위치한 ‘향린동산’ 단독주택 가격이 약 13억에서 4억원으로 떨어졌다고 해서 부동산360이 다녀왔다. [영상] 용인 기흥 194평 럭셔리 저택, ‘13억→4억’ 됐다 [부동산360] 최근 용인 집값이 무섭게 오르고 있는 가운데 전통적인 명품 타운하우스 단지가 위치한 ‘향린동산’ 단독주택 가격이 약 13억에서 4억원으로 떨어졌다고 해서 부동산360이 다녀왔다. 2 연예 ‘800평 대저택’ 노주현…세컨드하우스는 月400만원 초호화 서울 실버타운 3 부동산 “풍수지리가가 설계” 권상우·박인비가 사는 동네, 서울 아닌 ‘여기’ [초고가 주택 그들이 사는 세상] 4 생활·문화 ‘프리선언’ 전현무 따라했다가 “망했다”…생활고 고백한 前KBS 아나운서 5 부동산 [영상] “80평 저택이 사실상 0원” 일산 부촌 2층집 ‘66% 급락’ 이유는 [부동산360] 2 연예 ‘800평 대저택’ 노주현…세컨드하우스는 月400만원 초호화 서울 실버타운 ‘800평 대저택’ 노주현…세컨드하우스는 月400만원 초호화 서울 실버타운 3 부동산 “풍수지리가가 설계” 권상우·박인비가 사는 동네, 서울 아닌 ‘여기’ [초고가 주택 그들이 사는 세상] “풍수지리가가 설계” 권상우·박인비가 사는 동네, 서울 아닌 ‘여기’ [초고가 주택 그들이 사는 세상] 4 생활·문화 ‘프리선언’ 전현무 따라했다가 “망했다”…생활고 고백한 前KBS 아나운서 ‘프리선언’ 전현무 따라했다가 “망했다”…생활고 고백한 前KBS 아나운서 5 부동산 [영상] “80평 저택이 사실상 0원” 일산 부촌 2층집 ‘66% 급락’ 이유는 [부동산360] [영상] “80평 저택이 사실상 0원” 일산 부촌 2층집 ‘66% 급락’ 이유는 [부동산360] 6 IT·과학 한때는 100만원이었다…“10만원으로 대폭락” 너무 심했던 국민 황제주의 반전 7 사회 “연봉도 외모도 아니다”…결혼 안 한 남녀들이 꼽은 배우자의 중요 생활 습관은 ‘이것’ 8 컨슈머 “우와~” 환호 터진 과자탑…이마트 골라담기 또 터졌다 [르포] 9 연예 박명수, 오세훈 서울시장에 “다같이 모이자”…월드컵 응원 축제 제안 6 IT·과학 한때는 100만원이었다…“10만원으로 대폭락” 너무 심했던 국민 황제주의 반전 한때는 100만원이었다…“10만원으로 대폭락” 너무 심했던 국민 황제주의 반전 7 사회 “연봉도 외모도 아니다”…결혼 안 한 남녀들이 꼽은 배우자의 중요 생활 습관은 ‘이것’ “연봉도 외모도 아니다”…결혼 안 한 남녀들이 꼽은 배우자의 중요 생활 습관은 ‘이것’ 8 컨슈머 “우와~” 환호 터진 과자탑…이마트 골라담기 또 터졌다 [르포] “우와~” 환호 터진 과자탑…이마트 골라담기 또 터졌다 [르포] 9 연예 박명수, 오세훈 서울시장에 “다같이 모이자”…월드컵 응원 축제 제안 박명수, 오세훈 서울시장에 “다같이 모이자”…월드컵 응원 축제 제안 부동산 [영상] 용인 기흥 194평 럭셔리 저택, ‘13억→4억’ 됐다 [부동산360] 최근 용인 집값이 무섭게 오르고 있는 가운데 전통적인 명품 타운하우스 단지가 위치한 ‘향린동산’ 단독주택 가격이 약 13억에서 4억원으로 떨어졌다고 해서 부동산360이 다녀왔다. 2 연예 ‘800평 대저택’ 노주현…세컨드하우스는 月400만원 초호화 서울 실버타운 3 부동산 [영상] “80평 저택이 사실상 0원” 일산 부촌 2층집 ‘66% 급락’ 이유는 [부동산360] 4 연예 26살 권은빈, 연예계 ‘은퇴’ 선언…“공허함·불안함 시달려, 일반인으로 살겠다” 5 경제·금융 “20만원에 팔았다” “난 10만원이다” 순식간에 31만원 돌파 ‘어쩌나’…월요일 삼성 본격적으로 달린다? 6 연예 ‘재혼’ 이혜영, 의붓딸 첫 공개…“딸때문에 연예계 활동 중단” 7 사회 “송하윤에게 90분간 뺨 맞아”…‘학폭 주장 후배’ 명예훼손 혐의 檢 송치 8 사회 얼마나 화가 났으면…“홍명보 출입 금지” 써 붙인 편의점, 무슨 일? 9 연예 ‘빚 6억’ 윤남노, 가게 운영 힘들었나…홀쭉해진 근황 “스트레스받으면 체하더라” 2 연예 ‘800평 대저택’ 노주현…세컨드하우스는 月400만원 초호화 서울 실버타운 3 부동산 [영상] “80평 저택이 사실상 0원” 일산 부촌 2층집 ‘66% 급락’ 이유는 [부동산360] 4 연예 26살 권은빈, 연예계 ‘은퇴’ 선언…“공허함·불안함 시달려, 일반인으로 살겠다” 5 경제·금융 “20만원에 팔았다” “난 10만원이다” 순식간에 31만원 돌파 ‘어쩌나’…월요일 삼성 본격적으로 달린다? 3 부동산 [영상] “80평 저택이 사실상 0원” 일산 부촌 2층집 ‘66% 급락’ 이유는 [부동산360] 4 연예 26살 권은빈, 연예계 ‘은퇴’ 선언…“공허함·불안함 시달려, 일반인으로 살겠다” 26살 권은빈, 연예계 ‘은퇴’ 선언…“공허함·불안함 시달려, 일반인으로 살겠다” 5 경제·금융 “20만원에 팔았다” “난 10만원이다” 순식간에 31만원 돌파 ‘어쩌나’…월요일 삼성 본격적으로 달린다? “20만원에 팔았다” “난 10만원이다” 순식간에 31만원 돌파 ‘어쩌나’…월요일 삼성 본격적으로 달린다?",6210,bs4_selector,86.0,category_guardrail_failed:v26_2_government_without_central_public_actor_action:no_public_actor_action_domain,20.0,True,https://news.google.com/rss/articles/CBMiVkFVX3lxTE9vNVpuSVN4ZDhpTzRjSm5QWVJTSExuSk5zLUJzc1VTNld3S1hNejVkZTJBV3h2YmFDUkFkeE9jdXJ3dk1aTzF4dFJCMUhfaHNFcGRoZ2hn?oc=5,https://biz.heraldcorp.com/article/10789317,original_date_recent,,23.0,global_incident:platform_regulation:skt:platform_content_moderation_obligation:executive_or_org_change,global_incident:platform_regulation:skt:platform_content_moderation_obligation,24.0,self:platform_obligation,Y,,issue_representative_attempt,I006,국가 AI 인프라/AIDC/GPU 정책,SKT,경쟁사/해외이슈,경쟁사_해외이슈,정부_국회,정부_국회,정부/국회,본문추출성공,fail:v26_2_government_without_central_public_actor_action:no_public_actor_action_domain,헤럴드경제,"Fri, 26 Jun 2026 09:50:00 GMT",False,355.0,"platform_obligation,strategy_mna_governance",strategy_mna_governance,2026-06-26,json_ld:datePublished,4.0,150.4,ok,http_200,body_valid,self_strategic_reference,SELF_AFFILIATE_BUSINESS,658.0,STRATEGIC_REFERENCE,OFF_TOPIC,COMP_DOMESTIC_AI_PLATFORM,domestic,정부_국회,COMPETITOR_AI_STRATEGY,comp_domestic_strategy,global_incident:ai_security_policy:skt:anthropic_glasswing_security,global_incident:ai_security_policy:skt:anthropic_glasswing_security,카카오가 경쟁사 전략·리스크·AI/플랫폼 대응을 비교 참고할 이슈,4.0,4.0,5.0,로컬 보조 라벨 / v26.2: overseas structural industry candidate,로컬 보조 라벨 / v26: 오늘 새 직접 사건·진전 / 로컬 보조 라벨 / v26.2: overseas structural industry candidate / 로컬 보조 라벨 / v26.2: no central Korean public actor/action for Government section: no_public_actor_action_domain / v26.2: overseas structural industry candidate / v40: 직접 리스크는 아니지만 자사 사업 확장·제휴성 이슈로 2순위 반영 / v26: 카카오 직접 주체가 없어 자사 섹션 제외/재분류 / v26.2: overseas structural indu,issue_selected,Y,2.0,,
정부_국회,정부/국회,KT,"KT, KT클라우드 합병설에 “AX 강화 방안 검토 중”…재합병 가능성은 열어둬",쿠키뉴스,"Fri, 26 Jun 2026 03:58:48 GMT","KT, KT클라우드 합병설에 “AX 강화 방안 검토 중”…재합병 가능성은 열어둬 쿠키뉴스",,0,failed,0.0,empty,-23.0,False,https://news.google.com/rss/articles/CBMiY0FVX3lxTE9WcXRWRDZvUzhYU3ZwakNLdmhtSzVqbWZ2OGxGOE9NNzYxTzBVd1d6OXZoYnZUYklhTVpzal9fSkE1WW9HTHVnc0s2MzNSeWx5Y3h0N3Q1V0p1TWRiMDhQaUhoOA?oc=5,https://www.kukinews.com/article/view/kuk202606260073,no_original_date_found_kept,,0.0,global_incident:mna_capital:kt:mna_capital:announcement,global_incident:mna_capital:kt:mna_capital,0.0,,,,issue_representative_attempt,I006,국가 AI 인프라/AIDC/GPU 정책,KT,경쟁사/해외이슈,경쟁사_해외이슈,경쟁사_해외이슈,정부_국회,정부/국회,,,쿠키뉴스,"Fri, 26 Jun 2026 03:58:48 GMT",False,330.0,strategy_mna_governance,strategy_mna_governance,,no_original_date_found,0.0,-49.1,,,,,,,,,,,,,,,,,,,,,,,,,,
정부_국회,정부/국회,카카오,"카카오, kt cloud와 안전한 AI 생태계 구축을 위한 MOU 체결",mstoday.co.kr,"Fri, 26 Jun 2026 04:53:02 GMT","카카오, kt cloud와 안전한 AI 생태계 구축을 위한 MOU 체결 mstoday.co.kr",,0,v24_pre_body_guardrail,-100.0,never_allow_title_only_low_value_or_caption,,False,https://news.google.com/rss/articles/CBMiZ0FVX3lxTE1PM00wdGliWHFYc2pNSWprUnAxVmdmSTRfRTU1SF9ybWpjcGxDbmtnQ0lLZVlVMV9FZ2JzYzROeF8yUU5YN0R6R0pyZU9Pcm5keXZOX0NYRThQZ1dzcW9pbEFlZU9YYTQ?oc=5,https://news.google.com/rss/articles/CBMiZ0FVX3lxTE1PM00wdGliWHFYc2pNSWprUnAxVmdmSTRfRTU1SF9ybWpjcGxDbmtnQ0lLZVlVMV9FZ2JzYzROeF8yUU5YN0R6R0pyZU9Pcm5keXZOX0NYRThQZ1dzcW9pbEFlZU9YYTQ?oc=5,,,,,,,,,,issue_representative_attempt,I006,국가 AI 인프라/AIDC/GPU 정책,카카오,자사 및 계열사 이슈,자사_및_계열사_이슈,자사_및_계열사_이슈,정부_국회,정부/국회,최종금지_대체필요,fail:never_allow_title_only,,,,,,,,,,,,,,,,,,,,,,,,,,,,,,,,,,,,
정부_국회,정부/국회,애플,"""애플이 -6%?!! 빅테크 망하나?"", AI 인프라 버블, 정확히 언제 터지는지 알려드립니다",네이버 프리미엄콘텐츠,"Fri, 26 Jun 2026 01:52:00 GMT","""애플이 -6%?!! 빅테크 망하나?"", AI 인프라 버블, 정확히 언제 터지는지 알려드립니다 네이버 프리미엄콘텐츠","""애플이 -6%?!! 빅테크 망하나?"", AI 인프라 버블, 정확히 언제 터지는지 알려드립니다 https://t.me/+bQV8JJyruZA3Y2Jl 📌 코인스쿨 No.1 트레이딩/지표/차트/시그널/관점/매크로/일정/뉴스/시나리오 ※ 이 채널의 모든 내용은 단순 견해일 뿐 투자 권유가 아니며, 결과에 대한 책임은 투자자 본인에게 있습니다. 오늘 시장을 보신 분들은 깜짝 놀라셨을 겁니다. 그 견고하던 애플이 하루 만에 6% 넘게 빠졌으니까요. 자연스럽게 이런 생각이 드셨을 겁니다. ""드디어 빅테크가 무너지는 건가? AI 버블이 터지는 신호인가?"" 그런데 결론부터 말씀드리겠습니다. 오늘 애플의 하락은 버블이 터진 신호가 아닙니다. 오히려 정반대로, 버블이 아직 안 터졌다는 증거에 가깝습니다. 그리고 더 중요한 것은, 진짜로 터지는 시점은 따로 있다는 사실입니다. 오늘은 그 ""정확한 타이밍""을 데이터로 짚어드리겠습니다. 애플 -6%의 진짜 이유: 돈이 줄어서가 아니라, 수요가 미쳐서입니다 먼저 오늘 무슨 일이 있었는지부터 정리하겠습니다. 애플은 어제(6월 25일) 맥북과 아이패드 가격을 일제히 올렸습니다. 모델에 따라 100달러에서 300달러까지 인상했죠. 이유는 단 하나, 메모리와 스토리지 가격이 폭등했기 때문입니다. 카운터포인트리서치에 따르면 메모리·스토리지 가격은 최근 세 분기 만에 무려 네 배로 뛰었습니다. 그 원인이 바로 AI 데이터센터입니다. AI 서버에 들어가는 고대역폭 메모리(HBM) 쪽으로 생산이 쏠리면서, 일반 소비자용 메모리 공급이 말라버린 겁니다. 팀 쿡 CEO는 이 상황을 ""100년에 한 번 오는 대홍수""라고 표현했습니다. 40년 넘게 업계에 있었지만 이런 건 처음 본다는 말이었죠. 애플은 그 비용을 더는 흡수할 수 없어서 결국 소비자 가격에 전가했고, 시장은 ""수요 파괴""를 우려하며 주가를 6% 넘게 끌어내렸습니다. 애플 입장에선 1년 만에 가장 큰 하락이었습니다. 자, 여기서 핵심을 짚겠습니다. 애플이 가격을 올린 건 빅테크가 AI 투자를 줄여서가 아닙니다. 정반대입니다. AI 투자가 너무 과열돼서 메모리 값이 폭등했고, 그 불똥이 애플의 노트북 가격으로까지 튄 겁니다. 즉 오늘의 애플 하락은 ""AI 인프라 투자가 여전히 활활 타오르고 있다""는 증거입니다. 그러니 ""애플 하락 = AI 버블 붕괴""라는 단순한 등식은 틀렸습니다. 버블은 아직 안 터졌습니다. 그럼 버블은 도대체 언제 터지나: 결론부터 말씀드립니다 가장 중요한 질문으로 바로 들어가겠습니다. AI 인프라 버블은 언제 터질까요? 많은 분들이 ""GPU가 남아돌면 끝난다""고 생각하십니다. 하지만 그건 결과지 원인이 아닙니다. 제가 직접 로컬에서 AI를 구축해보며 확신하게 된 답은 이겁니다. AI 인프라 버블은 GPU가 부족해서 끝나는 게 아니라, ""더 이상 GPU를 많이 넣어도 성능이 올라가지 않을 때"" 끝납니다. 다시 말해, 돈으로 찍어누르는 방식의 효율이 떨어지는 순간이 진짜 변곡점입니다. 그리고 놀랍게도, 그 신호는 이미 곳곳에서 나타나기 시작했습니다. 이제부터 그 근거를 하나씩 쌓아 올리겠습니다. 지금이 어떤 단계냐: 700조 원을 쏟아붓는 '권력 경쟁'의 정점 먼저 현재 빅테크가 얼마나 돈을 쓰고 있는지 보겠습니다. 2026년 미국 5대 빅테크(아마존·알파벳·메타·마이크로소프트·오라클)의 AI 설비투자(캐펙스)는 6천억 달러를 가뿐히 넘겨, 7천억 달러를 넘본다는 전망까지 나옵니다. 우리 돈으로 900조 원, 스웨덴 한 나라의 GDP와 맞먹는 규모입니다. 아마존만 해도 2천억 달러, 알파벳이 1,850억 달러 수준을 예고했습니다. 문제는 이게 정상이 아니라는 점입니다. 알리안츠 분석에 따르면 이들의 캐펙스 집약도, 즉 매출 대비 투자 비중이 무려 34%에 달합니다. 1990년대 인터넷 붐의 정점이 15%였으니, 그 두 배가 넘는 겁니다. 더 충격적인 건 잉여현금흐름(FCF)입니다. 이들 기업의 잉여현금흐름이 35년 만에 처음으로 마이너스로 돌아섰고, 그 꺾이는 각도가 현대 미국 상장사 역사상 가장 가파릅니다. 그런데 정작 돈은 못 벌고 있습니다. 2025년부터 2026년까지 진행된 여러 기업 조사에서, 기업 AI 프로젝트의 95%가 측정 가능한 수익(ROI)을 내지 못한 것으로 나타났습니다. 기술은 진짜인데, 사업적으로는 투자가 가정한 속도만큼 돈을 못 벌고 있다는 뜻입니다. 오죽하면 미국 연방준비제도가 AI를 최상위 시스템 리스크로 지목했을 정도입니다. 그럼 빅테크는 왜 이렇게 무리하게 돈을 쏟을까요? 답은 ""권력 경쟁""입니다. 지금은 ROI를 따질 때가 아니라 누가 먼저 컴퓨팅 인프라를 장악하느냐의 싸움이라고 믿기 때문입니다. 미래 플랫폼을 지배하려면 지금 무조건 선점해야 한다는 거죠. 그래서 수익성보다 시장 지배력이 먼저입니다. 게임 이론으로 보면, 과소투자했다가 AI가 진짜 혁명이 되면 회사가 통째로 사라질 수 있으니, 차라리 과잉투자하는 게 합리적이라는 계산입니다. 바로 이게 ""돈으로 찍어눌러 권력을 키우는"" 현재 단계입니다. 변곡점의 신호 ①: 화두가 '모델'에서 '컨텍스트'로 넘어갔습니다 자, 그런데 바로 이 ""돈으로 찍어누르기""의 효력이 떨어지기 시작했다는 게 핵심입니다. 2023년부터 2025년까지는 공식이 단순했습니다. 더 큰 모델, 더 많은 GPU, 더 많은 데이터를 넣으면 성능이 올라갔습니다. 그런데 2026년 들어 해외 AI 업계는 전혀 다른 이야기를 하기 시작했습니다. ""좋은 모델보다 좋은 컨텍스트가 더 중요하다""는 겁니다. 이건 감이 아니라 검증된 사실입니다. 스탠퍼드와 삼바노바가 발표한 ACE 논문(ICLR 2026)을 보시죠. 컨텍스트를 고정된 설명서가 아니라 계속 진화하는 문서처럼 다뤘더니, 코딩 벤치마크에서 10.6%, 금융 추론에서 8.6% 성능이 올랐습니다. 결정적인 대목은 이겁니다. 컨텍스트를 잘 설계한 소형 오픈소스 모델이, 컨텍스트 설계 없이 돌린 최상위 독점 모델과 맞먹는 성능을 냈습니다. 같은 AI라도 환경만 잘 짜면 성능이 올라간다는 제 말이, 이렇게 학술적으로 증명된 겁니다. 더 강력한 근거도 있습니다. UC버클리에서 2026년 5월 발표한 논문 ""모델 스케일링에서 시스템 스케일링으로""입니다. 이 논문의 핵심 주장은 명확합니다. 앞으로 AI 에이전트의 진보는 모델 자체를 키우는 게 아니라, 모델을 둘러싼 실행 시스템(하네스)을 얼마나 잘 설계하느냐에 달려 있다는 겁니다. 여기서 하네스란 컨텍스트 관리, 메모리, 도구 연결, 작업 조율 같은 ""환경""을 통째로 말합니다. 실제로 모델은 그대로 둔 채 도구 연결 방식만 다시 설계해도 벤치마크 점수가 크게 오른다는 사례(SWE-agent)가 보고됐습니다. 그래서 업계에서는 ""우리가 모델 점수라고 부르던 것이, 사실은 모델 더하기 환경 점수였다""는 자성이 나오고 있습니다. 흥미로운 건 이걸 부르는 이름입니다. 오픈AI는 ""하네스 엔지니어링"", 앤트로픽은 ""컨텍스트 엔지니어링""이라 부릅니다. 표현은 달라도 결국 같은 말입니다. 모델을 더 키우는 경쟁에서, 모델을 둘러싼 환경을 더 잘 설계하는 경쟁으로 무게중심이 옮겨가고 있다는 겁니다. 제가 말씀드린 ""철학""이 바로 이겁니다. 변곡점의 신호 ②: 스케일링 법칙 자체에 한계가 보입니다 그렇다면 정말로 돈을 더 써도 효과가 줄어들고 있을까요? 그렇습니다. 마이크로소프트 연구진의 분석을 보면, 데이터 고갈, 폭발적 비용 증가, 감당 안 되는 전력 소비라는 세 가지 벽이 무차별 스케일링을 가로막고 있다고 진단합니다. 실제로 마이크로소프트의 소형 모델 Phi-4(140억 파라미터)는 10배 큰 모델과 맞먹는 성능을 냈습니다. 2023년의 거대 모델 팰컨 180B는, 불과 1년 뒤 훨씬 작은 라마3 8B에게 추월당했습니다. 이런 흐름을 두고 연구자들은 ""스케일링의 느린 죽음""이라고까지 표현합니다. 2026년 선두 모델들은 이제 파라미터 수의 20%만으로 최전선 성능의 90%를 뽑아내는 것을 목표로 합니다. 400개 넘는 모델을 분석한 연구에서도, 데이터를 아무리 늘려도 표준 법칙이 예측한 것보다 성능 개선이 더 빨리 둔화되는 현상이 확인됐습니다. 한마디로, 수십억 달러를 추가로 부어도 향상폭은 예전만 못합니다. 추론 비용과 전력은 계속 늘어나는데 성능은 천천히 오르는, 전형적인 수확체감이 시작된 겁니다. 그래서 캐펙스는 정확히 언제 줄어드나: 지켜봐야 할 선행지표 이제 가장 궁금하실 타이밍입니다. CFO의 머릿속을 상상해보시죠. 100억 달러를 더 부어야 성능이 5% 오르는데, 컨텍스트 엔지니어링과 에이전트 설계로 같은 효과를 더 싸게 낼 수 있다면, ""굳이 GPU를 더 사야 할 이유가 뭐지?""라는 질문이 나옵니다. 그 질문이 이사회에서 공식화되는 순간, 캐펙스 증가율은 꺾입니다. 이미 숫자로 나타나고 있습니다. 빅테크 캐펙스 증가율은 2026년 51%에서, 2027년 13%, 2028년 약 5%로 급격히 둔화될 전망입니다. 시킹알파에 따르면 하이퍼스케일러들의 AI 투자는 2027년 크게 둔화될 가능성이 높고, 주요 CEO들조차 지속 불가능한 투자와 전력 제약, 불확실한 ROI를 입에 올리기 시작했습니다. 골드만삭스는 한발 더 나아가, 투자금이 'AI 인프라주'에서 'AI 플랫폼·생산성 수혜주'로 이동하는 로테이션 신호를 짚었습니다. 돈이 ""찍어누르기(인프라)""에서 ""잘 활용하기(철학·응용)""로 넘어가기 시작했다는 뜻입니다. 구체적으로 무엇을 지켜봐야 할까요? 맥킨지가 꼽은 두 가지 선행지표입니다. 첫째는 데이터센터 공실률입니다. 지금은 1~2% 수준으로 과잉건설이 없지만, 2001년 광섬유 거품 때는 20%를 넘었습니다. 공실률이 5%를 넘겨 지속적으로 오르기 시작하면, 그게 경고등입니다. 둘째는 캐펙스 대비 매출 비율입니다. 2026년 45~57%에서 2027년 AI 클라우드 매출이 커지며 하락 전환할 거라는 전망인데, 이 전환이 예상보다 늦어지면 투자 피로감이 본격화됩니다. 이 두 지표를 분기마다 체크하시면, 남들보다 먼저 변곡점을 잡으실 수 있습니다. 그래서 애플을 태그한 이유: '철학'으로 먼저 움직인 회사 마지막으로 왜 제목에 애플을 걸었는지 말씀드리겠습니다. 애플은 GPU 경쟁을 가장 적게 하는 빅테크입니다. 거대 모델을 직접 짓거나 천문학적 인프라를 쌓는 대신, 외부 모델과의 파트너십, 온디바이스 AI, 프라이버시 중심 통합, 그리고 24억 대에 달하는 기존 디바이스 생태계 활용이라는 길을 택했습니다. ""돈으로 찍어누르는"" 방식과는 정반대의, 말 그대로 철학적 차별화입니다. 단기적으로는 ""AI에서 뒤처졌다""는 비판을 받습니다. WWDC에서 새 시리를 발표했지만 시장은 기대에 못 미친다며 주가로 응징했죠. 하지만 생각해보십시오. 만약 AI 경쟁의 본질이 ""누가 GPU를 많이 가졌는가""에서 ""누가 사용자의 컨텍스트를 가장 잘 활용하는가""로 이동한다면 어떻게 될까요? 그 순간 애플의 전략은 완전히 재평가받을 수 있습니다. 캐펙스 과열이 진정되고 효율과 철학이 진짜 경쟁력이 되는 국면에서, 가장 적게 태우면서 가장 깊은 생태계를 가진 회사가 누구인지 다시 보게 될 겁니다. 오늘의 결론입니다. AI 인프라 버블은 GPU가 남아돌아서 터지는 게 아닙니다. ""돈을 더 쓰는 것보다, 더 똑똑하게 쓰는 것이 성능을 더 올린다""는 사실에 시장이 공감하는 순간, 그때가 변곡점입니다. 그 이후 경쟁은 GPU 숫자에서 컨텍스트, 워크플로우, 에이전트, 메모리, 즉 생태계 설계라는 '철학'으로 옮겨갈 겁니다. 본 글은 투자 권유가 아니며, 모든 투자 판단과 책임은 투자자 본인에게 있습니다. 경제/비즈니스 평균 주 35 회 신규 업데이트 전주 월요일 00시부터 일요일 24시까지 집계한 결과입니다. 마이클 세일러가 비트코인을 터뜨린다? 진짜 뇌관은 'STRC'였습니다 마이클 세일러가 비트코인을 터뜨린다? 진짜 뇌관은 'STRC'였습니다 https://t.me/+bQV8JJyruZA3Y2Jl 지금 시장을 흔들고 있는 진짜 문제는 비트코인 그 자체가 아닙니다. 문제는 마이클 세일러가 이끄는 스트래티지(Strategy, 옛 마이크로스트래티지)의 '자금조달 구조'가 흔들리기 시작했다는 데 있습니다. 비트코인을 사 모으기 위해 쌓아 올린 정교한 금융 설계의 한 축이 무너지면서, 시장은 비트코인보다 스트래티지의 생존 가능성을 더 걱정하기 시작했습니다. 오늘은 이 사태의 핵심을 위에서 아래로, 하나씩 쉽게 짚어드리겠습니다. 모든 사태의 심장, 'STRC'가 무너졌습니다 먼저 'STRC'라는 단어를 이해하셔야 합니다. STRC는 스트래티지가 발행한 변동배당 영구 우선주, 이른바 '스트레치 우선주'입니다. 원래 이 우선주는 주당 100달러 근처에서 안정적으로 거래 리플, 유럽을 한 번에 품었다 (XRP, 리플코인) 리플, 유럽을 한 번에 품었다 (XRP, 리플코인) https://t.me/+bQV8JJyruZA3Y2Jl 2026년의 리플을 제대로 이해하려면, 우리가 던지는 질문 자체를 바꿔야 합니다. 2021년까지 시장은 오직 하나만 물었습니다. ""XRP 가격이 오를까요?"" 그러나 2026년 지금, 진짜 중요한 질문은 이것입니다. ""리플이 전 세계 금융 인프라가 될 수 있는가?"" 그리고 최근 한 달 사이 쏟아진 뉴스들은, 그 질문에 대한 답이 점점 더 선명해지고 있다는 것을 보여줍니다. 핵심은 단 하나입니다. 리플은 지금 '가격 중심 프로젝트'에서 '글로벌 결제 인프라 기업'으로 빠르게 전환하고 있다는 것이죠. 오늘은 그 전환을 보여주는 가장 중요한 다섯 가지 흐름을 하나씩 짚어드리겠습니다. 1. 가장 큰 뉴스 — 유럽 30개국이 한 번에 열렸습니다 가장 중요한 소식부터 전해드리겠습니다. 2026년 6월 23일, 리플이 SK하이닉스, 7월 10일 나스닥 직행, '45조 잭팟' SK하이닉스, 7월 10일 나스닥 직행, '45조 잭팟' https://t.me/+bQV8JJyruZA3Y2Jl SK하이닉스가 다음 달 10일, 미국 나스닥 시장에 ADR이라는 형태로 데뷔합니다. 규모는 최대 45조 4,535억 원, 약 290억 달러에 달합니다. 성사된다면 2014년 알리바바가 세운 역대 ADR 최대 기록을 갈아치우는 사상 최대 공모가 됩니다. 다만 여기서 두 가지를 반드시 짚고 가셔야 합니다. 하나, 이 45조 원은 '확정된 금액'이 아니라 '최대치'라는 점입니다. 둘, 흔히들 ""월가 돈을 미국에 쏟아붓는다""고 오해하시는데, 실제로 이 돈은 전부 한국으로 돌아옵니다. 이 두 가지만 정확히 이해하셔도 이번 이벤트의 90%는 파악하신 겁니다. 지금부터 하나씩 쉽게 풀어드리겠습니다. SK하이닉스는 지난 6월 24일 이사회를 열고, 미국 나스닥 글로벌 셀렉트 마켓에 ADR을 상장하기로 의결했습니다. 그리고 엔비디아 독주의 끝이 아니라 '새 판'의 시작입니다, OpenAI '할라피뇨'와 JP모건 7,800이 말하는 것 엔비디아 독주의 끝이 아니라 '새 판'의 시작입니다, OpenAI '할라피뇨'와 JP모건 7,800이 말하는 것 https://t.me/+bQV8JJyruZA3Y2Jl 지난 6월 24일 OpenAI가 공개한 첫 맞춤형 AI 칩 '할라피뇨(Jalapeño)'는 단순히 새로운 칩 하나가 세상에 나온 사건이 아닙니다. AI 산업의 공급망이 'GPU 단독' 구조에서 'GPU와 맞춤형 칩, 즉 ASIC이 함께 쓰이는' 하이브리드 구조로 진화하기 시작했다는 분명한 신호입니다. 그리고 이 거대한 변화의 가장 확실한 수혜는, 흥미롭게도 엔비디아를 끌어내릴 누군가가 아니라 칩을 실제로 찍어내는 파운드리 TSMC, 그리고 그 칩에 반드시 들어가야 하는 고대역폭 메모리를 공급하는 삼성전자와 SK하이닉스에게 돌아갈 가능성이 높습니다. 오늘은 이 그림을 위에서 아래로, 큰 흐름부터 차근차근 풀어드리겠습니다. 1. 월가가 다시 강세로 돌아선 진짜 리플은 웃는데, XRP는 왜 제자리일까 https://t.me/+bQV8JJyruZA3Y2Jl 리플이 JP모건과 손잡고 5초 만에 국채를 결제하고, 마스터카드와 협력하며, 최고경영자는 기업공개(IPO)를 계속 암시합니다. 회사는 그야말로 승승장구하고 있습니다. 그런데 정작 그 이름을 단 토큰 XRP는 2026년 내내 1달러 안팎에서 좀처럼 벗어나지 못하고 있습니다. 회사는 날아오르는데 토큰은 바닥을 기는, 이 기묘한 격차가 오늘 이야기의 핵심입니다. 리플의 성공이 곧 XRP의 상승을 뜻하지는 않습니다. 이유는 단순합니다. 리플이 따낸 기관 결제의 실제 수혜는 인프라인 'XRP 원장'과 결제 수단인 스테이블코인 'RLUSD'로 흘러가고, 정작 토큰 XRP에는 아주 미미하게만, 그것도 간접적이고 조건부로만 돌아가기 때문입니다. 시장은 이 사실을 정확히 읽고 있고, 그래서 좋은 뉴스가 쏟아져도 토 CLARITY 법안, 이제 단 7표 남았습니다, 8월 휴회 전 운명이 갈립니다 CLARITY 법안, 이제 단 7표 남았습니다, 8월 휴회 전 운명이 갈립니다 https://t.me/+bQV8JJyruZA3Y2Jl 미국 암호화폐 역사상 가장 포괄적인 시장 구조 법안인 'CLARITY 법안'이 법률 제정까지 단 하나의 관문만을 남겨두고 있습니다. 바로 상원 본회의 표결입니다. 그리고 그 표결의 성패는 오직 하나의 숫자로 좁혀졌습니다. 상원 지도부가 8월 휴회 전에 민주당 의원 7명의 찬성표를 더 확보할 수 있느냐는 것입니다. 위원회 심의도 끝났고, 법안 전문은 본회의에 올라가 있으며, 하원은 상원이 통과시키면 곧바로 받겠다고 약속했습니다. 절차상의 불확실성은 사실상 모두 사라졌습니다. 이제 남은 것은 정치적 계산뿐입니다. 오늘은 이 계산이 정확히 어떻게 돌아가는지, 그 7표가 누구의 표이고 무엇을 원하는지, 그리고 이 결과가 비트코인과 XRP에 어떤 의미인지 차근 리플(XRP), 지금 큰 그림이 바뀌고 있습니다 — 중동 평화·ETF·두바이가 함께 그리는 2026년의 판도 리플(XRP), 지금 큰 그림이 바뀌고 있습니다 — 중동 평화·ETF·두바이가 함께 그리는 2026년의 판도 https://t.me/+bQV8JJyruZA3Y2Jl 안녕하세요. 오늘은 최근 글로벌 금융시장을 뜨겁게 달구고 있는 두 가지 흐름, 바로 '중동 평화 무드'와 '리플(XRP)의 제도권 안착'을 한 자리에 모아서 차근차근 풀어드리겠습니다. 결론부터 말씀드리면, XRP를 둘러싼 환경은 지난 몇 년 중 가장 우호적인 방향으로 정렬되고 있습니다. 다만 그 이유가 '전쟁이 끝났으니 무조건 상승'이라는 단순한 논리는 아니라는 점, 함께 살펴보시죠. 먼저 가장 위에서 내려다보겠습니다. 2026년 6월, 시장의 머리 위를 짓누르던 가장 무거운 돌덩이 하나가 치워지고 있습니다. 바로 미국과 이란의 평화 합의입니다. 트럼프 대통령은 이란과의 합의가 완료됐다고 발표했고, 공식 서명식은 6월 19일 금요 리플은 계속 커지는데, 왜 XRP 가격은 안 오를까요? (2026년 6월 심층 분석) 리플은 계속 커지는데, 왜 XRP 가격은 안 오를까요? (2026년 6월 심층 분석) https://t.me/+bQV8JJyruZA3Y2Jl 요즘 XRP를 들고 계신 분들이라면 누구나 똑같은 질문을 던지고 계실 겁니다. ""ETF도 나왔고, 소송도 끝났고, 리플이라는 회사는 매달 큰 뉴스를 쏟아내는데, 도대체 가격은 왜 이 모양인가요?"" 오늘은 이 답답함의 정체를 처음부터 끝까지, 누구나 이해할 수 있게 차근차근 풀어보겠습니다. 지금 시장은 '리플이라는 회사의 성장'과 'XRP라는 토큰의 가격'을 분리해서 평가하기 시작했습니다. 회사는 무섭게 큰데, 그 성장이 토큰 가격으로 곧장 전달되지 않는 구간에 들어선 거죠. 왜 그런지, 그리고 이 흐름이 언제 바뀔 수 있는지 지금부터 하나씩 짚어보겠습니다. 먼저, 지금 가격이 어디에 있는지부터 보겠습니다 냉정하게 현실부터 확인하고 가겠습니다. XRP는 강남이 제일 먼저 망한다… 미래학자가 흘린 한마디, 연결해보면 소름이 돋습니다 강남이 제일 먼저 망한다… 미래학자가 흘린 한마디, 연결해보면 소름이 돋습니다 https://t.me/+bQV8JJyruZA3Y2Jl ""강남이 제일 먼저 망한다."" 어느 미래학자가 던진 이 한마디를 듣고, 저는 한참을 멍하니 있었습니다. 농담이라기엔 논리가 너무 정교했고, 진담이라기엔 너무 무서웠거든요. 그런데 더 소름 돋는 건, 이 예측을 뜯어보면 볼수록 ""이미 진행 중""이라는 점입니다. 오늘은 그 미래학자의 시나리오를, 2026년 현재 나와 있는 최신 데이터와 하나하나 맞춰보겠습니다. 결론부터 말씀드리면, 절반은 소름 돋게 맞고, 절반은 우리가 알던 것과 정반대로 가고 있습니다. 그 '정반대'에 진짜 돈의 흐름이 숨어 있죠. 자율주행차가 '집'이 되는 순간, 위치의 의미가 흔들립니다 미래학자의 출발점은 자율주행차입니다. 곧 차가 단순한 이동수단이 아니라 '달리는 비트코인으로 '월세'를 받는 시대가 열립니다, 블랙록 BITA, 6월 16일 나스닥 상장 비트코인으로 '월세'를 받는 시대가 열립니다, 블랙록 BITA, 6월 16일 나스닥 상장 https://t.me/+bQV8JJyruZA3Y2Jl 오늘 글로벌 금융시장에서 가장 주목해야 할 소식부터 전해드리겠습니다. 세계 최대 자산운용사 블랙록이 비트코인 수익형 ETF인 'iShares Bitcoin Premium Income ETF', 종목코드 BITA를 2026년 6월 16일 화요일 미국 나스닥 시장에 정식 상장합니다. 단순히 비트코인 가격을 따라가는 기존 ETF와는 결이 완전히 다른 상품인데요, 비트코인을 보유하면서 동시에 매달 현금흐름까지 만들어내는 새로운 형태의 ETF라는 점에서 월가의 시선이 집중되고 있습니다. 한마디로 정리하면, ""비트코인을 팔지 않고 비트코인으로 월세를 받는 시대""가 시작되는 신호탄이라고 보시면 되겠습니다. 먼저 가장 중요한 큰 그림부터 말씀드리겠습니다. 2024년이 '비트코인을 사는' 현물 ETF",10631,bs4_selector,76.0,category_guardrail_failed:v26_2_government_without_central_public_actor_action:no_public_actor_action_domain,-14.0,True,https://news.google.com/rss/articles/CBMijAFBVV95cUxQTGFERldoX3ZGNDAyRHBHLW1PSVMtei1yUTc5S0ZMRmx1MU9CNm9RN0NtOVZBTHRyanJpMm5FR2FMeW9zeWhXQzN5cUM0N01PbndBTkZkWko2eU0zNFBEWVZDRTM1NVdYQ0xaMjRzOTZMY0xmeUdsaldVQmMtUG5Dcml1VzhtR2lmOHI3TQ?oc=5,https://contents.premium.naver.com/joosikstudy/coinschool/contents/260626105232922hw,original_date_recent,,7.0,global_incident:platform_regulation:naver:platform_content_moderation_obligation:general,global_incident:platform_regulation:naver:platform_content_moderation_obligation,48.0,government:platform_obligation,Y,,issue_representative_attempt,I006,국가 AI 인프라/AIDC/GPU 정책,애플,경쟁사/해외이슈,경쟁사_해외이슈,정부_국회,정부_국회,정부/국회,본문추출성공,fail:v26_2_government_without_central_public_actor_action:no_public_actor_action_domain,네이버 프리미엄콘텐츠,"Fri, 26 Jun 2026 01:52:00 GMT",False,314.5,"ai_infrastructure_security,aidc_datacenter,digital_asset_stablecoin,financial_performance,platform_obligation",aidc_gpu_npu,2026-06-26,meta:publish-date,16.0,97.6,ok,http_200,body_valid,self_strategic_reference,SELF_AFFILIATE_BUSINESS,658.0,STRATEGIC_REFERENCE,OFF_TOPIC,COMP_DOMESTIC_AI_PLATFORM,domestic,정부_국회,COMPETITOR_PLATFORM_RISK,comp_domestic_public_infra,국가 AI 인프라/AIDC/GPU 정책,국가 AI 인프라/AIDC/GPU 정책,카카오가 경쟁사 전략·리스크·AI/플랫폼 대응을 비교 참고할 이슈,4.0,4.0,5.0,로컬 보조 라벨 / v26.2: overseas structural industry candidate,로컬 보조 라벨 / v26: 오늘 새 직접 사건·진전 / 로컬 보조 라벨 / v26.2: overseas structural industry candidate / 로컬 보조 라벨 / v26.2: no central Korean public actor/action for Government section: no_public_actor_action_domain / v26.2: overseas structural industry candidate / v40: 직접 리스크는 아니지만 자사 사업 확장·제휴성 이슈로 2순위 반영 / v26: 카카오 직접 주체가 없어 자사 섹션 제외/재분류 / v26.2: overseas structural indu,issue_selected,Y,2.0,,
정부_국회,정부/국회,MS,"KT 임직원에게 메일 띄운 김영섭 대표...""MS, AI·클라우드 최고의 기술 가진 기업""",아이뉴스24,"Thu, 25 Jun 2026 10:48:14 GMT","KT 임직원에게 메일 띄운 김영섭 대표...""MS, AI·클라우드 최고의 기술 가진 기업"" 아이뉴스24","[아이뉴스24 안세준 기자] 김영섭 KT 대표가 KT의 협력 파트너사로 마이크로소프트(MS)를 선택한 배경에 대해 ""MS는 오랜 세월 다양한 기업과 협업해 성공한 경험이 많고, AI·클라우드 분야에서 최고의 기술을 가진 기업""이라고 30일 밝혔다. 김 대표는 이날 KT 임직원에게 보낸 이메일에서 ""KT가 가진 역량에 더해 MS 협력을 통해 최고의 AI·클라우드 역량을 갖춘다면 대한민국의 공공, 금융, 기업 고객 및 우리의 개인 고객에게 가장 빠르고 안전한, 새롭고 가치 있는 맞춤형 AICT 서비스를 제공하는 선도 기업이 될 수 있다""며 이같이 말했다. 앞서 KT는 미국 워싱턴주 레드먼드 MS 본사에서 MS와 AI·클라우드·IT 분야 사업 협력 및 역량 공유를 위한 5개년의 수조 원 규모 전략적 파트너십을 체결했다. 양 측은 올해 6월 협약에 이어 파트너십 체결에 이르기까지 한국과 미국 양 사의 본사를 수 차례 오가며 협력과 지원 영역을 구체화하기 위한 협의를 지속해 왔다. 구체적으로 양사는 향후 5년간 △한국형 특화 AI 솔루션 개발 △한국형 클라우드 서비스 개발 △AX 전문기업 설립을 통한 새로운 사업 기회 창출 △대한민국 기술 생태계 전반의 AI R&D 역량 강화 △공동 연구 및 국내 수만 명의 AI 전문 인력 육성 등을 공동 추진키로 했다. 김 대표는 ""서비스 개발과 사업 지원, 역량 강화, 상호 투자 등 다양한 영역에서 협력 아이템을 구체화해왔고, 이번 파트너십 체결을 통해 결실을 맺게 됐다""면서도 ""이 시대의 기업들이 혁신하고 지속 성장하기 위해 AX 역량은 반드시 갖추어야 할 역량이라 하겠다""고 언급했다. 그러면서 ""지금은 빅테크 기업이 선도하는 AI 기술 경쟁의 시대""라며 ""최고의 역량을 보유한 빅테크와 파트너십을 선점하는 것이 중요하다. 이들과 협력을 통해 스스로 역량을 혁신 강화하고 협력 수준을 더 높여 고수들의 협력 파트너로 존중받으며 성장해 나가는 역량이야 말로 지금 KT에 필요한 모습이자 역량일 것""이라고 덧붙였다. 김 대표는 MS와의 퍼트너십은 이제 시작이라고 했다. 그는 ""궁극적으로 KT의 AICT 컴퍼니 도약을 위해 임직원들의 단합과 적극적인 참여, 협조를 당부드린다""며 ""회사와 임직원들이 혁신을 통해 최고의 역량을 갖춘 기업과 인재로 성장하고 그 결실과 보람을 공유하는 것이 저의 책무이자 과제라고 생각한다""고 했다. /안세준 기자 (nocount-jun@inews24.com) [아이뉴스24 안세준 기자] 김영섭 KT 대표가 KT의 협력 파트너사로 마이크로소프트(MS)를 선택한 배경에 대해 ""MS는 오랜 세월 다양한 기업과 협업해 성공한 경험이 많고, AI·클라우드 분야에서 최고의 기술을 가진 기업""이라고 30일 밝혔다. 김 대표는 이날 KT 임직원에게 보낸 이메일에서 ""KT가 가진 역량에 더해 MS 협력을 통해 최고의 AI·클라우드 역량을 갖춘다면 대한민국의 공공, 금융, 기업 고객 및 우리의 개인 고객에게 가장 빠르고 안전한, 새롭고 가치 있는 맞춤형 AICT 서비스를 제공하는 선도 기업이 될 수 있다""며 이같이 말했다. 앞서 KT는 미국 워싱턴주 레드먼드 MS 본사에서 MS와 AI·클라우드·IT 분야 사업 협력 및 역량 공유를 위한 5개년의 수조 원 규모 전략적 파트너십을 체결했다. 양 측은 올해 6월 협약에 이어 파트너십 체결에 이르기까지 한국과 미국 양 사의 본사를 수 차례 오가며 협력과 지원 영역을 구체화하기 위한 협의를 지속해 왔다. 구체적으로 양사는 향후 5년간 △한국형 특화 AI 솔루션 개발 △한국형 클라우드 서비스 개발 △AX 전문기업 설립을 통한 새로운 사업 기회 창출 △대한민국 기술 생태계 전반의 AI R&D 역량 강화 △공동 연구 및 국내 수만 명의 AI 전문 인력 육성 등을 공동 추진키로 했다. 김 대표는 ""서비스 개발과 사업 지원, 역량 강화, 상호 투자 등 다양한 영역에서 협력 아이템을 구체화해왔고, 이번 파트너십 체결을 통해 결실을 맺게 됐다""면서도 ""이 시대의 기업들이 혁신하고 지속 성장하기 위해 AX 역량은 반드시 갖추어야 할 역량이라 하겠다""고 언급했다. 그러면서 ""지금은 빅테크 기업이 선도하는 AI 기술 경쟁의 시대""라며 ""최고의 역량을 보유한 빅테크와 파트너십을 선점하는 것이 중요하다. 이들과 협력을 통해 스스로 역량을 혁신 강화하고 협력 수준을 더 높여 고수들의 협력 파트너로 존중받으며 성장해 나가는 역량이야 말로 지금 KT에 필요한 모습이자 역량일 것""이라고 덧붙였다. 김 대표는 MS와의 퍼트너십은 이제 시작이라고 했다. 그는 ""궁극적으로 KT의 AICT 컴퍼니 도약을 위해 임직원들의 단합과 적극적인 참여, 협조를 당부드린다""며 ""회사와 임직원들이 혁신을 통해 최고의 역량을 갖춘 기업과 인재로 성장하고 그 결실과 보람을 공유하는 것이 저의 책무이자 과제라고 생각한다""고 했다.",2359,bs4_selector,-10.0,date_failed:original_date_too_old>52h:2024-09-30,-104.0,False,https://news.google.com/rss/articles/CBMiVkFVX3lxTE4zaU9PTkZWQTNJSXYwYVltR0ZCNFBwd1hpOGZJbjhlLUFZTDlScnhkM2VXcW9PSERUeU9TVFBLZS00UHNxYkZSa2NBRV95RUQyZ3lJUVBR?oc=5,https://mobile.inews24.com/v/mrlted/1767448,original_date_too_old>52h,,23.0,global_incident:leadership_service:kt:executive_change:executive_or_org_change,global_incident:leadership_service:kt:executive_change,18.0,,,,issue_representative_attempt,I006,국가 AI 인프라/AIDC/GPU 정책,MS,경쟁사/해외이슈,경쟁사_해외이슈,경쟁사_해외이슈,정부_국회,정부/국회,,,아이뉴스24,"Thu, 25 Jun 2026 10:48:14 GMT",True,307.5,"ai_infrastructure_security,labor_dispute,policy_legislation",labor_general,2024-09-30,meta:article:published_time,4.0,-82.8,,,,,,,,,,,,,,,,,,,,,,,,,,
정부_국회,정부/국회,카카오,"카카오-kt cloud, AI 보안 툴 통합·관리 플랫폼 공동 구축",데일리안,"Fri, 26 Jun 2026 01:16:00 GMT","카카오-kt cloud, AI 보안 툴 통합·관리 플랫폼 공동 구축 데일리안","ⓒ카카오 카카오의 AI Safety 기술과 kt cloud의 AI 인프라 플랫폼의 결합을 통해 안전한 AI 생태계 구축을 위한 합·관리 플랫폼 개발이 추진된다. 카카오와 kt cloud는 지난 25일 AI서비스 및 보안 관련 기술 협력 양해각서(MOU)를 체결했다. 협약식에는 카카오 김세웅 AI 시너지 성과리더, kt cloud 공용준 Cloud본부장이 참석했다. 이번 협약에 따라 양사는 AI 안전 기술의 개발-검증-확장의 3단계를 순차적으로 추진한다. 카카오가 자체 개발한 AI 가드레일 모델인 ‘카나나 세이프가드(Kanana Safeguard)’를 포함해 모델 안전성 평가 시스템, 레드티밍 시스템(Red-teaming System) 등의 ‘AI Safety Tools’를 kt cloud의 AI 플랫폼에 적용한다. 카나나 세이프가드는 AI 서비스의 안전성과 신뢰성을 검증할 수 있는 자체 개발 AI 가드레일 모델로, 현재 카카오의 주요 AI 서비스에 적용돼 있다. 한국어와 한국 문화를 반영한 자체 구축 데이터셋을 활용해 한국어에 특화된 성능을 보유한 것이 특징이다. 이후 단계에서는 실제 고객 사용 사례를 바탕으로 효용성을 검증하고, 지속적으로 기술을 고도화할 예정이다. 마지막 단계에서는 사용성을 바탕으로 AI Safety Tools를 통합·관리하는 플랫폼을 공동 개발해 생태계를 본격적으로 확장해 나갈 계획이다. 카카오 김세웅 AI 시너지 성과리더는 “카카오의 AI Safety 기술과 kt cloud의 인프라 역량이 만나는 이번 협력이 국내 AI 생태계의 안전성을 한 단계 높이는 계기가 되길 바란다”며 “앞으로도 이용자가 안심하고 사용할 수 있는 AI 환경을 만들기 위해 지속적으로 노력하겠다”고 말했다. 카카오 김세웅 AI 시너지 성과리더(왼쪽)와 kt cloud 공용준 Cloud본부장이 25일 AI서비스 및 보안 관련 기술 협력 양해각서(MOU)를 체결한 뒤 기념촬영을 하고 있다. ⓒ카카오 카카오의 AI Safety 기술과 kt cloud의 AI 인프라 플랫폼의 결합을 통해 안전한 AI 생태계 구축을 위한 합·관리 플랫폼 개발이 추진된다. 카카오와 kt cloud는 지난 25일 AI서비스 및 보안 관련 기술 협력 양해각서(MOU)를 체결했다. 협약식에는 카카오 김세웅 AI 시너지 성과리더, kt cloud 공용준 Cloud본부장이 참석했다. 이번 협약에 따라 양사는 AI 안전 기술의 개발-검증-확장의 3단계를 순차적으로 추진한다. 카카오가 자체 개발한 AI 가드레일 모델인 ‘카나나 세이프가드(Kanana Safeguard)’를 포함해 모델 안전성 평가 시스템, 레드티밍 시스템(Red-teaming System) 등의 ‘AI Safety Tools’를 kt cloud의 AI 플랫폼에 적용한다. 카나나 세이프가드는 AI 서비스의 안전성과 신뢰성을 검증할 수 있는 자체 개발 AI 가드레일 모델로, 현재 카카오의 주요 AI 서비스에 적용돼 있다. 한국어와 한국 문화를 반영한 자체 구축 데이터셋을 활용해 한국어에 특화된 성능을 보유한 것이 특징이다. 이후 단계에서는 실제 고객 사용 사례를 바탕으로 효용성을 검증하고, 지속적으로 기술을 고도화할 예정이다. 마지막 단계에서는 사용성을 바탕으로 AI Safety Tools를 통합·관리하는 플랫폼을 공동 개발해 생태계를 본격적으로 확장해 나갈 계획이다. 카카오 김세웅 AI 시너지 성과리더는 “카카오의 AI Safety 기술과 kt cloud의 인프라 역량이 만나는 이번 협력이 국내 AI 생태계의 안전성을 한 단계 높이는 계기가 되길 바란다”며 “앞으로도 이용자가 안심하고 사용할 수 있는 AI 환경을 만들기 위해 지속적으로 노력하겠다”고 말했다. 박영국 기자 (24pyk@dailian.co.kr) 기사 모아 보기 > 박영국 기자 (24pyk@dailian.co.kr) 카카오-kt cloud, AI 보안 툴 통합·관리 플랫폼 공동 구축 '카카오 AI 돛' 아래 4대 과기원 뭉쳤다…청소년 AI창업가 육성 협력 삼성·SK 호남 투자, 오버랩되는 독재정권의 '관치' SKB, 구성원이 직접 AI 에이전트 만들어 업무 투입…네트워크 품질 혁신 교통사고 후 다리 통증, 회복속도 4배 높이는 '동작침법' 효과 규명 카카오-kt cloud, AI 보안 툴 통합·관리 플랫폼 공동 구축 '카카오 AI 돛' 아래 4대 과기원 뭉쳤다…청소년 AI창업가 육성 협력 삼성·SK 호남 투자, 오버랩되는 독재정권의 '관치' SKB, 구성원이 직접 AI 에이전트 만들어 업무 투입…네트워크 품질 혁신 교통사고 후 다리 통증, 회복속도 4배 높이는 '동작침법' 효과 규명",2256,bs4_selector,6.0,government_individual_case_not_policy,-8.5,False,https://news.google.com/rss/articles/CBMiVkFVX3lxTE9ocjh1RENlbTRyeDJFTm1xenlReEhCUnFGb0VOSEI0WUJfdlJRaHl2cHpNREY4QnRUXzRPSDU4M1NiY2hXZ2ttZnphX1lrSzBvRnJTeldB0gG7AUFVX3lxTE9LTDVLM0JwTUpDd1g0S2dGOVVJTzZvM2NkbHZaeUZ0NGk1ajA5b1VBeG10WGtCQ254N005NnRxa2xKQUcxZzBRUlZXUHVpcmozTWU5cHliVTd2bmw1ZFBMd1JnYi05ejV4Qkg2Y1RQQUhOXzhidTBONmMzZWJUQXdwUGJJOExNSjJQUjZrZURJYUhHZlRDdGJZNVp2a3hjYkFjNC1BMHYzWnBEYTlIdWRPNi1yYlo1aVNGanc?oc=5,https://www.dailian.co.kr/news/view/1660250/%EC%B9%B4%EC%B9%B4%EC%98%A4-kt-cloud-AI-%EB%B3%B4%EC%95%88-%ED%88%B4-2026,original_date_recent,,0.0,global_incident:platform_regulation:kakao:platform_content_moderation_obligation:announcement,global_incident:platform_regulation:kakao:platform_content_moderation_obligation,24.0,self:platform_obligation,Y,,issue_representative_attempt,I006,국가 AI 인프라/AIDC/GPU 정책,카카오,자사 및 계열사 이슈,자사_및_계열사_이슈,자사_및_계열사_이슈,정부_국회,정부/국회,,,데일리안,"Fri, 26 Jun 2026 01:16:00 GMT",True,272.8,"ai_agent,ai_infrastructure_security,market_power_platform,phishing_security,platform_obligation,privacy_security_reliability",security_general,2026-06-26,json_ld:datePublished,5.0,49.45,,,,,,,,,,,,,,,,,,,,,,,,,,
정부_국회,정부/국회,SKT,"SKT, ‘AI 활용’ 자율망 구축 본격화…글로벌 표준화 추진",v.daum.net,"Thu, 25 Jun 2026 02:09:38 GMT","SKT, ‘AI 활용’ 자율망 구축 본격화…글로벌 표준화 추진 v.daum.net","SKT, ‘AI 활용’ 자율망 구축 본격화…글로벌 표준화 추진 이유민 2026. 6. 25. 글자 수 10,000자 초과 시 일부만 음성으로 제공합니다. 가 매우 작은 폰트 작은 폰트 보통 폰트 큰 폰트 매우 큰 폰트 가 이 글자크기로 변경됩니다. (예시) 가장 빠른 뉴스가 있고 다양한 정보, 쌍방향 소통이 숨쉬는 다음뉴스를 만나보세요. 다음뉴스는 국내외 주요이슈와 실시간 속보, 문화생활 및 다양한 분야의 뉴스를 입체적으로 전달하고 있습니다. 글자 수 10,000자 초과 시 일부만 음성으로 제공합니다. 가 매우 작은 폰트 작은 폰트 보통 폰트 큰 폰트 매우 큰 폰트 가 이 글자크기로 변경됩니다. (예시) 가장 빠른 뉴스가 있고 다양한 정보, 쌍방향 소통이 숨쉬는 다음뉴스를 만나보세요. 다음뉴스는 국내외 주요이슈와 실시간 속보, 문화생활 및 다양한 분야의 뉴스를 입체적으로 전달하고 있습니다. 글자 수 10,000자 초과 시 일부만 음성으로 제공합니다. 글자 수 10,000자 초과 시 일부만 음성으로 제공합니다. 글자 수 10,000자 초과 시 일부만 음성으로 제공합니다. 가 매우 작은 폰트 작은 폰트 보통 폰트 큰 폰트 매우 큰 폰트 가 이 글자크기로 변경됩니다. (예시) 가장 빠른 뉴스가 있고 다양한 정보, 쌍방향 소통이 숨쉬는 다음뉴스를 만나보세요. 다음뉴스는 국내외 주요이슈와 실시간 속보, 문화생활 및 다양한 분야의 뉴스를 입체적으로 전달하고 있습니다. 가 매우 작은 폰트 작은 폰트 보통 폰트 큰 폰트 매우 큰 폰트 가 이 글자크기로 변경됩니다. (예시) 가장 빠른 뉴스가 있고 다양한 정보, 쌍방향 소통이 숨쉬는 다음뉴스를 만나보세요. 다음뉴스는 국내외 주요이슈와 실시간 속보, 문화생활 및 다양한 분야의 뉴스를 입체적으로 전달하고 있습니다. 가 매우 작은 폰트 작은 폰트 보통 폰트 큰 폰트 매우 큰 폰트 가 이 글자크기로 변경됩니다. (예시) 가장 빠른 뉴스가 있고 다양한 정보, 쌍방향 소통이 숨쉬는 다음뉴스를 만나보세요. 다음뉴스는 국내외 주요이슈와 실시간 속보, 문화생활 및 다양한 분야의 뉴스를 입체적으로 전달하고 있습니다. (예시) 가장 빠른 뉴스가 있고 다양한 정보, 쌍방향 소통이 숨쉬는 다음뉴스를 만나보세요. 다음뉴스는 국내외 주요이슈와 실시간 속보, 문화생활 및 다양한 분야의 뉴스를 입체적으로 전달하고 있습니다. SK텔레콤이 인공지능(AI)을 활용해 통신망을 스스로 운영·관리하는 자율 네트워크 구축에 나섭니다. SK텔레콤은 덴마크 코펜하겐에서 열린 통신 산업 협회 ‘TM 포럼’ 행사에서 글로벌 표준 기반 자율 네트워크 추진 전략을 발표했다고 오늘(25일) 밝혔습니다. 자율 네트워크는 사람이 직접 관리하던 통신망 운영 업무를 AI가 대신 수행하는 차세대 통신망 관리 방식입니다. SK텔레콤은 통신사마다 다른 방식으로 시스템을 구축하면 확장성과 연동성에 한계가 있다며, 데이터와 운영 체계를 글로벌 표준에 맞춰 통합하는 것이 중요하다고 설명했습니다. 이를 위해 운영 업무 절차 개편과 데이터 체계 구축, 차세대 운영지원시스템 전환, AI 에이전트 표준화 등을 주요 과제로 제시했습니다. 또 아마존웹서비스 등 글로벌 기업과 협력해 여러 제조사의 네트워크 장비를 하나의 AI 솔루션으로 제어할 수 있는 환경을 구축할 계획입니다. SK텔레콤은 현재 천 개 이상의 자율 네트워크 플랫폼과 AI 에이전트를 개발·운용 중이며, 코어망 장비를 통합 관제하고 이상 징후를 탐지하는 AI 관제 시스템도 운영 중이라고 덧붙였습니다. SK텔레콤은 시스템이 스스로 상황을 판단하고 의사결정을 내리는 ‘자율 네트워크 레벨 4’ 달성을 목표로 차세대 운영지원시스템 전환을 추진할 방침입니다. 이유민 기자 (reason@kbs.co.kr) KBS에서 직접 확인하세요. 해당 언론사로 이동합니다. [영상] 홍명보가 밝힌 손흥민 제외 이유는? 긴장한 전현무 달래는 이영표…“오늘 한국 3득점 이상 새 역사 쓴다!” [현장영상] 몬테레이에 울리는 “꼬레아”…분위기는 사실상 홈 경기! [현장영상] ‘우수수 떨어지는 드론떼’…공군 ‘불벼락’ 사격 공개 [현장영상] “장병들 배삯 11만 원 하소연” 인천시장 당선자에 ‘부탁’ [이런뉴스] “이미 지각인데”…53년간 딱 2번 ‘7월 장마’ 오나 “태극기가 살렸죠”…특전사들이 학교 운동장에 착륙한 이유 [잇슈 키워드] “축의금 2만 원 낸 커플, 식사까지”…‘암행투어’ 논란 [잇슈 키워드] “주한미군 무차별 폭행”…경찰 오자 ‘돈뭉치’ 꺼냈다 [잇슈 키워드] 스위스 조 1위로 32강…한국 상대는 캐나다? KBS에서 직접 확인하세요. 해당 언론사로 이동합니다.",2253,bs4_selector,-12.0,government_individual_case_not_policy,-101.0,False,https://news.google.com/rss/articles/CBMiT0FVX3lxTE5fYjVhVzNpZlFUZEYtUWxQWVlfVE5zRWxfNl9mR0xiVmgtSkczaS1DcEE5clkySC1PUVItVUFud2dlZENmVlg2SXltMzlfZkU?oc=5,https://v.daum.net/v/20260625110938987,original_date_recent,,7.0,global_incident:platform_regulation:skt:platform_regulation:executive_or_org_change,global_incident:platform_regulation:skt:platform_regulation,24.0,,,,issue_representative_attempt,I006,국가 AI 인프라/AIDC/GPU 정책,SKT,경쟁사/해외이슈,경쟁사_해외이슈,경쟁사_해외이슈,정부_국회,정부/국회,,,v.daum.net,"Thu, 25 Jun 2026 02:09:38 GMT",True,304.5,"ai_agent,ai_infrastructure_security,market_power_platform,policy_legislation",ai_infrastructure_security,2026-06-25,visible_date_node,2.0,-39.5,,,,,,,,,,,,,,,,,,,,,,,,,,
정부_국회,정부/국회,네이버,"한성숙, 온라인 플랫폼 알고리즘 조작 문제에 ""불법이면 제재해야""",뉴스1,"Fri, 26 Jun 2026 02:39:17 GMT","한성숙, 온라인 플랫폼 알고리즘 조작 문제에 ""불법이면 제재해야"" 뉴스1",,0,failed,0.0,empty,43.0,False,https://news.google.com/rss/articles/CBMiW0FVX3lxTFB6ei1FcDR1WmJZWTJqZG9zeEtPN21YYnJTOTdveXNVUF9rMG5zTXN6R3V2VTU4aGtsTEJyTVpYLVFkQTBUeDlQWXRrSUY0dTJyakVYNG9tWlFzZkU?oc=5,https://www.news1.kr/politics/president/6209366/amp,no_original_date_found_kept,,14.0,global_incident:platform_regulation:platform_sector:platform_algorithm_ad_obligation:sanction_penalty,global_incident:platform_regulation:platform_sector:platform_algorithm_ad_obligation,48.0,government:platform_obligation,Y,,issue_representative_attempt,I072,global_incident:platform_regulation:platform_sector:platform_algorithm_ad_obligation,네이버,경쟁사/해외이슈,경쟁사_해외이슈,경쟁사_해외이슈,정부_국회,정부/국회,,,뉴스1,"Fri, 26 Jun 2026 02:39:17 GMT",False,185.0,"legal_regulatory_enforcement,market_power_platform,platform_obligation",legal_regulatory_enforcement,,no_original_date_found,0.0,11.1,,,,,,,,,,,,,,,,,,,,,,,,,,
정부_국회,정부/국회,네이버,"쿠팡이 개인정보 유출 사태서 헤매는 사이... 네이버, 쇼핑 앱 신규 설치 '독주'",생생비즈플러스,"Thu, 25 Jun 2026 02:30:35 GMT","쿠팡이 개인정보 유출 사태서 헤매는 사이... 네이버, 쇼핑 앱 신규 설치 '독주' 생생비즈플러스","쿠팡이 개인정보 유출 사태서 헤매는 사이... 네이버, 쇼핑 앱 신규 설치 '독주' 가 가 기사의 본문 내용은 이 글자크기로 변경됩니다. 스크롤 이동 상태바 쿠팡이 개인정보 유출 사태서 헤매는 사이... 네이버, 쇼핑 앱 신규 설치 '독주' 가 가 기사의 본문 내용은 이 글자크기로 변경됩니다. 쿠팡이 개인정보 유출 사태서 헤매는 사이... 네이버, 쇼핑 앱 신규 설치 '독주' 가 가 기사의 본문 내용은 이 글자크기로 변경됩니다. 기사의 본문 내용은 이 글자크기로 변경됩니다. 네이버, 월간 쇼핑 앱 사용자 2위 굳히기...사용자 두달 새 100만명 늘어 월간 사용자 1위 쿠팡과 격차 축소...주간 신규 설치 15만6861건으로 쿠팡의 2배 대규모 개인정보 유출로 소비자의 쿠팡에 대한 불신이 커진 가운데 네이버의 인공지능(AI) 쇼핑 앱 '네이버플러스 스토어'가 다양한 쇼핑 데이터와 사용자 활동을 결합한 정교한 추천 경험으로 두각을 나타내고 있다. 네이버의 플러스스토어 앱 신규 설치 건수는 물론, 월간 사용자까지 빠르게 증가하면서 쿠팡과의 격차 좁히기에 나선 것. 관련업계에는 쇼핑앱을 이용하는 절대 사용자 수에서는 네이버가 쿠팡에 크게 뒤쳐졌지만 신규 이용자 유입이 빠르게 이어지면서 쿠팡과의 격차를 조금씩 좁히는 모양새라는 평가가 나온다. 25일 AI 데이터 테크기업 아이지에이웍스의 모바일인덱스에 따르면 이달 15∼21일 네이버플러스 스토어 앱 신규 설치 건수는 15만6861건으로 집계됐다. 같은 기간 쿠팡 앱 신규 설치 건수가 8만7300건이었다는 점을 고려하면 네이버플러스 스토어가 약 1.8배나 많다. 지난달에도 네이버플러스 스토어 신규 앱설치 건수는 70만353건으로 쿠팡의 40만9802건보다 약 1.7배 많았다. 앞서 네이버플러스 스토어 앱은 지난 3월 38.9%에서 4월 41.7%, 5월 42.7%로 상승했다. 네이버플러스 스토어앱을 사용하는 월간 사용자 수도 빠르게 증가하는 추세다. 네이버플러스 스토어 사용자 수는 3월 776만9721명에서 5월 875만명대로 두 달 사이 100만명 가까이 늘었다. 이는 11번가의 820만9703명보다 약 54만명 많은 수치다. 이에 따라 네이버플러스 스토어 실제 사용자 수는 지난 4월 11번가를 처음으로 제친 뒤 5월까지 두 달 연속 월간 사용자 수 2위를 차지하게 됐다. 두 앱의 사용자 격차는 지난 4월 약 19만명에서 약 54만명 세배가량으로 확대하면서 해당 시장에서 2위 자리를 한층 공고히 하는 모양새다. 네이버는 AI 기반 개인화 추천과 네이버플러스 멤버십, 배송 혜택을 하나의 앱에 결합한 전략이 최근 신규 유입과 사용자 수 확대 흐름에 영향을 준 것으로 판단했다. 이용자의 관심사와 구매 이력에 맞춰 상품을 추천하고 탐색과 비교부터 결제, 배송까지 앱 안에서 이어지도록 해 쇼핑 목적이 뚜렷하지 않은 이용자의 방문을 유도하고 있다는 것이다. 실제 지난 5월 네이버플러스 스토어 앱 전체 거래액 가운데 AI 추천을 통해 발생한 거래액 비중은 처음으로 50%를 넘어서기도 했다. 반면, 지난달 쿠팡 사용자 수는 3500만명대 전후로 비슷한 수준을 유지했다. 이에 따라 쿠팡과 네이버플러스 스토어의 사용자 수 차이는 3월 2700여만명에서 5월 2600여만명으로 100만여명 줄었다. 한 업계 관계자는 ""여전히 쿠팡의 사용자 수가 네이버플러스 스토어의 약 4배에 달해 아직 두 회사간 시장 지배력 격차가 크지만 쿠팡의 대규모 개인정보 유출로 소비자의 신뢰를 크게 잃어버리면서 회사 이미지가 극도록 나빠졌다""며 앞으로 네이버에 유리한 시장환경이 유지될 가능성이 크다""고 예상했다. 그는 또 쿠팡이 개인정보보호위원회, 공정위 등의 관계부처와 개인정보 유출 제재 수위 문제로 대립각을 세우고 있어 앞으로도 적잖은 난관에 직면할 것으로 내다봤다. 대규모 개인정보 유출로 소비자의 쿠팡에 대한 불신이 커진 가운데 네이버의 인공지능(AI) 쇼핑 앱 '네이버플러스 스토어'가 다양한 쇼핑 데이터와 사용자 활동을 결합한 정교한 추천 경험으로 두각을 나타내고 있다. 네이버의 플러스스토어 앱 신규 설치 건수는 물론, 월간 사용자까지 빠르게 증가하면서 쿠팡과의 격차 좁히기에 나선 것. 관련업계에는 쇼핑앱을 이용하는 절대 사용자 수에서는 네이버가 쿠팡에 크게 뒤쳐졌지만 신규 이용자 유입이 빠르게 이어지면서 쿠팡과의 격차를 조금씩 좁히는 모양새라는 평가가 나온다. 25일 AI 데이터 테크기업 아이지에이웍스의 모바일인덱스에 따르면 이달 15∼21일 네이버플러스 스토어 앱 신규 설치 건수는 15만6861건으로 집계됐다. 같은 기간 쿠팡 앱 신규 설치 건수가 8만7300건이었다는 점을 고려하면 네이버플러스 스토어가 약 1.8배나 많다. 지난달에도 네이버플러스 스토어 신규 앱설치 건수는 70만353건으로 쿠팡의 40만9802건보다 약 1.7배 많았다. 앞서 네이버플러스 스토어 앱은 지난 3월 38.9%에서 4월 41.7%, 5월 42.7%로 상승했다. 네이버플러스 스토어앱을 사용하는 월간 사용자 수도 빠르게 증가하는 추세다. 네이버플러스 스토어 사용자 수는 3월 776만9721명에서 5월 875만명대로 두 달 사이 100만명 가까이 늘었다. 이는 11번가의 820만9703명보다 약 54만명 많은 수치다. 이에 따라 네이버플러스 스토어 실제 사용자 수는 지난 4월 11번가를 처음으로 제친 뒤 5월까지 두 달 연속 월간 사용자 수 2위를 차지하게 됐다. 두 앱의 사용자 격차는 지난 4월 약 19만명에서 약 54만명 세배가량으로 확대하면서 해당 시장에서 2위 자리를 한층 공고히 하는 모양새다. 네이버는 AI 기반 개인화 추천과 네이버플러스 멤버십, 배송 혜택을 하나의 앱에 결합한 전략이 최근 신규 유입과 사용자 수 확대 흐름에 영향을 준 것으로 판단했다. 이용자의 관심사와 구매 이력에 맞춰 상품을 추천하고 탐색과 비교부터 결제, 배송까지 앱 안에서 이어지도록 해 쇼핑 목적이 뚜렷하지 않은 이용자의 방문을 유도하고 있다는 것이다. 실제 지난 5월 네이버플러스 스토어 앱 전체 거래액 가운데 AI 추천을 통해 발생한 거래액 비중은 처음으로 50%를 넘어서기도 했다. 반면, 지난달 쿠팡 사용자 수는 3500만명대 전후로 비슷한 수준을 유지했다. 이에 따라 쿠팡과 네이버플러스 스토어의 사용자 수 차이는 3월 2700여만명에서 5월 2600여만명으로 100만여명 줄었다. 한 업계 관계자는 ""여전히 쿠팡의 사용자 수가 네이버플러스 스토어의 약 4배에 달해 아직 두 회사간 시장 지배력 격차가 크지만 쿠팡의 대규모 개인정보 유출로 소비자의 신뢰를 크게 잃어버리면서 회사 이미지가 극도록 나빠졌다""며 앞으로 네이버에 유리한 시장환경이 유지될 가능성이 크다""고 예상했다. 그는 또 쿠팡이 개인정보보호위원회, 공정위 등의 관계부처와 개인정보 유출 제재 수위 문제로 대립각을 세우고 있어 앞으로도 적잖은 난관에 직면할 것으로 내다봤다. 박지환 기자 jhpark@livebiz.today",3386,bs4_selector,86.0,relevance_failed:v43_not_government_policy,143.0,True,https://news.google.com/rss/articles/CBMibEFVX3lxTE9NeXUxdlZ4OWpqeDdBaFFuU05MNU81bUpCX0VVZWw3eHEyRXFCWEFPSXJVZjBNMXhsdWhLcnFRNFNWdXZDR1YzdXNESE5rRjRmcVJ1N3loUWswVGNiSHdneW1wSGl0UXZ5QXdrag?oc=5,https://www.livebiz.today/news/articleView.html?idxno=202861,original_date_recent,privacy_security:coupang:data_leak:initial_investigation_response,23.0,global_incident:platform_enforcement:coupang:deceptive_membership_price_ad:sanction_penalty,global_incident:platform_enforcement:coupang:deceptive_membership_price_ad,56.0,government:platform_obligation,Y,,issue_representative_attempt,I001,global_incident:platform_regulation:naver:coupang_designation_disclosure,네이버,경쟁사/해외이슈,경쟁사_해외이슈,경쟁사_해외이슈,정부_국회,정부/국회,본문추출성공,reassign:v27_korean_official_platform_enforcement_to_gov:platform_enforcement:coupang:deceptive_membership_price_ad,생생비즈플러스,"Thu, 25 Jun 2026 02:30:35 GMT",False,318.0,"ai_infrastructure_security,antitrust_platform,phishing_security,platform_obligation,policy_legislation,privacy_security_reliability,self_pr_promo",antitrust_general,2026-06-25,json_ld:datePublished,6.0,227.5,ok,http_200,body_valid,comp_domestic_direct_risk,COMPETITOR_PLATFORM_RISK,684.5,,,COMP_DOMESTIC_DIRECT_RISK,domestic,경쟁사_해외이슈,COMPETITOR_PLATFORM_RISK,comp_domestic_direct_risk,global_incident:platform_regulation:naver:coupang_designation_disclosure,global_incident:platform_regulation:naver:coupang_designation_disclosure,카카오가 경쟁사 전략·리스크·AI/플랫폼 대응을 비교 참고할 이슈,4.0,4.0,5.0,로컬 보조 라벨 / v26.2: overseas structural industry candidate,로컬 보조 라벨 / v26.2: overseas structural industry candidate,issue_selected,,4.0,경쟁사_해외이슈->정부_국회:v27_korean_official_platform_enforcement_to_gov:platform_enforcement:coupang:deceptive_membership_price_ad,pass:representative_aligned
경쟁사_해외이슈,경쟁사/해외이슈,네이버,"데이터센터 키우는 네이버, 비대해진 ‘전력 청구서’ [재계톡톡]",매일경제,"Fri, 26 Jun 2026 05:19:55 GMT","데이터센터 키우는 네이버, 비대해진 ‘전력 청구서’ [재계톡톡] 매일경제","데이터센터 키우는 네이버, 비대해진 ‘전력 청구서’ [재계톡톡] 최창원 기자 입력 : 2026.06.26 14:19:55 최창원 기자 입력 : 2026.06.26 14:19:55 네이버가 인공지능(AI) 역량 강화를 위한 데이터센터 증설을 이어가는 가운데, 전력 비용 부담이 커지고 있다. 네이버는 6월 25일 공시한 ‘2025 통합 보고서’에서 전력요금 상승을 주요 전환 위험 중 하나로 제시했다. 네이버는 현재 데이터센터 ‘각 세종’의 2·3단계 증설을 진행 중이다. 네이버 측은 증설 이후 2040년 전력 사용량이 1TWh에 달할 것으로 예상했다. 현재와 비교하면 약 3배 수준이다. 비용 부담은 전력 사용량에 비례한다. 네이버 내부 시나리오(연평균 2.48% 상승) 기준, 에너지 비용은 2025년 500억원 안팎에서 2040년 2600억원 수준까지 늘어날 전망이다. 전력 단가가 더 가파르게 오르는 ‘Below 2°C’ 시나리오(연평균 3.94% 상승)에서는 2040년 3200억원의 에너지 비용 부담을 예상했다. 전력 사용량 확대에 따른 온실가스(탄소) 배출도 고민거리다. 전력을 만드는 과정에서 발생한 탄소가 사용 기업의 ‘스코프 2’ 배출량으로 분류되기 때문이다. 네이버의 2025년 전체 탄소 배출량 15만1019t(이산화탄소 환산 기준) 중 14만9213t이 스코프 2다. 네이버는 2030년까지 전력 사용량의 60%를 재생에너지로 바꿔 스코프 2를 관리한다는 방침이다. 핵심 수단은 재생에너지 장기 고정가격계약(PPA)이다. 최근 네이버는 GS풍력발전과 약 70㎿ 규모 PPA 계약을 체결하고, 발전소 지분 30%를 확보했다. 생산된 전력은 각 세종에 공급된다. 네이버는 이 계약으로 2029년 재생에너지 전환율이 46% 수준까지 올라갈 것으로 예상했다. [본 기사는 매경이코노미 제2366호(2026.07.01~07.07일자) 기사입니다] 관련종목 Powered by perplexity NAVER 035420 KOSPI 196,400 ▼ 1.65% 국내 대표 인터넷 플랫폼으로서 검색과 커머스, 핀테크를 넘어 클라우드 및 AI 인프라 사업을 영위하고 있습니다. 데이터센터 각 세종의 증설을 추진하며 전력 사용량 증가에 따른 탄소 배출을 관리하고자 GS풍력발전과 계약을 체결해 전력을 공급받고 있습니다. 재생에너지 장기 고정가격계약을 통해 재생에너지 조달 비중을 확대하며 지속 가능한 데이터센터 운영 구조를 구축하고 있습니다. GS 078930 KOSPI 62,500 ▼ 2.65% 에너지·유통·서비스 등 다양한 산업군을 보유한 GS그룹 지주회사 입니다. 계열사인 GS풍력발전을 통해 네이버 데이터센터 각 세종에 재생에너지를 공급하며, 해당 발전소 지분 확보 및 전력 판매 계약으로 실질적인 재생에너지 사업 기반을 강화하고 있습니다. 현재 그룹 차원에서 발전·전력 계열사를 활용해 친환경 에너지 포트폴리오를 체계적으로 확장하는 중입니다. 주의사항 : 본 서비스는 AI의 구조적 한계로 인해 오류가 발생할 수 있습니다. 모든 내용은 투자 권유 또는 주식거래를 목적으로 하지 않습니다. 신고하기 신고 사유 선택 잘못된 정보 또는 사실과 다른 내용 오해의 소지가 있거나 과장된 분석 기사와 종목이 일치하지 않거나 연관성 부족 분석 정보가 오래되어 현재 상황과 맞지 않음 신고하기 관련종목 Powered by perplexity NAVER 035420 KOSPI 196,400 ▼ 1.65% 국내 대표 인터넷 플랫폼으로서 검색과 커머스, 핀테크를 넘어 클라우드 및 AI 인프라 사업을 영위하고 있습니다. 데이터센터 각 세종의 증설을 추진하며 전력 사용량 증가에 따른 탄소 배출을 관리하고자 GS풍력발전과 계약을 체결해 전력을 공급받고 있습니다. 재생에너지 장기 고정가격계약을 통해 재생에너지 조달 비중을 확대하며 지속 가능한 데이터센터 운영 구조를 구축하고 있습니다. GS 078930 KOSPI 62,500 ▼ 2.65% 에너지·유통·서비스 등 다양한 산업군을 보유한 GS그룹 지주회사 입니다. 계열사인 GS풍력발전을 통해 네이버 데이터센터 각 세종에 재생에너지를 공급하며, 해당 발전소 지분 확보 및 전력 판매 계약으로 실질적인 재생에너지 사업 기반을 강화하고 있습니다. 현재 그룹 차원에서 발전·전력 계열사를 활용해 친환경 에너지 포트폴리오를 체계적으로 확장하는 중입니다. NAVER 035420 KOSPI 196,400 ▼ 1.65% 국내 대표 인터넷 플랫폼으로서 검색과 커머스, 핀테크를 넘어 클라우드 및 AI 인프라 사업을 영위하고 있습니다. 데이터센터 각 세종의 증설을 추진하며 전력 사용량 증가에 따른 탄소 배출을 관리하고자 GS풍력발전과 계약을 체결해 전력을 공급받고 있습니다. 재생에너지 장기 고정가격계약을 통해 재생에너지 조달 비중을 확대하며 지속 가능한 데이터센터 운영 구조를 구축하고 있습니다. NAVER 035420 KOSPI 196,400 ▼ 1.65% 국내 대표 인터넷 플랫폼으로서 검색과 커머스, 핀테크를 넘어 클라우드 및 AI 인프라 사업을 영위하고 있습니다. 데이터센터 각 세종의 증설을 추진하며 전력 사용량 증가에 따른 탄소 배출을 관리하고자 GS풍력발전과 계약을 체결해 전력을 공급받고 있습니다. 재생에너지 장기 고정가격계약을 통해 재생에너지 조달 비중을 확대하며 지속 가능한 데이터센터 운영 구조를 구축하고 있습니다. GS 078930 KOSPI 62,500 ▼ 2.65% 에너지·유통·서비스 등 다양한 산업군을 보유한 GS그룹 지주회사 입니다. 계열사인 GS풍력발전을 통해 네이버 데이터센터 각 세종에 재생에너지를 공급하며, 해당 발전소 지분 확보 및 전력 판매 계약으로 실질적인 재생에너지 사업 기반을 강화하고 있습니다. 현재 그룹 차원에서 발전·전력 계열사를 활용해 친환경 에너지 포트폴리오를 체계적으로 확장하는 중입니다. GS 078930 KOSPI 62,500 ▼ 2.65% 에너지·유통·서비스 등 다양한 산업군을 보유한 GS그룹 지주회사 입니다. 계열사인 GS풍력발전을 통해 네이버 데이터센터 각 세종에 재생에너지를 공급하며, 해당 발전소 지분 확보 및 전력 판매 계약으로 실질적인 재생에너지 사업 기반을 강화하고 있습니다. 현재 그룹 차원에서 발전·전력 계열사를 활용해 친환경 에너지 포트폴리오를 체계적으로 확장하는 중입니다. 주의사항 : 본 서비스는 AI의 구조적 한계로 인해 오류가 발생할 수 있습니다. 모든 내용은 투자 권유 또는 주식거래를 목적으로 하지 않습니다. 신고하기 신고 사유 선택 잘못된 정보 또는 사실과 다른 내용 오해의 소지가 있거나 과장된 분석 기사와 종목이 일치하지 않거나 연관성 부족 분석 정보가 오래되어 현재 상황과 맞지 않음 신고하기 신고 사유 선택 잘못된 정보 또는 사실과 다른 내용 오해의 소지가 있거나 과장된 분석 기사와 종목이 일치하지 않거나 연관성 부족 분석 정보가 오래되어 현재 상황과 맞지 않음 잘못된 정보 또는 사실과 다른 내용 오해의 소지가 있거나 과장된 분석 기사와 종목이 일치하지 않거나 연관성 부족 분석 정보가 오래되어 현재 상황과 맞지 않음 이코노미",3453,bs4_selector,86.0,category_guardrail_failed:v26_2_market_stock_commentary_excluded,-7.5,True,https://news.google.com/rss/articles/CBMiT0FVX3lxTFBKM3BfbUxVdEVBMWNwYWpEN2VPb20xLUliXzhLaGZaU1A4MDRCR2dsS3dZRnlRWWdpaUpMZzlaU3BncmgwYXJtVzM0UE1SNnc?oc=5,https://www.mk.co.kr/news/all/12083995,original_date_recent,,7.0,global_incident:platform_regulation:naver:platform_data_protection_obligation:announcement,global_incident:platform_regulation:naver:platform_data_protection_obligation,24.0,competitor:platform_obligation,Y,,issue_representative_attempt,I002,comp_domestic_ai_platform:데이터센터 키우는 네이버 비대해진 전력 청구서 재계톡톡,네이버,경쟁사/해외이슈,경쟁사_해외이슈,경쟁사_해외이슈,경쟁사_해외이슈,경쟁사/해외이슈,본문추출성공,fail:v26_2_market_stock_commentary_excluded,매일경제,"Fri, 26 Jun 2026 05:19:55 GMT",True,240.5,"ai_infrastructure_security,financial_performance,market_power_platform,platform_obligation,privacy_security_reliability,search_ads,strategy_mna_governance",ai_infrastructure_security,2026-06-26,json_ld:datePublished,6.0,133.15,ok,http_200,body_valid,comp_domestic_ai_platform,COMPETITOR_AI_STRATEGY,666.5,,,COMP_DOMESTIC_AI_PLATFORM,domestic,경쟁사_해외이슈,COMPETITOR_AI_STRATEGY,comp_domestic_ai_platform,comp_domestic_ai_platform:데이터센터 키우는 네이버 비대해진 전력 청구서 재계톡톡,comp_domestic_ai_platform:데이터센터 키우는 네이버 비대해진 전력 청구서 재계톡톡,카카오가 경쟁사 전략·리스크·AI/플랫폼 대응을 비교 참고할 이슈,4.0,4.0,5.0,로컬 보조 라벨 / v26.2: overseas structural industry candidate,로컬 보조 라벨 / v26.2: overseas structural industry candidate,issue_selected,,5.0,,
경쟁사_해외이슈,경쟁사/해외이슈,네이버,"네이버, 제2 데이터센터 부지 공모…136곳 접수",아이뉴스24,"Thu, 25 Jun 2026 09:23:42 GMT","네이버, 제2 데이터센터 부지 공모…136곳 접수 아이뉴스24","[아이뉴스24 민혜정 기자] 네이버가 용인시가 퇴짜를 놓은 제 2데이터센터 부지 공개 모집에 나선 결과 100개 이상 전국 지방자치단체와 민간 등이 유치를 희망하는 것으로 집계 됐다. 12일 네이버에 따르면 이 회사는 두 번째 데이터센터 부지 의향서 접수를 마감한 결과 총 136개의 의향서가 들어왔다. 전국 60개 지자체가 78곳 부지에 네이버 제2 데이터센터를 유치하고 싶다며 의향서를 냈다. 민간·개인이 소유한 58개 부지에서도 의향서가 접수됐다. 춘천에 있는 네이버 데이터센터 '각' [네이버 ] 네이버는 이들에게 상세요건이 추가된 제안 요청서를 보냈고, 내달 14일까지 최종제안서를 접수해 최종 부지를 선정할 예정이다. 네이버 관계자는 ""제안요청서에는 안정성과 환경에 대한 부분이 담겨있다""며 ""내년 상반기 착공 가능 여부 및 전력과 통신 등의 인프라에 대해 설명드렸다""고 말했다. 앞서 네이버는 용인 기흥구 공세동에 제2데이터센터를 지을 요량으로 토지를 매입했다. 그러나 네이버는 지역 주민들이 특고압 전기공급시설에서 발생하는 전자파 등이 건강에 위협이 된다며 반발하면서 지난 6월 설립 추진을 철회했다. 네이버가 용인에 데이터센터 설립을 포기하자, 전국 지자체 등이 치열한 센터 유치전을 벌이고 있다.",623,newspaper3k,-10.0,date_failed:original_date_too_old>52h:2019-07-23,16.5,False,https://news.google.com/rss/articles/CBMiTEFVX3lxTFBIVEQ1VV9PYlVrbXdnbUQ3TXpfdjd2azFjQVdJXzRON3pSSlM1S2VSbS1LUFdYM2o5VTAyZXQwWS1qQWp4U2lYVmpFSE4?oc=5,https://mobile.inews24.com/v/1196159,original_date_too_old>52h,,0.0,,,0.0,,,,issue_representative_attempt,I003,comp_domestic_ai_platform:네이버 제2 데이터센터 부지 공모 136곳 접수,네이버,경쟁사/해외이슈,경쟁사_해외이슈,경쟁사_해외이슈,경쟁사_해외이슈,경쟁사/해외이슈,,,아이뉴스24,"Thu, 25 Jun 2026 09:23:42 GMT",False,233.0,ai_infrastructure_security,ai_infrastructure_security,2019-07-23,meta:article:published_time,3.0,-17.45,,,,,,,,,,,,,,,,,,,,,,,,,,
산업동향,산업동향,구글,"인기협, '구글 앱 통행세 확대, 콘텐츠 산업 영향 공개'",아이뉴스24,"Thu, 25 Jun 2026 08:33:45 GMT","인기협, '구글 앱 통행세 확대, 콘텐츠 산업 영향 공개' 아이뉴스24","[아이뉴스24 윤지혜 기자] 구글의 앱 통행세 확대로 모바일 콘텐츠 산업 매출과 생산·노동이 어느정도 감소하는지 실증적 자료가 공개된다. 한국인터넷기업협회가 오는 20일 오전 10시 '구글의 인앱 결제 강제 정책 확대에 따른 콘텐츠 산업의 피해 추정 및 대응방안' 토론회를 온라인으로 개최한다. 앞서 구글은 게임 앱에만 적용하던 인앱 결제(IAP) 시스템을 내년부터 디지털 콘텐츠 앱으로 확대하고, 30%의 결제수수료를 받겠다고 발표했다. 이날 황승흠 국민대 법과대학 교수, 유병준 서울대 경영학과 교수, 신영수 경북대 법학전문대학원 교수가 구글 정책이 국내 콘텐츠 산업에 미치는 경제적 피해 규모를 추정한 후 문화산업적·법률적 대응방안에 대해 발표한다. 이어 황창근 홍익대 법과대학 교수의 진행으로 권헌영 고려대 정보보호대학원 교수, 김현경 서울과기대 IT정책전문대학원 교수, 유재진 한국음반산업협회 국장, 한국소비자연맹 정지연 사무총장이 토론할 예정이다. 박성호 인기협 사무총장은 ""구글의 정책 변경은 기업뿐 아니라 창작자와 소비자 등 인터넷 생태계 전반에 악영향을 미칠 것""이라며 ""구글이 이번에 공개되는 자료와 의견에 귀 기울여 인앱 결제 강제 정책 확대를 전면 재검토하길 바란다""고 말했다.",615,bs4_selector,-10.0,date_failed:original_date_too_old>52h:2020-11-16,120.5,False,https://news.google.com/rss/articles/CBMiTEFVX3lxTE1NNDJXdmlFQU0zVjlmVGlJSi02Mkw2OXVUZjhfQ1gyUjdDN0tRU29fZVc3VWQzS2p1SlhHWmtQZ3g0OGdLQmg5VDVGaWM?oc=5,https://mobile.inews24.com/v/1317104,original_date_too_old>52h,,16.0,global_incident:platform_regulation:google:platform_content_moderation_obligation:announcement,global_incident:platform_regulation:google:platform_content_moderation_obligation,24.0,competitor:platform_obligation,Y,,issue_representative_attempt,I130,global_incident:platform_regulation:google:platform_content_moderation_obligation,구글,경쟁사/해외이슈,경쟁사_해외이슈,경쟁사_해외이슈,산업동향,산업동향,,,아이뉴스24,"Thu, 25 Jun 2026 08:33:45 GMT",True,149.5,"earnings,financial_performance,market_power_platform,platform_obligation,policy_legislation",financial_performance,2020-11-16,meta:article:published_time,3.0,56.35,,,,,,,,,,,,,,,,,,,,,,,,,,
경쟁사_해외이슈,경쟁사/해외이슈,네이버,"네이버, 용인에 두 번째 클라우드 데이터센터 짓는다",아이뉴스24,"Thu, 25 Jun 2026 08:29:18 GMT","네이버, 용인에 두 번째 클라우드 데이터센터 짓는다 아이뉴스24","[아이뉴스24 오지영기자] 네이버가 두 번째 클라우드 데이터센터를 짓는다. 26일 네이버는 오는 2020년 하반기 개관을 목표로 경기도 용인에 새로운 클라우드 데이터센터를 구축하기로 결정했다고 발표했다. 이번 데이터센터 구축은 지난 2013년 강원도 춘천에 구축한 데이터센터 '각' 이후 두 번째다. 네이버는 데이터센터 및 연구시설 구축을 위해 경기도 용인시에 부지 매입을 완료했으며, 새로운 데이터센터 준비를 위해 향후 3년간 총 4천800억원의 비용을 투자할 예정이다. 데이터센터 건립을 통해 최근 인공지능(AI), 자율주행차 등 기술 고도화에 따라 급속히 증가하고 있는 데이터 수요에 탄력적으로 대응하고, 올해 새롭게 오픈한 자사의 클라우드 서비스인 '네이버 클라우드 플랫폼'의 인프라 경쟁력을 강화한다는 게 회사 측의 설명이다. 박원기 네이버 비즈니스 플랫폼(NBP) 대표는 ""미래 산업에서 가장 중요한 건 다이내믹하게 움직이는 엄청난 양의 데이터를 빠르고 정확하게 저장·분석·처리하는 기술"" 이라며 ""데이터센터 추가 건립을 통해 이러한 인프라 경쟁력을 강화, AI 시대에서의 기술 리더십을 더욱 확고히 할 수 있을 것"" 이라고 말했다.",584,bs4_selector,-10.0,date_failed:original_date_too_old>52h:2017-06-26,23.5,False,https://news.google.com/rss/articles/CBMiVkFVX3lxTFBtN05XUzJ2RGRianJOY2NRWHU3N2lTWE9pWnV2ZVg0UFdKQjdGeUxRVzYxcTVkcVRkMGthMlo3WnJXU0EtNlB3ZEFCRHJqQlVYRnB2TlZ3?oc=5,https://mobile.inews24.com/v/mrlted/1031633,original_date_too_old>52h,,7.0,global_incident:platform_regulation:naver:platform_regulation:executive_or_org_change,global_incident:platform_regulation:naver:platform_regulation,0.0,,,,issue_representative_attempt,I004,comp_domestic_ai_platform:네이버 용인에 두 번째 클라우드 데이터센터 짓는다,네이버,경쟁사/해외이슈,경쟁사_해외이슈,경쟁사_해외이슈,경쟁사_해외이슈,경쟁사/해외이슈,,,아이뉴스24,"Thu, 25 Jun 2026 08:29:18 GMT",True,233.0,"ai_infrastructure_security,market_power_platform",ai_infrastructure_security,2017-06-26,meta:article:published_time,3.0,-11.55,,,,,,,,,,,,,,,,,,,,,,,,,,
경쟁사_해외이슈,경쟁사/해외이슈,네이버,네이버 제2데이터센터 부지 후보 10곳 압축,아이뉴스24,"Thu, 25 Jun 2026 01:27:45 GMT",네이버 제2데이터센터 부지 후보 10곳 압축 아이뉴스24,"[아이뉴스24 김국배 기자] 네이버가 제2데이터센터 부지 후보로 10곳을 압축했다. 2일 네이버에 따르면 후보지는 경상북도 구미시·김천시, 대구광역시, 대전광역시, 부산광역시, 세종특별자치시(2개 부지), 충청북도 음성군, 경기도 평택(2개 부지) 등이다. 네이버 측은 ""후보 부지 선정은 투명성, 공정성, 객관성이라는 원칙 아래 외부 전문가에 의해 블라인드 방식으로 검토했다""며 ""10개 부지 제안자와 협의를 거쳐 연내 우선협상대상 부지를 선정할 예정""이라고 말했다. 앞서 네이버는 경기도 용인에 총 5천400억원을 투자해 데이터센터를 건립할 계획이었으나 주민 반대에 무산된 바 있다. /김국배 기자 vermeer@inews24.com",356,bs4_selector,-10.0,date_failed:original_date_too_old>52h:2019-10-02,23.5,False,https://news.google.com/rss/articles/CBMiVkFVX3lxTE1JWks3NVdmeEJycWFzN1ZXa1lEVElQc3JtcTRkNXRIX0REQ2dtVGZCQWFBRFpIVndyLUJxV29qQUtveWsyNGRDaVczamE1ekZfM2w4U293?oc=5,https://mobile.inews24.com/v/mrlted/1212421,original_date_too_old>52h,,0.0,,,0.0,,,,issue_representative_attempt,I005,comp_domestic_ai_platform:네이버 제2데이터센터 부지 후보 10곳 압축,네이버,경쟁사/해외이슈,경쟁사_해외이슈,경쟁사_해외이슈,경쟁사_해외이슈,경쟁사/해외이슈,,,아이뉴스24,"Thu, 25 Jun 2026 01:27:45 GMT",True,233.0,"ai_infrastructure_security,strategy_mna_governance",ai_infrastructure_security,2019-10-02,meta:article:published_time,3.0,-27.55,,,,,,,,,,,,,,,,,,,,,,,,,,
자사_및_계열사_이슈,자사 및 계열사 이슈,카카오,"카카오, KT클라우드와 AI 세이프티 '맞손'…""안전한 AI 생태계 조성""",네이트,"Fri, 26 Jun 2026 08:33:00 GMT","카카오, KT클라우드와 AI 세이프티 '맞손'…""안전한 AI 생태계 조성"" 네이트",,0,v24_pre_body_guardrail,-100.0,never_allow_title_only_low_value_or_caption,,False,https://news.google.com/rss/articles/CBMieEFVX3lxTE9uUnpTUDdMZElIWmloeEZGaERsOEU3OFl2WEc3eHRjT2NvcHJPU0tkUVlicERnRGRabmVjcExLcnU1cUF5bWwzSDRObk9ENE0zcHF2bEJsdTZWRmtGQlBMdDhOMDdjOGZXY196eFVycWJKVVgzckVFTQ?oc=5,https://news.google.com/rss/articles/CBMieEFVX3lxTE9uUnpTUDdMZElIWmloeEZGaERsOEU3OFl2WEc3eHRjT2NvcHJPU0tkUVlicERnRGRabmVjcExLcnU1cUF5bWwzSDRObk9ENE0zcHF2bEJsdTZWRmtGQlBMdDhOMDdjOGZXY196eFVycWJKVVgzckVFTQ?oc=5,,,,,,,,,,issue_representative_attempt,I062,self_filler_reference:카카오 kt클라우드와 ai 세이프티 맞손 안전한 ai 생태계 조성,카카오,자사 및 계열사 이슈,자사_및_계열사_이슈,자사_및_계열사_이슈,자사_및_계열사_이슈,자사 및 계열사 이슈,최종금지_대체필요,fail:never_allow_title_only,,,,,,,,,,,,,,,,,,,,,,,,,,,,,,,,,,,,
자사_및_계열사_이슈,자사 및 계열사 이슈,카카오,"카카오, KT클라우드와 AI 세이프티 '맞손'…""안전한 AI 생태계 조성""",더팩트,"Fri, 26 Jun 2026 08:31:00 GMT","카카오, KT클라우드와 AI 세이프티 '맞손'…""안전한 AI 생태계 조성"" 더팩트",,0,v24_pre_body_guardrail,-100.0,never_allow_title_only_low_value_or_caption,,False,https://news.google.com/rss/articles/CBMiVEFVX3lxTFBQNU9YS1FmYWNCYmIyX2lVQ2tGY2xIcGdiMy10c2dBN1ZGTkpsalhPRWNtc2FQakN4NEJOaHBORnoyMktMUS1qdkxRR2ZKc2JpNEdMbtIBVEFVX3lxTFBQNU9YS1FmYWNCYmIyX2lVQ2tGY2xIcGdiMy10c2dBN1ZGTkpsalhPRWNtc2FQakN4NEJOaHBORnoyMktMUS1qdkxRR2ZKc2JpNEdMbg?oc=5,https://news.google.com/rss/articles/CBMiVEFVX3lxTFBQNU9YS1FmYWNCYmIyX2lVQ2tGY2xIcGdiMy10c2dBN1ZGTkpsalhPRWNtc2FQakN4NEJOaHBORnoyMktMUS1qdkxRR2ZKc2JpNEdMbtIBVEFVX3lxTFBQNU9YS1FmYWNCYmIyX2lVQ2tGY2xIcGdiMy10c2dBN1ZGTkpsalhPRWNtc2FQakN4NEJOaHBORnoyMktMUS1qdkxRR2ZKc2JpNEdMbg?oc=5,,,,,,,,,,issue_representative_attempt,I062,self_filler_reference:카카오 kt클라우드와 ai 세이프티 맞손 안전한 ai 생태계 조성,카카오,자사 및 계열사 이슈,자사_및_계열사_이슈,자사_및_계열사_이슈,자사_및_계열사_이슈,자사 및 계열사 이슈,최종금지_대체필요,fail:never_allow_title_only,,,,,,,,,,,,,,,,,,,,,,,,,,,,,,,,,,,,
자사_및_계열사_이슈,자사 및 계열사 이슈,카카오페이,"카카오페이손보, 글로벌 보안 인증 동시 획득… 정보보호 역량 입증",금융경제신문,"Thu, 25 Jun 2026 01:24:15 GMT","카카오페이손보, 글로벌 보안 인증 동시 획득… 정보보호 역량 입증 금융경제신문","[금융경제신문=최원석 기자] 카카오페이손해보험이 정보보호와 클라우드 보안 분야의 국제 인증을 동시에 획득하며 글로벌 수준의 보안 역량을 인정받았다. 회사는 보험 서비스 운영 전반에 대한 국제 기준 검증을 바탕으로 사용자 정보보호와 서비스 신뢰성 강화에 나설 계획이다. 25일 카카오페이손해보험에 따르면, 국제표준화기구(ISO)가 제정한 정보보호 국제 인증 'ISO 27001'과 클라우드 보안 국제 인증 'ISO 27017'을 동시에 취득했다. 이번 인증은 보험 서비스 운영 환경 전반을 대상으로 진행됐으며, 정보보호 관리체계와 클라우드 보안 운영 역량이 국제 기준에 부합한다는 점을 인정받았다. 카카오페이손해보험은 그동안 사용자 정보보호와 안전한 서비스 제공을 위해 관련 규정을 마련하고 보안 관리체계를 지속적으로 고도화해 왔다. 회사는 이번 인증이 축적된 보안 역량과 운영 체계의 우수성을 객관적으로 검증받았다는 점에서 의미가 있다고 설명했다. 'ISO 27001'은 정보보호 정책과 위험 관리, 접근 통제, 운영 보안, 침해 사고 대응 등 정보보호 관리체계 전반을 평가하는 국제 표준이다. 'ISO 27017'은 데이터 보호와 접근 권한 관리, 가상 환경 보호 등 클라우드 서비스 환경에 특화된 보안 통제와 운영 지침을 평가하는 국제 인증이다. 또한 ISO 인증은 취득 이후에도 매년 사후심사와 정기 갱신심사를 통해 관리체계의 적정성과 운영 수준을 지속적으로 검증받아야 한다. 카카오페이손해보험은 앞으로도 보안 관리체계를 지속적으로 고도화해 사용자가 더욱 안심하고 서비스를 이용할 수 있는 환경을 마련할 계획이다. 김희준 카카오페이손해보험 정보보호최고책임자(CISO)는 ""이번 ISO 27001·27017 인증 취득은 정보보호와 클라우드 보안 역량을 국제적으로 인정받은 결과""라며 ""앞으로도 사용자 정보보호를 최우선 가치로 삼고 신뢰할 수 있는 서비스 환경을 제공하기 위해 보안 관리체계를 지속적으로 강화해 나가겠다""고 말했다. 최원석 기자 cos0214@fetimes.co.kr 삼성·SK 2배 ETF, 상장 첫날 2조원 빨아들였다…코스피 ‘양극화’ 심화 KB국민은행, 효성중공업과 에너지 인프라 사업 협력 확대 농협손해보험, 디지털 상담 혁신으로 서비스 경쟁력 강화 삼성전자, ‘국민과 함께, 감사 페스티벌’ 진행 완판 흥행 이어간다, 국민성장펀드 9월 2차 출시 가닥 환경공단, 2030년까지 사용 전력 100% ‘재생에너지’ 전환 ‘K-소재 강국’ 앞당기는 LS… 희토류·배터리 등 ‘핵심소재 밸류체인’ 가속도 삼성·SK 2배 ETF, 상장 첫날 2조원 빨아들였다…코스피 ‘양극화’ 심화 삼성·SK 2배 ETF, 상장 첫날 2조원 빨아들였다…코스피 ‘양극화’ 심화 KB국민은행, 효성중공업과 에너지 인프라 사업 협력 확대 농협손해보험, 디지털 상담 혁신으로 서비스 경쟁력 강화 삼성전자, ‘국민과 함께, 감사 페스티벌’ 진행 완판 흥행 이어간다, 국민성장펀드 9월 2차 출시 가닥 환경공단, 2030년까지 사용 전력 100% ‘재생에너지’ 전환 ‘K-소재 강국’ 앞당기는 LS… 희토류·배터리 등 ‘핵심소재 밸류체인’ 가속도 삼성·SK 2배 ETF, 상장 첫날 2조원 빨아들였다…코스피 ‘양극화’ 심화 KB국민은행, 효성중공업과 에너지 인프라 사업 협력 확대 농협손해보험, 디지털 상담 혁신으로 서비스 경쟁력 강화 삼성전자, ‘국민과 함께, 감사 페스티벌’ 진행 완판 흥행 이어간다, 국민성장펀드 9월 2차 출시 가닥 환경공단, 2030년까지 사용 전력 100% ‘재생에너지’ 전환 ‘K-소재 강국’ 앞당기는 LS… 희토류·배터리 등 ‘핵심소재 밸류체인’ 가속도 공공분양보다 저렴한 민간분양 등장… 공공택지 분양시장 공식 ‘흔들’ 홈플러스 납품 중소상공인 “납품대금 신속 정산, 당면 위기 넘겨야” K-공작기계, 4월 해외수주 25.7% 증가… AI·반도체 투자 붐 수혜 “클수록 많이 오른다”… 대단지 아파트 ‘장위 푸르지오 마크원’ 분양 시선 이마트, 상반기 결산 ‘인기 상품 할인’ 행사 하이트진로, ‘진로’ 25년 연속 세계 증류주 판매 1위 공공분양보다 저렴한 민간분양 등장… 공공택지 분양시장 공식 ‘흔들’ 홈플러스 납품 중소상공인 “납품대금 신속 정산, 당면 위기 넘겨야” K-공작기계, 4월 해외수주 25.7% 증가… AI·반도체 투자 붐 수혜 “클수록 많이 오른다”… 대단지 아파트 ‘장위 푸르지오 마크원’ 분양 시선 이마트, 상반기 결산 ‘인기 상품 할인’ 행사 하이트진로, ‘진로’ 25년 연속 세계 증류주 판매 1위",2211,bs4_selector,0.0,self_pr_promo_low_ceo_priority,105.2,False,https://news.google.com/rss/articles/CBMibEFVX3lxTE1FeURTM082ZWFPMmd1bnJfV0ZoZVpoS3JGNU9QQ3B1YzdyTnowUmRUUUhLQ1U1SV95SnJSSmZHY0JtQ2JKSGVMSGFmdkhxZXo1RlJqaEZ2RHdBRFJoR19KRFhNLWNVY3JMbUlRRtIBb0FVX3lxTE5NUDRhQllBSlhOZlJESlFEMlBiYzFPVXoyal9Mck1HY2dobHBXQ1lJdnkybW8zMkNzbFFHZUhVMzNuS0dNYUI0bTk4RTFrSW1fNW9iTFozNDJzaFFCWTRMRm45RzEwbVRodkw5RFJEUQ?oc=5,https://www.fetimes.co.kr/news/articleView.html?idxno=127032,original_date_recent,,16.0,global_incident:platform_regulation:kakao:platform_data_protection_obligation:general,global_incident:platform_regulation:kakao:platform_data_protection_obligation,-26.0,self:pr_promo,Y,Y,issue_representative_attempt,I071,self_privacy_security:카카오페이손보 글로벌 보안 인증 동시 획득 정보보호 역량 입증,카카오페이,자사 및 계열사 이슈,자사_및_계열사_이슈,자사_및_계열사_이슈,자사_및_계열사_이슈,자사 및 계열사 이슈,,,금융경제신문,"Thu, 25 Jun 2026 01:24:15 GMT",False,226.8,"phishing_security,platform_obligation,policy_legislation,privacy_security_reliability,self_pr_promo,strategy_mna_governance",security_general,2026-06-25,meta:article:published_time,1.0,123.64,,,,,,,,,,,,,,,,,,,,,,,,,,
정부_국회,정부/국회,딥페이크,[#시큐리티 포커스] 아이티센PNS 'NTRU+ 표준화' 참여·SGA 'CC인증' 획득·스피어AX '피지컬 AI 개발 MOU'·세이지 'AI CCTV 개발 MOU'·펜타시큐 '국가서비스대상' 선정·방미통위 '딥페이크 대응 MOU'·고려대 'KU-ICCSP' 개최,뉴스웍스,"Thu, 25 Jun 2026 09:20:03 GMT",[#시큐리티 포커스] 아이티센PNS 'NTRU+ 표준화' 참여·SGA 'CC인증' 획득·스피어AX '피지컬 AI 개발 MOU'·세이지 'AI CCTV 개발 MOU'·펜타시큐 '국가서비스대상' 선정·방미통위 '딥페이크 대응 MOU'·고려대 'KU-ICCSP' 개최 뉴스웍스,,0,v24_pre_body_guardrail,-100.0,never_allow_title_only_low_value_or_caption,,False,https://news.google.com/rss/articles/CBMib0FVX3lxTE9meV9sQ3hIQmxkWVVOV0pXa3ZmWVh1Nk5Ra0pqWXhyT3JELVE3cHlpTXJsTzFETzdEWlExbDdxT1VYQUtFOTdqSVV1TUU1SU8tUmYzRXZ2bTlWdkJFZkYzRFVORE9QeGNfQjVMWWR3SdIBc0FVX3lxTFBfLU1WenVTR09vSUFlMThRNFRLUVFQdlNHaWE1YjVpcjlDRzI5bEE2R25laDkwRlpnQ0dmRlFlVURnR0l0eU5MQThFUzdYaGkzekZrZDNZYTlqOWFYcUM3aEJ2a1g0WFo2ckJlNkU2SFd4Yjg?oc=5,https://news.google.com/rss/articles/CBMib0FVX3lxTE9meV9sQ3hIQmxkWVVOV0pXa3ZmWVh1Nk5Ra0pqWXhyT3JELVE3cHlpTXJsTzFETzdEWlExbDdxT1VYQUtFOTdqSVV1TUU1SU8tUmYzRXZ2bTlWdkJFZkYzRFVORE9QeGNfQjVMWWR3SdIBc0FVX3lxTFBfLU1WenVTR09vSUFlMThRNFRLUVFQdlNHaWE1YjVpcjlDRzI5bEE2R25laDkwRlpnQ0dmRlFlVURnR0l0eU5MQThFUzdYaGkzekZrZDNZYTlqOWFYcUM3aEJ2a1g0WFo2ckJlNkU2SFd4Yjg?oc=5,,,,,,,,,,issue_representative_attempt,I131,global_incident:platform_regulation:platform_sector:platform_regulation,딥페이크,정부/국회,정부_국회,정부_국회,정부_국회,정부/국회,최종금지_대체필요,fail:never_allow_title_only,,,,,,,,,,,,,,,,,,,,,,,,,,,,,,,,,,,,
경쟁사_해외이슈,경쟁사/해외이슈,네이버,"미래에셋증권, 네이버클라우드와 협업…해외투자정보 번역·요약 서비스 선봬",아이뉴스24,"Thu, 25 Jun 2026 08:14:53 GMT","미래에셋증권, 네이버클라우드와 협업…해외투자정보 번역·요약 서비스 선봬 아이뉴스24","[아이뉴스24 오경선 기자] 미래에셋증권은 인공지능(AI) 기술을 활용한 해외주식 실시간 번역·요약 서비스를 오는 20일 출시한다고 15일 밝혔다. 그동안 국내 투자자들은 시시각각 급변하는 해외정보를 얻는 데 시간과 비용 측면에서 큰 불편을 겪어왔다. 속보를 빠르게 접하고 신속하게 판단하여 대응하기 위한 과정이 해외 현지 투자자에 비해 현저히 느릴 수밖에 없었다. 이러한 문제를 해소하기 위해 미래에셋증권은 고품질의 번역 성능을 자랑하는 네이버클라우드 AI 서비스를 활용해 실시간으로 신속한 양질의 기사를 제공할 예정이다. 네이버클라우드는 한국어 빅데이터를 기반으로 학습시킨 초대규모 자연어모델인 하이퍼클로바를 발빠르게 구축해 국내 AI 생태계를 확장해 왔다. 미래에셋증권은 작년 7월 네이버클라우드와 전략적 AI 협업관계로서의 업무협약(MOU)을 맺었고 이에 대한 결실을 투자자에게 제공하게 됐다. 뉴스의 원천은 로이터(Reuter)와 사우스 차이나 모닝 포스트(SCMP)이며, 점차 다른 뉴스원으로 확대할 예정이다. 5분마다 새로운 기사를 자동으로 번역·요약해 미래에셋증권의 모든 고객들에게 모바일트레이딩시스템(MTS) 앱인 엠스톡(M-STOCK)과 홈트레이딩시스템(HTS)인 카이로스를 통해 무료로 서비스한다. 현지 원문 뉴스는 방대한 데이터를 축적한 네이버클라우드의 인공신경망 알고리즘을 통해 각각 번역과 요약의 과정을 거친다. 이후 미래에셋증권의 고유의 기술을 활용해 금융용어에 맞도록 미세조정과 최적화 과정을 진행하고, 마지막으로 BERT를 네이버클라우드의 언어모델에 적용해 해당 뉴스의 긍·부정과 중요도를 판별한다. BERT란 구글과 오픈AI에서 활용하는 알고리즘이며 텍스트 분석 분야에서 최고의 성능을 보여주는 알고리즘 중 하나이다. 안인성 미래에셋증권 디지털 부문 대표는 ""미래에셋증권은 디지털과 AI의 가속화로 넘버원(No.1) 글로벌 투자플랫폼을 완성한다는 큰 목표 하에 기민하게 대응해 왔다""며 ""고객 맞춤형 투자정보와 시그널을 제공하는 '넥스트 베스트 액션(Next Best Action)'을 AI PB라고 하는 이름으로 구축했고, 앞으로도 AI 기반 자산관리를 업계에서 선도함으로써 고객에게 획기적인 투자경험을 제공하겠다""고 말했다.",1097,bs4_selector,-10.0,date_failed:original_date_too_old>52h:2023-02-15,138.5,False,https://news.google.com/rss/articles/CBMiVkFVX3lxTE1tVzhyUmVHUHI2N3BsVks3SUhRams0UVNrU1hHQ3k3eXZlUWpyMFEteDBPQ2dScTBkbTFxbExSTUwyMFY0WkFNS21IMDdWX1JYcWxXSnhB?oc=5,https://mobile.inews24.com/v/mrlted/1567448,original_date_too_old>52h,,7.0,global_incident:platform_regulation:naver:platform_data_protection_obligation:general,global_incident:platform_regulation:naver:platform_data_protection_obligation,24.0,competitor:platform_obligation,Y,,issue_representative_attempt,I012,comp_domestic_ai_platform:미래에셋증권 네이버클라우드와 협업 해외투자정보 번역 요약 서비스 선봬,네이버,경쟁사/해외이슈,경쟁사_해외이슈,경쟁사_해외이슈,경쟁사_해외이슈,경쟁사/해외이슈,,,아이뉴스24,"Thu, 25 Jun 2026 08:14:53 GMT",True,300.0,"ai_agent,ai_infrastructure_security,digital_asset_stablecoin,labor_dispute,market_power_platform,platform_obligation,policy_legislation",labor_general,2023-02-15,meta:article:published_time,3.0,76.95,,,,,,,,,,,,,,,,,,,,,,,,,,
경쟁사_해외이슈,경쟁사/해외이슈,네이버,"네이버, AI탭 정식 출시…""검색창에서 바로 사용""",뉴스1,"Fri, 26 Jun 2026 00:41:05 GMT","네이버, AI탭 정식 출시…""검색창에서 바로 사용"" 뉴스1",,0,failed,0.0,empty,19.5,False,https://news.google.com/rss/articles/CBMiX0FVX3lxTFBvQkhPdkoybFBEMU9ZS0U5TDhWUUpMVTFrMXhNeTlPMkJMOGZiMG0yWjVNSE5PeDUwR0lzRHBHVVZDSVpQVzRrVVF3TlF6RUlGMmZ4TkN2bnRoS09kVFhV?oc=5,https://www.news1.kr/it-science/general-it/6208966/amp,no_original_date_found_kept,,0.0,,,0.0,,,,issue_representative_attempt,I018,comp_domestic_ai_platform:네이버 ai탭 정식 출시 검색창에서 바로 사용,네이버,경쟁사/해외이슈,경쟁사_해외이슈,경쟁사_해외이슈,경쟁사_해외이슈,경쟁사/해외이슈,,,뉴스1,"Fri, 26 Jun 2026 00:41:05 GMT",False,215.5,"ai_agent,ai_infrastructure_security,search_ads",ai_infrastructure_security,,no_original_date_found,0.0,-5.35,,,,,,,,,,,,,,,,,,,,,,,,,,
경쟁사_해외이슈,경쟁사/해외이슈,네이버,“3명 예약 가능한 종로 식당 추천해줘”…네이버 대화형 검색 ‘AI탭’ 출시,쿠키뉴스,"Fri, 26 Jun 2026 02:31:44 GMT",“3명 예약 가능한 종로 식당 추천해줘”…네이버 대화형 검색 ‘AI탭’ 출시 쿠키뉴스,,0,failed,0.0,empty,19.5,False,https://news.google.com/rss/articles/CBMiY0FVX3lxTFBzZE1PZTFhSnhEckNMWXYxNFlrcG9VZy1lOVQyR0wzcHcxYzRVYjZsdlZLMFhMUUYzTXJnWko5MVpjTzBCLXJ2blI5VDlQX1AzN0FDemdlVTNIVjRJRWZXVXVGQQ?oc=5,https://www.kukinews.com/article/view/kuk202606260058,no_original_date_found_kept,,16.0,,,0.0,,,,issue_representative_attempt,I027,comp_domestic_ai_platform:3명 예약 가능한 종로 식당 추천해줘 네이버 대화형 검색 ai탭 출시,네이버,경쟁사/해외이슈,경쟁사_해외이슈,경쟁사_해외이슈,경쟁사_해외이슈,경쟁사/해외이슈,,,쿠키뉴스,"Fri, 26 Jun 2026 02:31:44 GMT",False,211.5,"ai_agent,ai_infrastructure_security,search_ads",ai_infrastructure_security,,no_original_date_found,0.0,-19.35,,,,,,,,,,,,,,,,,,,,,,,,,,
경쟁사_해외이슈,경쟁사/해외이슈,네이버,"네이버, 대화형 생성형 AI 검색 서비스 'AI탭' 정식 출시",비즈니스포스트,"Fri, 26 Jun 2026 02:21:05 GMT","네이버, 대화형 생성형 AI 검색 서비스 'AI탭' 정식 출시 비즈니스포스트",,0,failed,0.0,empty,19.5,False,https://news.google.com/rss/articles/CBMic0FVX3lxTE9FVTd3eEg0SEpoWVpXQVcxT1NqWkdJbW9iY0xiQWp4VEk0TFk0V2pzNGU5OUswaXVJSlJRaGtWOVNGN2tIMUdkRjdaZUdrbHdwR3pJQnBwd1dUU3BHdHZkdy1SN1ItZUg1bExfdFpGV0JJbkk?oc=5,https://www.businesspost.co.kr/BP?command=article_view&num=440926,no_original_date_found_kept,,0.0,,,0.0,,,,issue_representative_attempt,I028,comp_domestic_ai_platform:네이버 대화형 생성형 ai 검색 서비스 ai탭 정식 출시,네이버,경쟁사/해외이슈,경쟁사_해외이슈,경쟁사_해외이슈,경쟁사_해외이슈,경쟁사/해외이슈,,,비즈니스포스트,"Fri, 26 Jun 2026 02:21:05 GMT",False,211.5,"ai_agent,ai_infrastructure_security,search_ads",ai_infrastructure_security,,no_original_date_found,0.0,-19.35,,,,,,,,,,,,,,,,,,,,,,,,,,
경쟁사_해외이슈,경쟁사/해외이슈,네이버,"네이버, 대화형 검색 'AI탭' 전체 사용자 대상 정식 출시",포인트데일리,"Fri, 26 Jun 2026 01:54:28 GMT","네이버, 대화형 검색 'AI탭' 전체 사용자 대상 정식 출시 포인트데일리","[포인트데일리 손지하 기자] 네이버가 생성형 AI 기반 대화형 검색 서비스 'AI탭'을 전체 사용자를 대상으로 정식 출시한다고 26일 밝혔다. 이에 따라 모바일 시대 연결과 발견의 상징이었던 네이버앱 검색홈의 '그린닷'이 AI탭 중심으로 재편된다. 멀티모달 검색 도구 '스마트렌즈'는 검색창에서 바로 이용할 수 있도록 AI탭 버튼 옆에 배치됐다. AI탭은 지난 4월 네이버플러스 멤버십 이용자를 대상으로 베타 서비스를 시작한 이후 약 2개월 만에 누적 사용자 400만명을 돌파했다. 베타 서비스 기간 동안 상품·장소 카드 클릭률(CTR)은 각각 20% 이상을 기록했다. AI탭을 11회 이상 방문한 사용자는 1회 방문 사용자 대비 상품 클릭이 2.7배, 장소 클릭이 2배 높게 나타났다. 정식 버전에는 네이버 지도 및 실시간 예약 가능 시간대를 답변 안에서 안내하는 기능이 추가됐다. 사용자는 식당·카페 등을 탐색하면서 지도 확인부터 예약까지 한 흐름 안에서 이어갈 수 있다. 오는 7월부터는 AI 브리핑 하단 대화창에서도 AI탭으로 진입할 수 있게 된다. 하반기에는 맞춤형 부동산 매물 추천 기능과 건강검진 결과지를 기반으로 한 건강 에이전트 기능도 선보인다. 연내에는 '웨일 브라우저'에도 AI탭을 탑재할 예정이다. 김광현 네이버 CDO는 ""AI탭은 네이버의 독보적인 서비스 생태계와 데이터 인프라, AI 기술력이 집약된 대표 사례""라며 ""탐색에서 실행까지 연결되는 차별화된 에이전트 경험을 지속 확대해 나갈 것""이라고 말했다. 손지하 기자 kojh0124@pointdaily.co.kr '불황에도 달렸다'···볼보트럭, 30년 서비스 경쟁력으로 선두 질주 군살 뺀 SK, 다음 판은 AI 전력 [출근길 포인트] 트럼프 ""이란과 협상 타결""..""호르무즈 통행료 없이 개방"" 6·3 지선 이후 불붙은 기업은행 대구 이전…현실화될까 지난해 쿠팡 이어 올해 CJ·티빙·BGF도 '털렸다'…유통업계, 개인연계정보 유출 '비상' AI 전력난에 SMR 발주전 본격화…두산에너빌리티 성장 기대 강화 [현장] 로봇이 철근 묶고 AI가 관리하고···코엑스에 뜬 미래 건설현장 '불황에도 달렸다'···볼보트럭, 30년 서비스 경쟁력으로 선두 질주 '불황에도 달렸다'···볼보트럭, 30년 서비스 경쟁력으로 선두 질주 군살 뺀 SK, 다음 판은 AI 전력 [출근길 포인트] 트럼프 ""이란과 협상 타결""..""호르무즈 통행료 없이 개방"" 6·3 지선 이후 불붙은 기업은행 대구 이전…현실화될까 지난해 쿠팡 이어 올해 CJ·티빙·BGF도 '털렸다'…유통업계, 개인연계정보 유출 '비상' AI 전력난에 SMR 발주전 본격화…두산에너빌리티 성장 기대 강화 [현장] 로봇이 철근 묶고 AI가 관리하고···코엑스에 뜬 미래 건설현장 '불황에도 달렸다'···볼보트럭, 30년 서비스 경쟁력으로 선두 질주 [출근길 포인트] 트럼프 ""이란과 협상 타결""..""호르무즈 통행료 없이 개방"" 6·3 지선 이후 불붙은 기업은행 대구 이전…현실화될까 지난해 쿠팡 이어 올해 CJ·티빙·BGF도 '털렸다'…유통업계, 개인연계정보 유출 '비상' AI 전력난에 SMR 발주전 본격화…두산에너빌리티 성장 기대 강화 [현장] 로봇이 철근 묶고 AI가 관리하고···코엑스에 뜬 미래 건설현장 세계 최강 배틀그라운드 가린다…'치킨 걸고' 24개국 120명 격돌 [퇴근길포인트] 제네시스, 부산서 '마그마' 띄웠다···럭셔리 다음은 고성능 카카오-KT클라우드, 안전한 AI 생태계 구축 MOU 체결 KB증권, 1조원 유상증자 단행…초대형 IB 경쟁력 다지기 [부산모빌리티쇼] BMW, 부산서 혁신 기술 공개…전동화 시대 이끈다 실적서 고객으로…은행권 하반기 소비자보호 전면 재정비 세계 최강 배틀그라운드 가린다…'치킨 걸고' 24개국 120명 격돌 [퇴근길포인트] 제네시스, 부산서 '마그마' 띄웠다···럭셔리 다음은 고성능 카카오-KT클라우드, 안전한 AI 생태계 구축 MOU 체결 KB증권, 1조원 유상증자 단행…초대형 IB 경쟁력 다지기 [부산모빌리티쇼] BMW, 부산서 혁신 기술 공개…전동화 시대 이끈다 실적서 고객으로…은행권 하반기 소비자보호 전면 재정비",2020,bs4_selector,86.0,relevance_failed:v43_weak_filler_or_distant_industry,146.0,True,https://news.google.com/rss/articles/CBMicEFVX3lxTE9DMHotaUpQeS0wTmNfQ3VkeDdnTDhGbFBLcHVTUGU2UmNKSzBTdWR4RGw3QlBZRzFKVzBPT3dqb2RGOVdfY2VDSzZydE9fRF85RXd6SGM2UkRxU2tJLV9kY1YtRFR0OTgzcjRsY0s4VEvSAXRBVV95cUxOYlRlVlBTNXRoa3NuSFktOFZDTTNtSXBtaXAwRmVQUmRaTmJ4UlhyWW1lZDFkSl9jeDdTeHFDNURSZlJxRGNsMmhxVnd6SEJPaE5Mc2w4eWhsaG4xa3Voc1dFRUNIaU9TYkpkbjZ0MThzUGxmdg?oc=5,https://www.pointdaily.co.kr/news/articleView.html?idxno=309737,original_date_recent,privacy_security:tving:data_leak:initial_investigation_response,23.0,global_incident:platform_regulation:kakao:platform_data_protection_obligation:announcement,global_incident:platform_regulation:kakao:platform_data_protection_obligation,24.0,self:platform_obligation,Y,,issue_representative_attempt,I030,comp_domestic_ai_platform:네이버 대화형 검색 ai탭 전체 사용자 대상 정식 출시,네이버,경쟁사/해외이슈,경쟁사_해외이슈,경쟁사_해외이슈,경쟁사_해외이슈,경쟁사/해외이슈,본문추출성공,pass:competitor_guardrail_pass,포인트데일리,"Fri, 26 Jun 2026 01:54:28 GMT",False,211.5,"ai_agent,ai_infrastructure_security,earnings,financial_performance,kim_beomsoo_trial,platform_obligation,privacy_security_reliability,search_ads,strategy_mna_governance",ai_infrastructure_security,2026-06-26,meta:article:published_time,1.0,229.6,ok,http_200,body_valid,comp_domestic_ai_platform,COMPETITOR_AI_STRATEGY,631.5,,,COMP_DOMESTIC_AI_PLATFORM,domestic,경쟁사_해외이슈,COMPETITOR_AI_STRATEGY,comp_domestic_ai_platform,comp_domestic_ai_platform:네이버 대화형 검색 ai탭 전체 사용자 대상 정식 출시,comp_domestic_ai_platform:네이버 대화형 검색 ai탭 전체 사용자 대상 정식 출시,카카오가 경쟁사 전략·리스크·AI/플랫폼 대응을 비교 참고할 이슈,4.0,4.0,5.0,로컬 보조 라벨 / v26.2: overseas structural industry candidate,로컬 보조 라벨 / v26.2: overseas structural industry candidate,issue_selected,,11.0,,pass:representative_aligned
경쟁사_해외이슈,경쟁사/해외이슈,네이버,"네이버, 대화형 검색 ‘AI탭’ 정식 출시 발표",디지털 인사이트 DIGITAL iNSIGHT,"Fri, 26 Jun 2026 01:19:55 GMT","네이버, 대화형 검색 ‘AI탭’ 정식 출시 발표 디지털 인사이트 DIGITAL iNSIGHT",,0,failed,0.0,empty,19.5,False,https://news.google.com/rss/articles/CBMi9wFBVV95cUxNXzBfTGNVVk9WX0lkV0x4dTZISHZDTF9iSTdDTUE1QmxjaGZDT0w3LVNFQUt1TXRqcFhLSUt4WUhRV3NmZUZUMm4weGpEbFB5Q3JGNTVJQ0MzSFY5Yl8zNUhFQmFNa09rZHZZZEwzdTNRQ0k0WWl0WFBJeWdHdjlzRzB3UXhQNUtRSXFXbE5YQkVkSVJaT3NWWlluMTR6eENHU0xCcWZLZ0hvdDJwcnNPYjZkaGx0R1UxYnBTN3hsd3hjNXlfejgwaTRGS19kWXRxVFpEaUhIbnEtdG8xUmd2UkNFWks2cjdsQXVKUU5lMHhIaDk0VzBn?oc=5,https://ditoday.com/%EB%84%A4%EC%9D%B4%EB%B2%84-%EB%8C%80%ED%99%94%ED%98%95-%EA%B2%80%EC%83%89-ai%ED%83%AD-%EC%A0%95%EC%8B%9D-%EC%B6%9C%EC%8B%9C-%EB%B0%9C%ED%91%9C,no_original_date_found_kept,,16.0,,,0.0,,,,issue_representative_attempt,I032,comp_domestic_ai_platform:네이버 대화형 검색 ai탭 정식 출시 발표,네이버,경쟁사/해외이슈,경쟁사_해외이슈,경쟁사_해외이슈,경쟁사_해외이슈,경쟁사/해외이슈,,,디지털 인사이트 DIGITAL iNSIGHT,"Fri, 26 Jun 2026 01:19:55 GMT",False,211.5,"ai_agent,ai_infrastructure_security,search_ads",ai_infrastructure_security,,no_original_date_found,0.0,-19.35,,,,,,,,,,,,,,,,,,,,,,,,,,
경쟁사_해외이슈,경쟁사/해외이슈,네이버,"[Digital & Now] 네이버, 대화형 검색 'AI탭' 정식 출시",ebn.co.kr,"Fri, 26 Jun 2026 00:23:20 GMT","[Digital & Now] 네이버, 대화형 검색 'AI탭' 정식 출시 ebn.co.kr","‘매관매직 혐의’ 김건희 1심 징역 7년…“일반 국민은 갖기 어려운 고가 물품 거리낌 없이” FIFA 인사이트 “남아공전 패배, 홍명보 전략 패착”… ‘사임’ 거론 이례적 맹공 金총리 ‘호남 반도체’ 비판에 “정부 압박으로 좌우되겠나” [단독]“촉법이니까”… 무인 점포 훼손한 학생 부모의 민낯 [단독]10월 검찰청 폐지되는데 민사경 어쩌나… 서울시, 검·경 출신 영입 [속보] 광화문 일민미술관서 시민 흉기 찌르고 도주한 70대男 긴급체포 NCT 재현, 비키니女와 휴가 포착…열애설 의혹에 “사촌동생” “20대에게 헌팅 당했다”는 50대 ‘애둘맘’ 연예인…얼마나 동안이길래 [서울데이터랩]마감 직후 인기 검색 종목 20選 [마감시황] 코스닥 4.10% 급락…851.37 마감, 외국인·기관 순매수에도 투매 우세 “한국 축구팀, 일부러 진 거 아니야?”…해외서 ‘황당 의혹’ 퍼지는 이유 [핫이슈] “한국 잠수함은 영어 못해서 탈락”…독일 측 폄하 발언 논란, 캐나다 반응은? [밀리터리+] “10만 명 사망할 수도…” 베네수엘라 100년 만에 최악의 연쇄 지진 [핫이슈] “한국 잠수함은 미끼…캐나다, 한국 돈으로 트럼프 관세 손해 만회” [밀리터리+] 푸틴, 진짜 ‘거지’ 될라…러시아 석유 판매 수익금, 우크라 통장에 꽂힌다 [핫이슈] ‘매관매직 혐의’ 김건희 1심 징역 7년…“일반 국민은 갖기 어려운 고가 물품 거리낌 없이” FIFA 인사이트 “남아공전 패배, 홍명보 전략 패착”… ‘사임’ 거론 이례적 맹공 金총리 ‘호남 반도체’ 비판에 “정부 압박으로 좌우되겠나” [단독]“촉법이니까”… 무인 점포 훼손한 학생 부모의 민낯 [단독]10월 검찰청 폐지되는데 민사경 어쩌나… 서울시, 검·경 출신 영입 ‘매관매직 혐의’ 김건희 1심 징역 7년…“일반 국민은 갖기 어려운 고가 물품 거리낌 없이” FIFA 인사이트 “남아공전 패배, 홍명보 전략 패착”… ‘사임’ 거론 이례적 맹공 金총리 ‘호남 반도체’ 비판에 “정부 압박으로 좌우되겠나” [단독]“촉법이니까”… 무인 점포 훼손한 학생 부모의 민낯 [단독]10월 검찰청 폐지되는데 민사경 어쩌나… 서울시, 검·경 출신 영입 [속보] 광화문 일민미술관서 시민 흉기 찌르고 도주한 70대男 긴급체포 NCT 재현, 비키니女와 휴가 포착…열애설 의혹에 “사촌동생” “20대에게 헌팅 당했다”는 50대 ‘애둘맘’ 연예인…얼마나 동안이길래 [서울데이터랩]마감 직후 인기 검색 종목 20選 [마감시황] 코스닥 4.10% 급락…851.37 마감, 외국인·기관 순매수에도 투매 우세 [속보] 광화문 일민미술관서 시민 흉기 찌르고 도주한 70대男 긴급체포 NCT 재현, 비키니女와 휴가 포착…열애설 의혹에 “사촌동생” “20대에게 헌팅 당했다”는 50대 ‘애둘맘’ 연예인…얼마나 동안이길래 [서울데이터랩]마감 직후 인기 검색 종목 20選 [마감시황] 코스닥 4.10% 급락…851.37 마감, 외국인·기관 순매수에도 투매 우세 “한국 축구팀, 일부러 진 거 아니야?”…해외서 ‘황당 의혹’ 퍼지는 이유 [핫이슈] “한국 잠수함은 영어 못해서 탈락”…독일 측 폄하 발언 논란, 캐나다 반응은? [밀리터리+] “10만 명 사망할 수도…” 베네수엘라 100년 만에 최악의 연쇄 지진 [핫이슈] “한국 잠수함은 미끼…캐나다, 한국 돈으로 트럼프 관세 손해 만회” [밀리터리+] 푸틴, 진짜 ‘거지’ 될라…러시아 석유 판매 수익금, 우크라 통장에 꽂힌다 [핫이슈] “한국 축구팀, 일부러 진 거 아니야?”…해외서 ‘황당 의혹’ 퍼지는 이유 [핫이슈] “한국 잠수함은 영어 못해서 탈락”…독일 측 폄하 발언 논란, 캐나다 반응은? [밀리터리+] “10만 명 사망할 수도…” 베네수엘라 100년 만에 최악의 연쇄 지진 [핫이슈] “한국 잠수함은 미끼…캐나다, 한국 돈으로 트럼프 관세 손해 만회” [밀리터리+] 푸틴, 진짜 ‘거지’ 될라…러시아 석유 판매 수익금, 우크라 통장에 꽂힌다 [핫이슈]",1916,bs4_selector,68.0,body_validation_failed:body_keyword_mismatch:hits=1/terms=14,-86.5,False,https://news.google.com/rss/articles/CBMiaEFVX3lxTE5CT2Q2ZnNiZzhSWFdld0RCazg3OEZ6YVpFdTZTSWdkUHVRcFFmNEJIODdsMllFS01JSGlHaWYxNThyRUk0YjhsTVBJNFhfdWtJZG1SdktvVWNpRlZpQm5EWEF6R1BxWFJK?oc=5,https://www.ebn.co.kr/news/articleView.html?idxno=1714011,original_date_recent,,16.0,global_incident:leadership_service:naver:executive_change:executive_or_org_change,global_incident:leadership_service:naver:executive_change,18.0,,,,issue_representative_attempt,I045,comp_domestic_ai_platform:digital now 네이버 대화형 검색 ai탭 정식 출시,네이버,경쟁사/해외이슈,경쟁사_해외이슈,경쟁사_해외이슈,경쟁사_해외이슈,경쟁사/해외이슈,본문오염의심_대체필요,,ebn.co.kr,"Fri, 26 Jun 2026 00:23:20 GMT",False,209.5,"ai_agent,ai_infrastructure_security,legal_regulatory_enforcement,policy_legislation,search_ads",ai_infrastructure_security,2026-06-26,json_ld:datePublished,4.0,47.65,ok,http_200,body_keyword_mismatch:hits=1/terms=14,,,,,,,,,,,,,,,,,,,,,,,
경쟁사_해외이슈,경쟁사/해외이슈,구글,"SK텔레콤, 구글과 5G 통신 인프라 협력 강화",아이뉴스24,"Thu, 25 Jun 2026 08:24:28 GMT","SK텔레콤, 구글과 5G 통신 인프라 협력 강화 아이뉴스24","[조석근기자] SK텔레콤(대표 장동현)은 10일 구글 주도의 통신 인프라 혁신 프로젝트 '오픈 컨피그'에 참여한다고 발표했다. SK텔레콤은 이번 참여가 아시아 지역 업체들 중 처음이며 자사의 적극적인 글로벌 기술협력 참여 결과로 구글의 제안에 따라 이뤄졌다고 강조했다. 오픈 컨피그는 네트워크 장비 제조사별로 상이한 운영환경의 효율성을 제고하고 그 개선 방안을 공동으로 연구·개발하는 단체다. 2014년 10월 설립됐으며 회원사들 사이 핫라인을 통해 핵심기술을 공유하고 테스트한다. 기존 네트워크 장비 제조사들은 서로 다른 표준을 적용하고 있다. 이를 활용하는 통신사와 서비스 업체들의 입장에선 호환성 문제를 해결해야 한다. 서로 다른 네트워크 업체들의 장비별로 통합 모니터링을 위한 별도 시스템을 개발하고 각 제조사의 유지보수 정책에 따라 개별적인 업데이트를 시행해야 한다는 것이다. 이같은 문제에 대응하기 위해 구글, 페이스북, 버라이즌, AT&T, 도이치텔레콤, 애플 등 15개 주요 글로벌 기업 60여명의 전문가들이 공동 연구·개발에 나선 것이다. SK텔레콤은 5명의 전문가를 주요 연구 프로젝트에 참여시킬 계획이다. 한편 SK텔레콤은 앞서 페이스북과도 사업협력 계획을 발표했다. 양사는 지난 1월부터 이동통신 산업에 최적화된 데이터 처리 시스템 설계와 핵심 기술 개발을 위한 'OCP 텔코 프로젝트(Telco Project)에 참여 중이다. 지난 MWC 2016에선 노키아, 인텔 등과 함께 통신 인프라 고도화 및 모바일 서비스 혁신을 위한 연합체 'TIP'를 공동 설립했다. SK텔레콤 최진성 종합기술원장(CTO)는 ""홀로그램, 가상현실, 초고화질 콘텐츠의 대중화로 데이터 트래픽 폭증이 예상되는 5G 시대에 대비해 데이터 처리 효율성을 극대화 하기 위한 통신 인프라를 개발 중""이라며 ""페이스북, 구글 등 글로벌 ICT 리더들과 협력을 통해 통신 산업의 진화를 선도할 것""이라고 강조했다. /조석근기자 feelsogood@inews24.com",982,trafilatura,-10.0,date_failed:original_date_too_old>52h:2016-03-10,77.5,False,https://news.google.com/rss/articles/CBMiS0FVX3lxTE1HVFJwVTJnbUw4OUh5R1lhVFhtVXpocXk2bEJWZHlHbkZQcG83SU5Ud2lBaDlKdDZpd1BhUS1QM3VpcXYzS1l6dko0MA?oc=5,https://mobile.inews24.com/v/946523,original_date_too_old>52h,,23.0,global_incident:platform_regulation:hongkong_els:platform_content_moderation_obligation:policy_change,global_incident:platform_regulation:hongkong_els:platform_content_moderation_obligation,48.0,competitor:platform_obligation,Y,,issue_representative_attempt,I046,comp_domestic_strategy:sk텔레콤 구글과 5g 통신 인프라 협력 강화,구글,경쟁사/해외이슈,경쟁사_해외이슈,경쟁사_해외이슈,경쟁사_해외이슈,경쟁사/해외이슈,,,아이뉴스24,"Thu, 25 Jun 2026 08:24:28 GMT",False,300.0,"platform_obligation,policy_legislation",platform_obligation,2016-03-10,meta:article:published_time,3.0,36.25,,,,,,,,,,,,,,,,,,,,,,,,,,
경쟁사_해외이슈,경쟁사/해외이슈,SKT,"IBK투자 ＂SKT, 2분기 실적 추정치 부합…이익회복 국면 진입＂",한국경제TV,"Thu, 25 Jun 2026 23:28:00 GMT","IBK투자 ＂SKT, 2분기 실적 추정치 부합…이익회복 국면 진입＂ 한국경제TV","IBK투자 ""SKT, 2분기 실적 추정치 부합…이익회복 국면 진입"" (서울=연합뉴스) 황철환 기자 = IBK투자증권은 SK텔레콤[017670]의 올해 2분기 실적이 컨센서스(시장평균전망치)에 대체로 부합하면서 이익 회복 국면에 진입할 것이라고 26일 전망했다. 김태현 연구원은 ""2분기 연결 영업이익이 전년 대비 57.5% 증가한 5천328억원으로 전망돼 컨센서스(5천274억원)와 당사 기존 추정치(5천231억원)에 대체로 부합할 전망이다""라고 말했다. 이어 ""작년 2분기 신규 영업정지와 가입자 이탈, 전 가입자를 대상으로 한 2천억원 상당의 유심 교체 비용 등이 반영된 데 따른 기저효과가 클 것으로 예상한다""고 설명했다. 별도 기준 매출은 3조1천37억원으로 작년 같은 기간보다 1% 감소하지만, 영업이익은 4천252억원으로 69.5% 증가할 것으로 예상됐다. 김 연구원은 ""5G 보급률 확대에 따라 고가 요금제 가입자 비중이 꾸준히 상승하고 있으나, 작년 사이버 침해 사고 이후 발생한 가입자 감소 영향으로 매출은 전년 대비 소폭 감소할 것""이라고 예상했다. 다만 ""지난해에는 유통망 손실 보상과 유심 교체 대리점 수수료 등 지급수수료 증가와 유심 교체 관련 기타 영업비용이 일회성 비용으로 반영됐던 만큼 영업이익은 큰 폭으로 증가할 것""으로 내다봤다. SK브로드밴드의 매출과 영업이익은 각각 1조1천522억원과 1천60억원으로 2.9%와 15.5% 증가할 것으로 예상하면서 ""데이터센터 부문의 견조한 성장세가 지속될 것으로 예상한다""고 말했다. 김 연구원은 ""작년 3∼4분기에는 요금 할인과 멤버십 혜택 확대 등 고객 감사 패키지 비용 5천억원가량이 반영됐던 점을 고려하면 올해 하반기에도 이익 회복세가 안정적으로 이어질 가능성이 크다""고 말했다. 이어 ""해킹 사고 이전 수준으로 연간 실적 정상화가 기대되는 만큼 연간 배당금 역시 2024년 수준인 3천540원(전일 종가 기준 배당수익률: 3.9%)으로 회복될 가능성이 높다""고 진단했다. IBK투자증권은 SK텔레콤에 대해 투자의견 '매수'와 목표주가 10만7천원을 유지했다. 현 주가는 전일 종가 기준 9만1천400원이다. hwangch@yna.co.kr (끝) <",1080,trafilatura,70.0,relevance_failed:v43_weak_filler_or_distant_industry,72.0,True,https://news.google.com/rss/articles/CBMifEFVX3lxTE94TnA1Sm1MZWRDbmJIWjVrenBVYlNYa3FZdnJNV045bzNmdTNfMlBvamNSQWx2QnFQYmxjSlc3Y0JUZFIxYXh5eGhEUDFrRzF6VGRUeE41WjBFNW80OFNoQklRTTRIRHlndDIyVnVIaWhuMWJhUnZ1eDVRNzE?oc=5,https://m.wowtv.co.kr/NewsCenter/AMP/Read?articleId=AKR20260626022400008,no_original_date_found_kept,privacy_security:skt:data_leak:initial_investigation_response,7.0,global_incident:platform_regulation:skt:delivery_app_fee_policy:executive_or_org_change,global_incident:platform_regulation:skt:delivery_app_fee_policy,0.0,,,,issue_representative_attempt,I047,comp_domestic_strategy:ibk투자 skt 2분기 실적 추정치 부합 이익회복 국면 진입,SKT,경쟁사/해외이슈,경쟁사_해외이슈,경쟁사_해외이슈,경쟁사_해외이슈,경쟁사/해외이슈,본문추출성공,pass:competitor_guardrail_pass,한국경제TV,"Thu, 25 Jun 2026 23:28:00 GMT",False,224.0,"ai_infrastructure_security,earnings,financial_performance,market_power_platform,phishing_security,privacy_security_reliability,self_pr_promo",security_hacking_incident,,no_original_date_found,0.0,140.9,ok,http_200,body_valid,comp_domestic_strategy,COMPETITOR_AI_STRATEGY,615.5,,,COMP_DOMESTIC_STRATEGY,domestic,경쟁사_해외이슈,COMPETITOR_AI_STRATEGY,comp_domestic_strategy,comp_domestic_strategy:ibk투자 skt 2분기 실적 추정치 부합 이익회복 국면 진입,comp_domestic_strategy:ibk투자 skt 2분기 실적 추정치 부합 이익회복 국면 진입,카카오가 경쟁사 전략·리스크·AI/플랫폼 대응을 비교 참고할 이슈,4.0,4.0,5.0,로컬 보조 라벨 / v26.2: overseas structural industry candidate,로컬 보조 라벨 / v26.2: overseas structural industry candidate,issue_selected,,12.0,,pass:representative_aligned
경쟁사_해외이슈,경쟁사/해외이슈,네이버,네이버 블로거 2천200명 개인정보 유출,아이뉴스24,"Thu, 25 Jun 2026 05:12:06 GMT",네이버 블로거 2천200명 개인정보 유출 아이뉴스24,"[아이뉴스24 민혜정 기자] 네이버 블로그 운영자(블로거) 2천200여명의 원천징수영수증에 포함된 개인정보가 유출되는 사고가 일어났다. 30일 네이버에 따르면 이날 새벽 네이버 블로그에 광고를 노출하는 애드포스트 서비스 일부 이용자들에게 원천징수영수증 발급을 위해 이메일을 발송하면서, '원천징수영수증 발송 시스템' 오류로 다른 이용자의 개인정보 일부가 첨부파일에 포함되는 일이 발생했다. 문제가 된 개인정보는 원천징수영수증 내 포함된 성명, 주소, 주민등록번호, 애드포스트 지급액 등 이다. 네이버는 이번 유출 사고가 원천징수영수증 메일을 받으신 일부 이용자에게 해당되며, 이를 2천200여명 규모로 추산했다. 메일을 수신하시지 않은 이용자에게는 영향이 없다고 설명했다. 네이버는 사건 발생 후, 방송통신위원회 등 유관 기관에 신고조치를 완료했다. 동일 사안이 발생하지 않도록 시스템 개편 등 필요한 모든 조치를 취할 예정이다. 이 회사 관계자는 ""5월 중순까지 안전하게 원천 징수 영수증을 전달 드릴 수 있는 방안을 강구하도록 하겠다""며 ""이용자에게 심려를 끼쳐 진심으로 사과 드리며, 피해 예방과 재발 방지를 위해 최선을 다하겠다""고 말했다. /민혜정기자 hye555@inews24.com [아이뉴스24 민혜정 기자] 네이버 블로그 운영자(블로거) 2천200여명의 원천징수영수증에 포함된 개인정보가 유출되는 사고가 일어났다. 30일 네이버에 따르면 이날 새벽 네이버 블로그에 광고를 노출하는 애드포스트 서비스 일부 이용자들에게 원천징수영수증 발급을 위해 이메일을 발송하면서, '원천징수영수증 발송 시스템' 오류로 다른 이용자의 개인정보 일부가 첨부파일에 포함되는 일이 발생했다. 문제가 된 개인정보는 원천징수영수증 내 포함된 성명, 주소, 주민등록번호, 애드포스트 지급액 등 이다. 네이버는 이번 유출 사고가 원천징수영수증 메일을 받으신 일부 이용자에게 해당되며, 이를 2천200여명 규모로 추산했다. 메일을 수신하시지 않은 이용자에게는 영향이 없다고 설명했다. 네이버는 사건 발생 후, 방송통신위원회 등 유관 기관에 신고조치를 완료했다. 동일 사안이 발생하지 않도록 시스템 개편 등 필요한 모든 조치를 취할 예정이다. 이 회사 관계자는 ""5월 중순까지 안전하게 원천 징수 영수증을 전달 드릴 수 있는 방안을 강구하도록 하겠다""며 ""이용자에게 심려를 끼쳐 진심으로 사과 드리며, 피해 예방과 재발 방지를 위해 최선을 다하겠다""고 말했다.",1199,bs4_selector,-10.0,date_failed:original_date_too_old>52h:2019-04-30,98.5,False,https://news.google.com/rss/articles/CBMiVkFVX3lxTE5USHRyZjZfRUpuWEhuVlk2NnBtcW1RY3hKVXZPOHJGV1ZxVWxENll2SlYxdzBHc0ZRUGpDWlFJT0d5bmhjcVJabUxfTDN6cmpzSjA5LVln?oc=5,https://mobile.inews24.com/v/mrlted/1175611,original_date_too_old>52h,privacy_security:naver:data_leak:initial_investigation_response,23.0,global_incident:platform_regulation:naver:platform_data_protection_obligation:general,global_incident:platform_regulation:naver:platform_data_protection_obligation,24.0,competitor:platform_obligation,Y,,issue_representative_attempt,I051,global_incident:platform_regulation:naver:platform_regulation,네이버,경쟁사/해외이슈,경쟁사_해외이슈,경쟁사_해외이슈,경쟁사_해외이슈,경쟁사/해외이슈,,,아이뉴스24,"Thu, 25 Jun 2026 05:12:06 GMT",True,226.0,"phishing_security,platform_obligation,policy_legislation,privacy_security_reliability,search_ads",security_privacy_leak,2019-04-30,meta:article:published_time,3.0,48.95,,,,,,,,,,,,,,,,,,,,,,,,,,
정부_국회,정부/국회,과학기술정보통신부,"천안시, 과기정통부 ‘AI라운지’ 공모 선정… AI 기본사회 실현",미디어투데이,"Fri, 26 Jun 2026 08:34:00 GMT","천안시, 과기정통부 ‘AI라운지’ 공모 선정… AI 기본사회 실현 미디어투데이","천안시, 과기정통부 ‘AI라운지’ 공모 선정… AI 기본사회 실현 누구나 AI 활용할 수 있는 체험·교육 공간 조성 지원배 기자 | 입력 : 2026/06/26 [17:34] [미디어투데이=지원배 기자] 천안시는 과학기술정보통신부·한국지능정보사회진흥원(NIA) 주관 ‘2026년도 AI라운지 운영 사업’의 충청권 사업 대상지로 최종 선정됐다고 26일 밝혔다. 이번 사업은 시민 누구나 인공지능(AI)을 쉽고 편리하게 체험하고 학습할 수 있도록 체험·교육 공간을 조성해 시민의 AI 활용 역량을 높이고, AI 기본사회 실현을 지원하기 위해 추진된다. 시는 충남콘텐츠진흥원을 수행기관으로 사업을 추진, 동남구 봉명동 일원 레일웨이존에 AI라운지를 조성한다. AI 기초교육부터 생성형 AI 활용 교육, 실습 프로그램, 시민 참여형 체험을 비롯해 지역대학, 연구기관, 기업 등과 연계한 창업 프로그램까지 지역 내 AI 생태계를 활성화할 계획이다. 시는 AI라운지를 단순한 체험 공간을 넘어 시민의 AI 역량을 높이고, 기업과 대학, 연구기관이 함께 성장하는 지역 AI 플랫폼으로 발전시켜 나갈 방침이다. 김석필 천안시장 권한대행 부시장은 “AI라운지를 통해 시민 누구나 AI를 쉽고 편리하게 배우고 활용할 수 있도록 환경을 조성해 나갈 것”이라며 “시민이 체감하는 AI 선도도시 천안을 만들어 가겠다”고 말했다. <",676,trafilatura,41.0,representative_alignment_failed:expected_policy_basis_missing,52.5,True,https://news.google.com/rss/articles/CBMiSkFVX3lxTE5jeXhiSDB1b2l5VEdGMEU2MnFpUHFHQnRCVFlxTkVXOXYtMTMzeDNwY1FSeURTYm9tU0V6VnlYcFlrNEVydUN0M3VR?oc=5,http://www.mediatoday.asia/1756996,original_date_recent,,61.0,global_incident:platform_regulation:science_ict_ministry:platform_regulation:announcement,global_incident:platform_regulation:science_ict_ministry:platform_regulation,0.0,,,,issue_representative_alignment,I138,government_ai_core_policy:천안시 과기정통부 ai라운지 공모 선정 ai 기본사회 실현,과학기술정보통신부,정부/국회,정부_국회,정부_국회,정부_국회,정부/국회,본문추출성공,pass:v26_2_public_actor_action_pass:public_private_project,미디어투데이,"Fri, 26 Jun 2026 08:34:00 GMT",False,107.6,"ai_infrastructure_security,market_power_platform",ai_infrastructure_security,2026-06-26,json_ld:datePublished,7.0,107.65,ok,http_200,body_valid,government_ai_core_policy,GOV_AI_DIGITAL_POLICY,342.5,,GOV_AI_CORE_POLICY,,other,정부_국회,GOV_AI_DIGITAL_POLICY,government_ai_core_policy,government_ai_core_policy:천안시 과기정통부 ai라운지 공모 선정 ai 기본사회 실현,government_ai_core_policy:천안시 과기정통부 ai라운지 공모 선정 ai 기본사회 실현,카카오 AI agent/AI 서비스 전략과 연결되는 핵심 정책환경,5.0,4.0,5.0,로컬 보조 라벨,v43_soft_target:정부_국회: daily-safe portfolio rescue,issue_selected,,15.0,,fail:expected_policy_basis_missing
자사_및_계열사_이슈,자사 및 계열사 이슈,카카오페이,"카카오페이손보, 글로벌 보안 인증 동시 획득… 정보보호 역량 입증",금융경제신문,"Thu, 25 Jun 2026 01:24:15 GMT","카카오페이손보, 글로벌 보안 인증 동시 획득… 정보보호 역량 입증 금융경제신문","[금융경제신문=최원석 기자] 카카오페이손해보험이 정보보호와 클라우드 보안 분야의 국제 인증을 동시에 획득하며 글로벌 수준의 보안 역량을 인정받았다. 회사는 보험 서비스 운영 전반에 대한 국제 기준 검증을 바탕으로 사용자 정보보호와 서비스 신뢰성 강화에 나설 계획이다. 25일 카카오페이손해보험에 따르면, 국제표준화기구(ISO)가 제정한 정보보호 국제 인증 'ISO 27001'과 클라우드 보안 국제 인증 'ISO 27017'을 동시에 취득했다. 이번 인증은 보험 서비스 운영 환경 전반을 대상으로 진행됐으며, 정보보호 관리체계와 클라우드 보안 운영 역량이 국제 기준에 부합한다는 점을 인정받았다. 카카오페이손해보험은 그동안 사용자 정보보호와 안전한 서비스 제공을 위해 관련 규정을 마련하고 보안 관리체계를 지속적으로 고도화해 왔다. 회사는 이번 인증이 축적된 보안 역량과 운영 체계의 우수성을 객관적으로 검증받았다는 점에서 의미가 있다고 설명했다. 'ISO 27001'은 정보보호 정책과 위험 관리, 접근 통제, 운영 보안, 침해 사고 대응 등 정보보호 관리체계 전반을 평가하는 국제 표준이다. 'ISO 27017'은 데이터 보호와 접근 권한 관리, 가상 환경 보호 등 클라우드 서비스 환경에 특화된 보안 통제와 운영 지침을 평가하는 국제 인증이다. 또한 ISO 인증은 취득 이후에도 매년 사후심사와 정기 갱신심사를 통해 관리체계의 적정성과 운영 수준을 지속적으로 검증받아야 한다. 카카오페이손해보험은 앞으로도 보안 관리체계를 지속적으로 고도화해 사용자가 더욱 안심하고 서비스를 이용할 수 있는 환경을 마련할 계획이다. 김희준 카카오페이손해보험 정보보호최고책임자(CISO)는 ""이번 ISO 27001·27017 인증 취득은 정보보호와 클라우드 보안 역량을 국제적으로 인정받은 결과""라며 ""앞으로도 사용자 정보보호를 최우선 가치로 삼고 신뢰할 수 있는 서비스 환경을 제공하기 위해 보안 관리체계를 지속적으로 강화해 나가겠다""고 말했다. 최원석 기자 cos0214@fetimes.co.kr 삼성·SK 2배 ETF, 상장 첫날 2조원 빨아들였다…코스피 ‘양극화’ 심화 KB국민은행, 효성중공업과 에너지 인프라 사업 협력 확대 농협손해보험, 디지털 상담 혁신으로 서비스 경쟁력 강화 삼성전자, ‘국민과 함께, 감사 페스티벌’ 진행 완판 흥행 이어간다, 국민성장펀드 9월 2차 출시 가닥 환경공단, 2030년까지 사용 전력 100% ‘재생에너지’ 전환 ‘K-소재 강국’ 앞당기는 LS… 희토류·배터리 등 ‘핵심소재 밸류체인’ 가속도 삼성·SK 2배 ETF, 상장 첫날 2조원 빨아들였다…코스피 ‘양극화’ 심화 삼성·SK 2배 ETF, 상장 첫날 2조원 빨아들였다…코스피 ‘양극화’ 심화 KB국민은행, 효성중공업과 에너지 인프라 사업 협력 확대 농협손해보험, 디지털 상담 혁신으로 서비스 경쟁력 강화 삼성전자, ‘국민과 함께, 감사 페스티벌’ 진행 완판 흥행 이어간다, 국민성장펀드 9월 2차 출시 가닥 환경공단, 2030년까지 사용 전력 100% ‘재생에너지’ 전환 ‘K-소재 강국’ 앞당기는 LS… 희토류·배터리 등 ‘핵심소재 밸류체인’ 가속도 삼성·SK 2배 ETF, 상장 첫날 2조원 빨아들였다…코스피 ‘양극화’ 심화 KB국민은행, 효성중공업과 에너지 인프라 사업 협력 확대 농협손해보험, 디지털 상담 혁신으로 서비스 경쟁력 강화 삼성전자, ‘국민과 함께, 감사 페스티벌’ 진행 완판 흥행 이어간다, 국민성장펀드 9월 2차 출시 가닥 환경공단, 2030년까지 사용 전력 100% ‘재생에너지’ 전환 ‘K-소재 강국’ 앞당기는 LS… 희토류·배터리 등 ‘핵심소재 밸류체인’ 가속도 공공분양보다 저렴한 민간분양 등장… 공공택지 분양시장 공식 ‘흔들’ 홈플러스 납품 중소상공인 “납품대금 신속 정산, 당면 위기 넘겨야” K-공작기계, 4월 해외수주 25.7% 증가… AI·반도체 투자 붐 수혜 “클수록 많이 오른다”… 대단지 아파트 ‘장위 푸르지오 마크원’ 분양 시선 이마트, 상반기 결산 ‘인기 상품 할인’ 행사 하이트진로, ‘진로’ 25년 연속 세계 증류주 판매 1위 공공분양보다 저렴한 민간분양 등장… 공공택지 분양시장 공식 ‘흔들’ 홈플러스 납품 중소상공인 “납품대금 신속 정산, 당면 위기 넘겨야” K-공작기계, 4월 해외수주 25.7% 증가… AI·반도체 투자 붐 수혜 “클수록 많이 오른다”… 대단지 아파트 ‘장위 푸르지오 마크원’ 분양 시선 이마트, 상반기 결산 ‘인기 상품 할인’ 행사 하이트진로, ‘진로’ 25년 연속 세계 증류주 판매 1위",2211,bs4_selector,0.0,self_pr_promo_low_ceo_priority,105.2,False,https://news.google.com/rss/articles/CBMibEFVX3lxTE1FeURTM082ZWFPMmd1bnJfV0ZoZVpoS3JGNU9QQ3B1YzdyTnowUmRUUUhLQ1U1SV95SnJSSmZHY0JtQ2JKSGVMSGFmdkhxZXo1RlJqaEZ2RHdBRFJoR19KRFhNLWNVY3JMbUlRRtIBb0FVX3lxTE5NUDRhQllBSlhOZlJESlFEMlBiYzFPVXoyal9Mck1HY2dobHBXQ1lJdnkybW8zMkNzbFFHZUhVMzNuS0dNYUI0bTk4RTFrSW1fNW9iTFozNDJzaFFCWTRMRm45RzEwbVRodkw5RFJEUQ?oc=5,https://www.fetimes.co.kr/news/articleView.html?idxno=127032,original_date_recent,,16.0,global_incident:platform_regulation:kakao:platform_data_protection_obligation:general,global_incident:platform_regulation:kakao:platform_data_protection_obligation,-26.0,self:pr_promo,Y,Y,issue_representative_attempt,I071,self_privacy_security:카카오페이손보 글로벌 보안 인증 동시 획득 정보보호 역량 입증,카카오페이,자사 및 계열사 이슈,자사_및_계열사_이슈,자사_및_계열사_이슈,자사_및_계열사_이슈,자사 및 계열사 이슈,,,금융경제신문,"Thu, 25 Jun 2026 01:24:15 GMT",False,226.8,"phishing_security,platform_obligation,policy_legislation,privacy_security_reliability,self_pr_promo,strategy_mna_governance",security_general,2026-06-25,meta:article:published_time,1.0,123.64,,,,,,,,,,,,,,,,,,,,,,,,,,
자사_및_계열사_이슈,자사 및 계열사 이슈,카카오,[#IT라운지] 네이버-현대차 '파트너십'·카카오 '청소년 창업가 발굴'·알바천국 '천국의 시네마'·커리어데이 '리틀펭귄 선정'·네이버 'AI탭 출시'·알바천국 '천국의 시네마'·에어월렉스 '투자 유치',뉴스웍스,"Fri, 26 Jun 2026 00:46:06 GMT",[#IT라운지] 네이버-현대차 '파트너십'·카카오 '청소년 창업가 발굴'·알바천국 '천국의 시네마'·커리어데이 '리틀펭귄 선정'·네이버 'AI탭 출시'·알바천국 '천국의 시네마'·에어월렉스 '투자 유치' 뉴스웍스,,0,v24_pre_body_guardrail,-100.0,never_allow_title_only_low_value_or_caption,,False,https://news.google.com/rss/articles/CBMic0FVX3lxTE5Zd1gwbHBiRzZCQUMyOHVydGxtcl8yUTZTenZkbHdXeGUzWUtnMmhTTHhudXpFV1JzNGRqNkJ0RGR6R2Vha2J1ZGRHMG9DZFpNWmVqSkZJM2dycW9xYkNISkFwQWdHd0FMdEJrVEs0czBkUVXSAXNBVV95cUxOWXdYMGxwYkc2QkFDMjh1cnRsbXJfMlE2U3p2ZGx3V3hlM1lLZzJoU0x4bnV6RVdSczRkajZCdERkekdlYWtidWRkRzBvQ2RaTVplakpGSTNncnFvcWJDSEpBcEFnR3dBTHRCa1RLNHMwZFFV?oc=5,https://news.google.com/rss/articles/CBMic0FVX3lxTE5Zd1gwbHBiRzZCQUMyOHVydGxtcl8yUTZTenZkbHdXeGUzWUtnMmhTTHhudXpFV1JzNGRqNkJ0RGR6R2Vha2J1ZGRHMG9DZFpNWmVqSkZJM2dycW9xYkNISkFwQWdHd0FMdEJrVEs0czBkUVXSAXNBVV95cUxOWXdYMGxwYkc2QkFDMjh1cnRsbXJfMlE2U3p2ZGx3V3hlM1lLZzJoU0x4bnV6RVdSczRkajZCdERkekdlYWtidWRkRzBvQ2RaTVplakpGSTNncnFvcWJDSEpBcEFnR3dBTHRCa1RLNHMwZFFV?oc=5,,,,,,,,,,issue_representative_attempt,I060,self_strategic_reference:it라운지 네이버 현대차 파트너십 카카오 청소년 창업가 발굴 알바천국 천국의 시네마 커리어데이 리틀펭귄 선정,카카오,자사 및 계열사 이슈,자사_및_계열사_이슈,자사_및_계열사_이슈,자사_및_계열사_이슈,자사 및 계열사 이슈,최종금지_대체필요,fail:never_allow_title_only,,,,,,,,,,,,,,,,,,,,,,,,,,,,,,,,,,,,
자사_및_계열사_이슈,자사 및 계열사 이슈,카카오모빌리티,[#IT라운지] 딥브레인 'AI 롤플레이'·카카오T펫 '유기동물 보호'·네이버 '통합보고서'·'여름 안심 알바 채용관'·아임웹 'KPI 위젯' 출시·사줘 '투자유치',뉴스웍스,"Thu, 25 Jun 2026 01:22:40 GMT",[#IT라운지] 딥브레인 'AI 롤플레이'·카카오T펫 '유기동물 보호'·네이버 '통합보고서'·'여름 안심 알바 채용관'·아임웹 'KPI 위젯' 출시·사줘 '투자유치' 뉴스웍스,,0,v24_pre_body_guardrail,-100.0,never_allow_title_only_low_value_or_caption,,False,https://news.google.com/rss/articles/CBMib0FVX3lxTE44a05RcU5OWjRWVUh4dFBUblJhTFFOb2d3N3d1RUdmTE1lRGVOdVRzZVJRS2llQTlQOGc4QnJ1bkR2LWdYTHNVTUxUZ2EzcEdvMC1leHkyeFIyMlJ0cGFGZkxweFlPc3VjdTVUTjVGNNIBc0FVX3lxTE1UVG0tcFd2LVlpMHVWdkRseDJFUXE4d1VidDJaLXdlSnhiS2JYVXJUdXE3LXFicDhTaWFMSDNmdHJPWXZuX1J2V0ZlUmdkN1VraXZHMVkwVzRrTG5KVEhMNHpucWpDRk04Nk9qS0hZYnFBRlU?oc=5,https://news.google.com/rss/articles/CBMib0FVX3lxTE44a05RcU5OWjRWVUh4dFBUblJhTFFOb2d3N3d1RUdmTE1lRGVOdVRzZVJRS2llQTlQOGc4QnJ1bkR2LWdYTHNVTUxUZ2EzcEdvMC1leHkyeFIyMlJ0cGFGZkxweFlPc3VjdTVUTjVGNNIBc0FVX3lxTE1UVG0tcFd2LVlpMHVWdkRseDJFUXE4d1VidDJaLXdlSnhiS2JYVXJUdXE3LXFicDhTaWFMSDNmdHJPWXZuX1J2V0ZlUmdkN1VraXZHMVkwVzRrTG5KVEhMNHpucWpDRk04Nk9qS0hZYnFBRlU?oc=5,,,,,,,,,,issue_representative_attempt,I105,global_incident:mna_capital:kakao:mna_capital,카카오모빌리티,자사 및 계열사 이슈,자사_및_계열사_이슈,자사_및_계열사_이슈,자사_및_계열사_이슈,자사 및 계열사 이슈,최종금지_대체필요,fail:never_allow_title_only,,,,,,,,,,,,,,,,,,,,,,,,,,,,,,,,,,,,
자사_및_계열사_이슈,자사 및 계열사 이슈,카카오,"카카오뱅크, 캐피탈업 진출한다…마스턴캐피탈 인수(종합)",연합뉴스,"Thu, 25 Jun 2026 02:22:52 GMT","카카오뱅크, 캐피탈업 진출한다…마스턴캐피탈 인수(종합) 연합뉴스","인터넷전문은행 카카오뱅크가 여신전문금융사 마스턴캐피탈을 인수하며 자동차 할부금융 등 캐피탈업 진출을 추진한다. 카카오뱅크는 25일 마스턴캐피탈 주식 500만주를 241억원에 취득한다고 공시했다. 주식 취득 후 카카오뱅크의 마스턴캐피탈 지분율은 100%가 된다. 전체 내용을 이해하기 위해서는 기사 본문과 함께 읽어야 합니다. 송고 2026년06월25일 11시22분 인터넷전문은행 카카오뱅크가 여신전문금융사 마스턴캐피탈을 인수하며 자동차 할부금융 등 캐피탈업 진출을 추진한다. 카카오뱅크는 25일 마스턴캐피탈 주식 500만주를 241억원에 취득한다고 공시했다. 주식 취득 후 카카오뱅크의 마스턴캐피탈 지분율은 100%가 된다. 구글 검색에서 연합뉴스 기사를 우선적으로 보여줍니다. (서울=연합뉴스) 임지우 기자 = 인터넷전문은행 카카오뱅크가 여신전문금융사 마스턴캐피탈을 인수하며 자동차 할부금융 등 캐피탈업 진출을 추진한다. 카카오뱅크는 25일 마스턴캐피탈 주식 500만주를 241억원에 취득한다고 공시했다. 주식 취득 후 카카오뱅크의 마스턴캐피탈 지분율은 100%가 된다. 마스턴캐피탈은 마스턴투자운용과 NH투자증권이 공동 출자해 설립한 여신전문금융사로, 리스금융 및 기업금융 서비스를 운영하고 있다. 카카오뱅크는 이르면 연말까지 인수 절차를 마무리하고 캐피탈업 진출에 필요한 라이선스 및 운영 기반을 마련할 계획이다. 카카오뱅크는 추후 자동차 유통 플랫폼 등과 협업을 통해 자동차 금융 시장의 디지털 전환을 추진할 예정이다. 이후 리스 및 렌탈, 기업금융, 투자금융 등으로도 사업 영역을 넓힌다는 계획이다. 카카오뱅크 관계자는 ""그간 축적한 비대면 금융 혁신 기술력과 노하우를 캐피탈업으로 확장해 고객 생활과 밀접한 다양한 영역에서 새로운 금융 경험을 제공하고자 한다""며 ""단계적인 사업 확대를 통해 생산적 금융을 강화하고 플랫폼 경쟁력과 자본 효율성을 높여 기업가치 제고에 힘쓰겠다""고 말했다. wisefool@yna.co.kr 제보는 카카오톡 okjebo <",987,trafilatura,80.0,relevance_failed:v43_self_not_actual_actor:SEVERE_PROMO,182.5,True,https://news.google.com/rss/articles/CBMiW0FVX3lxTE9wYTJmRUFDS3NwYmJmeEhLSXFRZVM2ZTd0d1lVV1dFWmU0bElZMHE5b256Nk5FbGI5Ymc5YkdvSkhhNGNxRnBxYkdUaVlVdEFOSlc5MWZlT2dDMG_SAWBBVV95cUxNbi1yOUktY3hTdFlvajBkeTRTeEZBZkthazh1UXpxV1EycmtOTTN1RmM0dHFjMWZQbDg1bnEyWFNmRURtYzBSS1BDLTg3T0RIU0ZaX3lLVXVoUzFBaEwzR28?oc=5,https://www.yna.co.kr/view/AKR20260625076751008,original_date_recent,,0.0,global_incident:platform_regulation:kakao:platform_algorithm_ad_obligation:announcement,global_incident:platform_regulation:kakao:platform_algorithm_ad_obligation,6.0,self:platform_obligation,Y,,issue_representative_attempt,I105,global_incident:mna_capital:kakao:mna_capital,카카오,자사 및 계열사 이슈,자사_및_계열사_이슈,자사_및_계열사_이슈,자사_및_계열사_이슈,자사 및 계열사 이슈,본문추출성공,pass:self_guardrail_pass,연합뉴스,"Thu, 25 Jun 2026 02:22:52 GMT",False,119.3,"financial_performance,market_power_platform,platform_obligation,search_ads,strategy_mna_governance",financial_performance,2026-06-25,json_ld:datePublished,11.0,259.75,ok,http_200,body_valid,self_governance_mna,SELF_DIRECT_RISK,428.8,DIRECT_RISK,,COMP_DOMESTIC_AI_PLATFORM,other,자사_및_계열사_이슈,SELF_DIRECT_RISK,self_governance_mna,global_incident:mna_capital:kakao:mna_capital,global_incident:mna_capital:kakao:mna_capital,카카오 또는 계열사에 직접 발생한 외부 대응 필요 이슈,5.0,5.0,5.0,로컬 보조 라벨 / v26: 오늘 새 직접 사건·진전,v43_soft_target:자사_및_계열사_이슈: daily-safe portfolio rescue,issue_selected,,16.0,,pass:representative_aligned
