카테고리,카테고리명,검색어,기사제목,언론사,정규언론사,게시일,RSS게시일,RSS요약,본문전문,본문글자수,본문추출방식,본문품질점수,본문품질사유,중요도점수,본문사용가능,본문정제적용,원래RSS링크,링크,랭킹점수,사건태그,사건단계,원문날짜,원문날짜출처,날짜검증결과,날짜후보수,대표선택점수,개인정보보안사건키,개인정보보안대표보너스,전역사건키,전역사건기본키,전역사건대표보너스,이슈패밀리,정책규제의무,자사홍보성,링크상태,링크검증사유,본문정합성,v20_issue_id,v20_issue_group,v20_issue_family,v20_internal_category,v20_issue_score,v21_self_tier,v21_gov_tier,v21_competitor_tier,v21_competitor_scope,Gemini카테고리,Gemini내부카테고리,Gemini이슈유형,Gemini이슈그룹,Gemini중복그룹,Gemini관련성,Gemini중요도,Gemini대외협력중요도,Gemini관련도,Gemini판단사유,Gemini선정사유,선정단계,수집검색어,수집원카테고리,수집JSON카테고리,Gemini판단카테고리,최종카테고리,최종카테고리명,선정순서,본문상태,최종카테고리검증결과,v24대표기사정합성,브리핑ID,최종브리핑요약,최종브리핑섹션,최종브리핑제목,최종브리핑링크,최종브리핑언론사,최종브리핑기준,v44_final_source,v44_final_rank,v20_bodyless_reason,v39_title_link_only_reason,v42_rescue_source,v25한국정부국회근거,최종카테고리재배치
자사_및_계열사_이슈,자사 및 계열사 이슈,카카오,"글로벌 AI, 네이버·카카오와 손잡았다…한국 생태계 경쟁 본격화",메트로신문,메트로신문,"Thu, 02 Jul 2026 06:17:22 GMT","Thu, 02 Jul 2026 06:17:22 GMT","글로벌 AI, 네이버·카카오와 손잡았다…한국 생태계 경쟁 본격화 메트로신문","AI가 만든 이미지 글로벌 생성형 AI 기업들이 한국 기업 확보 경쟁에 나섰다. 오픈AI와 앤트로픽, 엔비디아가 네이버와 카카오뿐 아니라 삼성전자까지 포함해 국내 플랫폼·대기업을 잇달아 협력 파트너로 선택하고 있다. 이에 따라 AI 경쟁도 개별 모델의 성능을 겨루는 단계를 넘어 생태계 구축 중심으로 빠르게 재편되는 양상이다. 한국이 단순한 AI 서비스 소비 시장을 넘어 글로벌 AI 기업들의 전략 거점으로 부상하고 있다는 평가가 나온다. 2일 정보기술(IT) 업계에 따르면 글로벌 AI 기업들은 최근 국내 플랫폼과 주요 기업을 중심으로 협력 범위를 빠르게 넓히고 있다. AI 모델을 보유한 글로벌 기업과 검색, 메신저, 쇼핑, 제조 등 실제 서비스와 산업 현장을 가진 국내 기업이 손을 맞잡는 구조다. 단순한 기술 공급을 넘어 AI를 실제 서비스와 업무에 적용하는 확산 경쟁이 본격화됐다는 의미다. 대표적인 사례는 네이버다. 네이버는 자체 초거대언어모델(LLM) '하이퍼클로바X'를 고도화하는 동시에 글로벌 AI 기업과의 협력을 확대하고 있다. AI 인프라 분야에서는 엔비디아와 AI 팩토리 구축 협력을 추진하고 있으며, 최근 한국 시장 공략을 본격화한 앤트로픽과도 기술 협력을 이어가고 있다. 자체 AI 경쟁력을 유지하면서도 글로벌 기술을 적극 활용해 서비스 경쟁력을 높이는 전략으로 해석된다. 최근에는 앤트로픽이 서울 거점을 마련하는 과정에서 네이버를 대표적인 협업 사례로 소개하며 양사의 협력 관계가 다시 주목받기도 했다. 업계에서는 글로벌 AI 기업들이 한국 시장을 공략하는 과정에서 네이버를 주요 파트너 가운데 하나로 보고 있다는 분석도 내놓고 있다. 네이버 관계자는 <메트로경제신문>과의 인터뷰에서 ""AI와 인프라, 서비스 등 다양한 분야에서 꾸준한 기술 투자를 통해 글로벌 수준의 기술력과 노하우를 축적해 왔다""며 ""이를 바탕으로 엔비디아를 비롯한 글로벌 사업자들과 협력을 지속 확대해 나갈 계획""이라고 말했다. 카카오 역시 글로벌 AI 협력의 한 축을 맡고 있다. 카카오는 오픈AI와 전략적 제휴를 바탕으로 카카오톡 등 주요 서비스에 생성형 AI를 접목하고 있다. AI 기술을 이용자들이 가장 많이 사용하는 플랫폼에 연결해 서비스 경쟁력을 높이겠다는 전략이다. 글로벌 AI 기업이 국내 대표 메신저 플랫폼과 손잡았다는 점에서도 의미가 크다는 평가다. 카카오 측은 ""글로벌 AI 기업과의 협력을 통해 이용자들에게 더 나은 AI 경험을 제공하고, 국내 AI 생태계 발전에도 기여할 수 있도록 노력하고 있다. 앞으로도 다양한 글로벌 파트너와의 협력을 바탕으로 AI 서비스 경쟁력을 지속 강화해 나갈 계획""이라고 전했다. 플랫폼을 넘어 국내 대기업으로도 협력 범위는 확대되고 있다. 삼성전자는 최근 챗GPT 엔터프라이즈를 국내외 임직원에게 확대 도입하며 생성형 AI를 업무 환경 전반에 적용하고 있다. AI 활용이 개발 조직을 넘어 일반 사무 업무까지 확산되면서 글로벌 AI 기업들도 한국 기업을 단순 고객이 아닌 전략적 파트너로 바라보는 분위기다. 이 같은 변화는 AI 산업의 경쟁 방식이 달라지고 있음을 보여준다. 생성형 AI 초기에는 누가 더 뛰어난 모델을 개발하느냐가 핵심 경쟁력이었다면 이제는 어떤 기업이 더 많은 파트너와 서비스를 연결해 생태계를 구축하느냐가 새로운 승부처로 떠오르고 있다. AI 모델을 보유한 글로벌 기업과 서비스·이용자 기반을 확보한 플랫폼 기업 간 협력이 빠르게 늘어나는 이유다. 최근 AI 업계에서 강조되는 '소버린 AI(Sovereign AI)'도 이러한 흐름과 맞닿아 있다. 소버린 AI는 국가별 언어와 문화, 법·제도, 산업 특성을 반영해 각국이 자국의 AI 경쟁력을 확보하고 주도적으로 활용할 수 있는 생태계를 구축하려는 개념이다. 이에 글로벌 AI 기업들도 획일적인 서비스 제공보다 현지 플랫폼과 기업을 협력 파트너로 확보하는 데 집중하고 있다. AI 모델 자체의 경쟁력을 넘어 서비스와 이용자, 산업 데이터를 얼마나 효과적으로 연결하느냐가 AI 경쟁의 핵심 요소로 떠오르고 있기 때문이다. 한 업계 관계자는 ""전 세계적으로 AI 기술을 중심으로 소버린 AI의 중요성이 커지고 있다""며 ""이러한 흐름 속에서 한국처럼 네이버 등 자국의 고유한 플랫폼 기업을 갖춘 국가의 전략적 가치가 높아지고 있다""고 말했다. 업계에서는 글로벌 AI 기업과 국내 플랫폼·대기업 간 협력이 앞으로 더욱 확대될 것으로 전망한다. AI가 검색과 메신저를 넘어 제조, 금융, 의료, 콘텐츠 등 산업 전반으로 빠르게 확산되면서 국내 기업들은 AI 기술을 실제 서비스와 산업 현장에 연결하는 핵심 거점 역할을 맡게 될 것이라는 분석이다. 결국 AI 경쟁의 무게추는 모델에서 생태계로 이동하고 있다. 글로벌 AI 기업은 세계 최고 수준의 모델과 기술을 제공하고, 국내 플랫폼과 대기업은 이용자와 산업 현장을 연결하는 역할을 맡는 구조가 자리 잡고 있다. 글로벌 AI 기업들이 한국 기업과의 협력을 잇달아 확대하는 것도 이 같은 변화의 연장선이라는 평가다.",2450,newspaper3k,84.0,good,192.5,True,False,https://news.google.com/rss/articles/CBMiYEFVX3lxTE1aUERpZG9DUEhoZURnckxZSUgtUDJYNzBnMjJ3Wko3b0ZSc1BUdS00d0RDRU5Bcjl0c2ZZdkNwQzk3cHlEMWRPRkxPVUxaOUxSTjl3ZS0tZ052TmlfQklFUQ?oc=5,https://www.metroseoul.co.kr/article/20260702500405,97.8,"ai_agent,ai_infrastructure_security,leadership_change,market_power_platform,platform_obligation,policy_legislation,search_ads",ai_infrastructure_security,,no_original_date_found,no_original_date_found_kept,0,237.35,,7.0,global_incident:platform_regulation:kakao:platform_content_moderation_obligation:executive_or_org_change,global_incident:platform_regulation:kakao:platform_content_moderation_obligation,24.0,self:platform_obligation,Y,,ok,http_200,body_valid,I007,self_strategic_reference:글로벌 ai 네이버 카카오와 손잡았다 한국 생태계 경쟁 본격화,self_strategic_reference,SELF_AFFILIATE_BUSINESS,626.3,STRATEGIC_REFERENCE,,COMP_DOMESTIC_AI_PLATFORM,domestic,자사_및_계열사_이슈,SELF_AFFILIATE_BUSINESS,self_strategic_reference,self_strategic_reference:글로벌 ai 네이버 카카오와 손잡았다 한국 생태계 경쟁 본격화,self_strategic_reference:글로벌 ai 네이버 카카오와 손잡았다 한국 생태계 경쟁 본격화,"카카오·계열사의 사업 확장, 제휴, MOU, 신규 서비스 참고 이슈",4,3,4,v40: 직접 리스크는 아니지만 자사 사업 확장·제휴성 이슈로 2순위 반영,v40: 직접 리스크는 아니지만 자사 사업 확장·제휴성 이슈로 2순위 반영,issue_selected,카카오,자사 및 계열사 이슈,자사_및_계열사_이슈,자사_및_계열사_이슈,자사_및_계열사_이슈,자사 및 계열사 이슈,1,본문추출성공,pass:self_guardrail_pass,pass:representative_aligned,1,AI가 만든 이미지 글로벌 생성형 AI 기업들이 한국 기업 확보 경쟁에 나섰다. 이에 따라 AI 경쟁도 개별 모델의 성능을 겨루는 단계를 넘어 생태계 구축 중심으로 빠르게 재편되는 양상이다.,자사_및_계열사_이슈,"글로벌 AI, 네이버·카카오와 손잡았다…한국 생태계 경쟁 본격화",https://www.metroseoul.co.kr/article/20260702500405,메트로신문,CEO_Morning_Briefing,CEO_Morning_Briefing,1,,,,,
자사_및_계열사_이슈,자사 및 계열사 이슈,토스,토스vs카카오 광고노출 방해 소송전 '고소 취하'로 마무리,이데일리,이데일리,"Wed, 01 Jul 2026 02:52:30 GMT","Wed, 01 Jul 2026 02:52:30 GMT",토스vs카카오 광고노출 방해 소송전 '고소 취하'로 마무리 이데일리,,0,critical_without_body,0.0,v39_title_link_only:v29_title_only_allowed,24.5,False,,https://news.google.com/rss/articles/CBMigAFBVV95cUxNcGFPVkxuQmNHVHNIVUN4cDdhSGtsMklMd3VfVGJUc3ZwaGEzbmkxZWo5WGJVUXhEZXhLN2ZzVENDUHRvd3Z2LWF6VnNqeF9seFhIX1dwdGNyX1YwdlY5cHFUUzY0ajR6OGxCSW9Gc196bXo5YnU4UzBwWkFmNFNNNA?oc=5,https://www.edaily.co.kr/News/Read?newsId=03922886645510256&mediaCodeNo=257,65.0,search_ads,,,not_checked_bodyless,not_checked_bodyless,0,-5.0,,,,,,,,,ok,http_200,,I066,global_incident:privacy_security:kakao:kakao,self_legal_regulatory,SELF_DIRECT_RISK,,,,,,자사_및_계열사_이슈,SELF_DIRECT_RISK,self_legal_regulatory,global_incident:privacy_security:kakao:kakao,global_incident:privacy_security:kakao:kakao,카카오 또는 계열사에 직접 발생한 외부 대응 필요 이슈,5,5,5,로컬 보조 라벨 / v26: 오늘 새 직접 사건·진전,로컬 보조 라벨 / v26: 오늘 새 직접 사건·진전,v39_title_link_only,,,,,자사_및_계열사_이슈,자사 및 계열사 이슈,8,본문추출실패_대체없음_제목링크만,v39_bodyless_pass:self_guardrail_pass,,2,,자사_및_계열사_이슈,토스vs카카오 광고노출 방해 소송전 '고소 취하'로 마무리,https://www.edaily.co.kr/News/Read?newsId=03922886645510256&mediaCodeNo=257,이데일리,CEO_Morning_Briefing,CEO_Morning_Briefing,2,v39_title_link_only:v29_title_only_allowed,v29_title_only_allowed,,,
자사_및_계열사_이슈,자사 및 계열사 이슈,카카오,"카카오뱅크, ‘적자 캐피탈’ 인수에 신저가 직면…밸류업 증명 관건",주주경제신문,주주경제신문,"Thu, 02 Jul 2026 02:39:51 GMT","Thu, 02 Jul 2026 02:39:51 GMT","카카오뱅크, ‘적자 캐피탈’ 인수에 신저가 직면…밸류업 증명 관건 주주경제신문","카카오뱅크, ‘적자 캐피탈’ 인수에 신저가 직면…밸류업 증명 관건 가 가 기사의 본문 내용은 이 글자크기로 변경됩니다. 스크롤 이동 상태바 카카오뱅크, ‘적자 캐피탈’ 인수에 신저가 직면…밸류업 증명 관건 가 가 기사의 본문 내용은 이 글자크기로 변경됩니다. 카카오뱅크, ‘적자 캐피탈’ 인수에 신저가 직면…밸류업 증명 관건 가 가 기사의 본문 내용은 이 글자크기로 변경됩니다. 기사의 본문 내용은 이 글자크기로 변경됩니다. 카카오뱅크가 기업가치 제고 계획의 핵심 축으로 캐피탈업 진출을 선언했지만 시장 반응은 싸늘하다. 적자 상태인 마스턴캐피탈을 인수 대상으로 낙점한 이후 주가는 오히려 52주 신저가꺼자 밀려났다. 성장을 통한 밸류업이라는 청사진이 실제 기업가치 제고로 이어지는지를 증명할 수 있느냐가 향후 주가 반등의 관건이 될 전망이다. 2일 한국거래소에 따르면 이날 오전 10시 24분 기준 카카오뱅크 주가는 전일 대비 4.3% 오른 2만1750원에 거래 중이다. 지난달 26일 주가가 1만970원까지 떨어지며 52주 신저가를 기록한 이후 모처럼 보인 반등세다. 하지만 올해 전체 흐름을 보면 주가는 극심한 부진을 면치 못하고 있다. 카카오뱅크 주가는 올해 1월 2일 2만1900원을 기록한 이후 오랜 기간 박스권에 갇혀 있었다. 같은 기간 코스피 지수가 크게 상승한 것과 비교하면 시장 수익률을 대폭 밑도는 성적이다. 이런 주가 약세는 마스턴캐피탈 인수 발표 이후 더 강해졌다. 주가가 1년 2개월 만에 1만원대로 내려앉은 시점도 공교롭게 지분 인수 발표 다음날이었다. 카카오뱅크는 지난달 25일 이사회를 열고 마스턴캐피탈 지분 100%(500만 주)를 인수한다고 공시했다. 올해 2월 캐피탈사 인수를 추진하겠다고 공언한 지 4개월 만에 마스턴캐피탈을 최종 인수 대상으로 낙점한 것이다. 마스턴캐피탈은 2022년 마스턴투자운용과 NH투자증권이 공동 출자해 설립한 여전사로 리스금융과 기업금융 등을 영위해 왔다. 인수 금액은 241억원으로 카카오뱅크 자기자본 대비 약 0.36% 규모다. 카카오뱅크는 연말까지 인수 절차를 최종 마무리하고 캐피탈업 라이선스와 사업 기반을 확보할 계획이다. 인수 자체만 놓고 보면 여신 포트폴리오 다변화와 플랫폼 사업 기반 확대 측면에서 긍정적인 이슈로 평가된다. 그럼에도 시장 반응이 냉담한 이유는 이번 M&A의 실효성과 추가 비용에 대한 우려 때문이다. 일차적으로 적자 회사 인수에 대한 의구심이 크다. 마스턴캐피탈은 지난해 대손비용 증가 등으로 23억원의 당기순손실을 내며 적자로 전환했다. 지난해 말 기준 자기자본은 210억5700만원으로, 인수가격인 241억원보다 낮다. PBR로 환산하면 1배를 웃도는 수준이다. 국내 캐피탈사들이 만성적 저평가 상태임 감안하면 적자 소형사에 웃돈을 얹어준 셈이다. 당장의 수익성보다는 캐피탈 라이선스 확보 자체에 방점이 찍혔다는 해석이 나오는 배경이다. 하지만 마스턴캐피탈은 개인 고객이 아닌 중소 및 중견기업 리스 등 기업금융(B2B) 위주로 운영되던 회사다. 카카오뱅크가 목표로 하는 자동차 할부금융 시장에 진입하려면 리테일 영업 시스템과 전산망, 전문 인력을 새로 구축해야 한다. 인수 대금 자체는 소규모이지만 사업을 정상 궤도에 올리기까지 추가 자본 확충이 불가피하다는 우려가 뒤따른다. 그럼에도 이번 인수는 인터넷전문은행으로서 생존과 지속 가능한 성장을 담보하기 위한 필수불가결한 전략이라는 평가도 나온다. 카카오뱅크를 비롯한 인터넷은행들은 금융당국의 가계부채 관리 기조와 중·저신용자 대출 비중 규제로 인해 주력 상품인 주택담보대출과 신용대출을 더 이상 공격적으로 늘리기 어려운 처지다. 자동차 리스·렌탈 사업을 캐피탈 라이선스로 합법적으로 영위하며 신성장 동력을 확보하겠다는 구상이다. 외부 기업 인수나 지분 투자를 통한 ‘'인오가닉(Inorganic) 성장’ 전략은 카카오뱅크 기업가치 제고 계획의 핵심 축이다. 카카오뱅크 역시 이번 인수 목적으로 기업가치 제고 계획에 따른 신규 사업투자의 일환임을 명시했다. 주주환원과 자본효율성 중심의 다른 금융지주와 달리 카카오뱅크는 성장을 통한 기업가치 제고 계획을 추진하고 있다. 성장성 입증이 가장 핵심적인 전제조건이자 생존 마지노선인 셈이다. 김재우 교보증권 연구원은 “플랫폼 밸류에이션 정당화를 위한 펀더멘털 및 플랫폼 역량 개선이 관건”이라며 “가계대출 성장률 둔화 및 플랫폼 이익의 더딘 성장 속에서 개인사업자 대출 등 새로운 대출 성장 동력의 발굴과 강화, 그리고 플랫폼 역량 제고가 필요하다”고 말했다. 윤성균 기자 friendtolife@s-econ.kr",2245,bs4_selector,86.0,good,181.0,True,False,https://news.google.com/rss/articles/CBMiaEFVX3lxTE5GOGZMUFJDWlJ6Q3ZudnRFVzVOR1Fndk00UzFqREU2dlZDTWhsVU1QR055U0hKQ1hWZHZ0LUVRU3RwdE1yV2tOQlJka3FvcWtleUNZaVVrWm9JbnVocHZDVkVGVXEyQUdB?oc=5,https://www.s-econ.kr/news/articleView.html?idxno=4002071,126.8,"earnings,financial_performance,market_power_platform,platform_obligation,policy_legislation,strategy_mna_governance",financial_performance,2026-07-02,json_ld:datePublished,original_date_recent,4,254.1,,0.0,global_incident:platform_regulation:kakao:platform_operator_obligation:executive_or_org_change,global_incident:platform_regulation:kakao:platform_operator_obligation,24.0,self:platform_obligation,Y,,ok,http_200,body_valid,I067,global_incident:mna_capital:kakao:mna_capital,self_governance_mna,SELF_DIRECT_RISK,412.8,DIRECT_RISK,,COMP_GENERAL_LOW_RELEVANCE,other,자사_및_계열사_이슈,SELF_DIRECT_RISK,self_governance_mna,global_incident:mna_capital:kakao:mna_capital,global_incident:mna_capital:kakao:mna_capital,카카오 또는 계열사에 직접 발생한 외부 대응 필요 이슈,5,5,5,로컬 보조 라벨 / v26: 오늘 새 직접 사건·진전,v43_soft_target:자사_및_계열사_이슈: daily-safe portfolio rescue,issue_selected,카카오,자사 및 계열사 이슈,자사_및_계열사_이슈,자사_및_계열사_이슈,자사_및_계열사_이슈,자사 및 계열사 이슈,17,본문추출성공,pass:self_guardrail_pass,pass:representative_aligned,3,"카카오뱅크, ‘적자 캐피탈’ 인수에 신저가 직면…밸류업 증명 관건 가 가 기사의 본문 내용은 이 글자크기로 변경됩니다. 스크롤 이동 상태바 카카오뱅크, ‘적자 캐피탈’ 인수에 신저가 직면…밸류업 증명 관건 가 가 기사의 본문 내용은 이 글자크기로 변경됩니다.",자사_및_계열사_이슈,"카카오뱅크, ‘적자 캐피탈’ 인수에 신저가 직면…밸류업 증명 관건",https://www.s-econ.kr/news/articleView.html?idxno=4002071,주주경제신문,CEO_Morning_Briefing,CEO_Morning_Briefing,3,,,v43_soft_target:자사_및_계열사_이슈,,
정부_국회,정부/국회,공정거래위원회,"구글, 또 ‘앱마켓 갑질’ 제재 받나… 공정위, 과징금 절차 착수",시사위크,시사위크,"Thu, 02 Jul 2026 08:43:17 GMT","Thu, 02 Jul 2026 08:43:17 GMT","구글, 또 ‘앱마켓 갑질’ 제재 받나… 공정위, 과징금 절차 착수 시사위크","시민단체와 게임이용자단체가 구글의 앱마켓 경쟁 제한 불공정 행위를 신고한 건에 대해 공정거래위원회 제재 절차가 시작됐다. / 뉴시스 시사위크=조윤찬 기자 시민단체와 게임이용자단체가 구글의 앱마켓 경쟁 제한 불공정 행위를 신고한 건에 대해 공정거래위원회 제재 절차가 시작됐다. 공정위는 구글이 시장지배적 지위를 이용해 경쟁사 앱마켓 사업을 방해한 것으로 봤다. 구글은 지난 2023년에도 앱마켓 불공정 행위로 과징금을 부과받은 바 있다. ◇ 신고 1년 7개월 만에 제재 절차 착수… 위반 행위 매출 14조1,600억원 산정 이번 사건은 경제정의실천시민연합·한국게임이용자협회·한국게임소비자협회가 지난 2024년 11월 구글3사(구글LLC, 구글코리아, 구글 아시아 퍼시픽)를 공정위에 신고하며 조사가 이뤄졌다. 단체들은 구글이 게임사에 수익 배분을 하며 앱마켓 경쟁을 제한했다고 비판했다. 공정위는 단체들의 신고에 대해 장기간 조사를 거쳐 1년 7개월 만에 시정명령 및 과징금 제재 의견을 담은 심사보고서를 지난 1일 구글에 송부했다. 불공정 행위로 인한 매출액은 약 14조1,600억원이다. 관련 매출의 6%까지 과징금을 부과할 수 있어 최대 8,496억원까지 제재할 수 있다. 조사 결과에 따르면 구글은 넥슨, 넷마블, 엔씨, 펄어비스, 컴투스 등 국내 5개사, 액티비전 블리자드 킹, 라이엇 게임즈 등 17개 해외 게임사와 GVP(Google Velocity Program) 계약을 체결했다. GVP는 타 앱마켓보다 출시 일정 등을 유리하게 하는 점을 조건으로 클라우드, 애즈, 유튜브 등 구글 플랫폼 서비스 이용 비용 등을 지원하는 내용이다. 구글 플레이에서 매출이 증가하면 구글의 지원 금액이 같이 증가하는 구조다. 공정위는 구글이 ‘공정거래법’의 시장지배적 지위를 이용한 사업활동 방해행위, 배타조건부거래행위 등을 위반했다고 봤다. 위반 행위 기간은 2019년 7월부터 지난 3월까지 약 7년이다. ◇ 경실련·게임이용자협회 “과징금 환영, 소비자도 구제해야” 공정위는 구글 측에 8주간의 방어권 행사 기간을 제공하고 위원회를 통해 제재를 최종 결정할 방침이다. /뉴시스 구글은 “구글플레이는 한국 개발자와 이용자들에게 여러 혜택을 제공하고 있으며 타 앱마켓들과 성실하게 경쟁하고 있다”는 입장이다. 하지만 공정위는 구글이 GVP 계약으로 원스토어 등 다른 안드로이드 앱마켓 사업을 방해했다고 판단했다. 공정위는 구글에게 8주간의 방어권 행사 기간을 제공하고 위원회를 통해 제재를 최종 결정할 방침이다. 타 앱마켓 입점 제한 행위는 지난 2023년에도 논란이었다. 공정위는 구글이 2016년 6월부터 2018년 4월까지 게임사들로 하여금 원스토어에 게임을 출시하지 않도록 한 불공정거래행위에 대해 421억원의 과징금을 부과했다. 당시 구글은 독점 출시 조건으로 게임사에 해외진출, 마케팅을 지원한 것으로 조사됐다. 경실련은 공정위의 제재 절차 착수를 환영하면서도 경쟁 제한 결과로 피해 입은 소비자 대상 보상도 필요하다고 밝혔다. 경실련은 “과징금 처분은 국고에 귀속되는 행정제재에 불과하다”며 “소비자 피해 구제를 적극 심의해야 한다”고 말했다. 또한, 이를 계기로 ‘전기통신사업법’을 개정해 ‘앱 마켓사업자 영업보복’을 금지해야 한다고 제안했다. 한국게임이용자협회는 2일 GVP 계약으로 발생한 소비자 피해를 구제받기 위해 한국소비자원 소비자분쟁조정위원회에 집단분쟁조정을 신청했다. 집단분쟁조정에 대해 이철우 변호사(게임이용자협회장)는 “전체 소비자에 대한 합리적인 보상안이 마련되기를 촉구하는 취지에서 제기했다”고 말했다.",1754,newspaper3k,84.0,good,203.0,True,False,https://news.google.com/rss/articles/CBMia0FVX3lxTE0xbkljbzhwTjlEM0FsdS02MUdwNFJRMUczX0NrSWFZeVJnUzNBWmlLTDlXRG9IRGhYY25KczE0eXZZWWdzU3VUaVVjSWZ6ODBIS2RvY2pNOWt2eGdjNFBpbXZUNFNHajlLbVp30gFvQVVfeXFMT1UyZmxpN25mbVhLSkpBajBkWU5TQm9tYTAtNGUweV9TSVc2emR5WHloZ3NaU1BOUFQzVzBPU3ZXWS1pME5BbHoydkFFRlRyYWhBWXJOZ2kzdHZ0R21zNzlDbFZoSlh4ZW83Y1ByZ0Jz?oc=5,https://www.sisaweek.com/news/articleView.html?idxno=236482,245.6,"antitrust_platform,earnings,financial_performance,labor_dispute,legal_regulatory_enforcement,market_power_platform,platform_obligation,policy_legislation,self_pr_promo,strategy_mna_governance",labor_general,2026-07-02,meta:article:published_time,original_date_recent,2,266.7,,37.0,global_incident:platform_enforcement:google:delivery_platform_fee_mfn:sanction_penalty,global_incident:platform_enforcement:google:delivery_platform_fee_mfn,56.0,government:platform_obligation,Y,,ok,http_200,body_valid,I045,global_incident:platform_enforcement:google:app_market_payment_fee,government_platform_regulation,GOV_PLATFORM_REGULATION,530.0,OFF_TOPIC,GOV_DIRECT_PLATFORM_OBLIGATION,COMP_OVERSEAS_REGULATION_DATA,overseas,정부_국회,GOV_PLATFORM_REGULATION,government_platform_regulation,global_incident:platform_enforcement:google:app_market_payment_fee,global_incident:platform_enforcement:google:app_market_payment_fee,카카오 또는 주요 플랫폼 사업자에게 직접 의무·차단·보고·준수 부담이 생김,5,5,5,로컬 보조 라벨,로컬 보조 라벨 / v26: 오늘 새 직접 사건·진전 / 로컬 보조 라벨 / v26.2: no central Korean public actor/action for Government section: foreign_public_policy / v26.2: overseas structural industry candidate / 로컬 보조 라벨 / v26.2: overseas structural industry candidate,issue_selected,공정거래위원회,정부/국회,정부_국회,정부_국회,정부_국회,정부/국회,2,본문추출성공,pass:v26_2_public_actor_action_pass:platform_obligation,pass:representative_aligned,4,"◇ 신고 1년 7개월 만에 제재 절차 착수… 위반 행위 매출 14조1,600억원 산정 이번 사건은 경제정의실천시민연합·한국게임이용자협회·한국게임소비자협회가 지난 2024년 11월 구글3사(구글LLC, 구글코리아, 구글 아시아 퍼시픽)를 공정위에 신고하며 조사가 이뤄졌다. 공정위는 단체들의 신고에 대해 장기간 조사를 거쳐 1년 7개월 만에 시정명령 및 과징금 제재 의견을 담은 심사보고서를 지난 1일 구글에 송부했다.",정부_국회,"구글, 또 ‘앱마켓 갑질’ 제재 받나… 공정위, 과징금 절차 착수",https://www.sisaweek.com/news/articleView.html?idxno=236482,시사위크,CEO_Morning_Briefing,CEO_Morning_Briefing,4,,,,Y,
정부_국회,정부/국회,공정거래위원회,"美하원 법사위 ""韓정부 쿠팡 차별"" … 과도한 과징금과 강압적 조사·규제 부과",Queen 이코노미퀸,Queen 이코노미퀸,"Thu, 02 Jul 2026 03:48:00 GMT","Thu, 02 Jul 2026 03:48:00 GMT","美하원 법사위 ""韓정부 쿠팡 차별"" … 과도한 과징금과 강압적 조사·규제 부과 Queen 이코노미퀸","미 연방 의회 하원 법사위원회가 1일(현지시간) 공개한 '경쟁 봉쇄 : 한국의 미국 소유 기업에 대한 차별적 공격'이라는 제목의 보고서 표지. 미국 연방 하원 법사위원회가 한국 정부가 쿠팡을 비롯한 미국 기업을 차별적으로 규제하고 있다는 내용의 보고서를 공개하면서 적지 않은 파장이 예상된다. 해당 보고서는 미국 의회의 강력한 조사 권한을 바탕으로 작성된 만큼 단순한 의견 표명을 넘어 향후 통상 이슈와 한·미 경제 관계에도 영향을 미칠 수 있다는 분석이 나온다. 2일 업계와 외신 등에 따르면 미 하원 법사위원회는 지난 1일(현지시간) 발간한 35쪽 분량의 보고서에서 ""한국 정부는 외국 기업을 겨냥해 모든 규제 수단을 동원하고 있다""며 ""특히 공정거래위원회는 미국 회사에 대한 공격에 매우 적극적""이라고 주장했다. 보고서는 한국 정부가 미국 기업들에 과도한 과징금과 강도 높은 조사, 규제를 적용하는 반면 국내 경쟁업체에는 상대적으로 관대한 기준을 적용해 결과적으로 한국 기업을 보호하는 효과를 낳고 있다고 지적했다. 특히 최근 개인정보 유출 사태와 관련해 6200억 원대 과징금을 부과받은 쿠팡 사례를 대표적인 사례로 제시하며 집중적으로 다뤘다. 보고서는 ""쿠팡은 한국 규제 당국에 의해 지속적으로 표적이 됐고 적대적인 규제와 불공정한 집행 관행, 한국 경쟁회사에는 부과되지 않는 과도한 벌금을 부과받았다""고 주장했다. 이와 함께 쿠팡 해롤드 로저스 임시대표의 증언 내용을 인용했으며, 개인정보 회수 지시를 둘러싼 논란 과정에서 국가정보원과 쿠팡 측 간 통화가 약 230회 이뤄졌다는 분석도 함께 제시했다. 업계에서는 이번 보고서가 일반적인 정책 비판 보고서와는 성격이 다르다는 점에 주목하고 있다. 미국 하원 법사위원회는 사법과 반독점, 무역 등 주요 현안에 대해 광범위한 조사 권한을 갖고 있으며, 필요할 경우 기업과 정부기관을 상대로 내부 이메일과 메신저 기록, 회의록 등 각종 자료 제출을 요구할 수 있다. 또 법원 영장과는 별도로 의회의 권한에 따라 강제 소환장을 발부할 수 있으며, 정당한 사유 없이 이에 응하지 않을 경우 의회모독죄 적용 대상이 될 수도 있다. 이 같은 권한을 토대로 변호사와 조사관들이 수개월에서 길게는 수년에 걸쳐 자료를 분석한 뒤 최종 보고서를 작성하는 만큼 국제 사회에서도 상당한 신뢰성과 영향력을 갖는 것으로 평가된다. 실제로 하원 법사위 보고서는 미국 정치와 산업 정책에 적지 않은 영향을 미친 사례가 적지 않다. 대표적으로 1974년 '워터게이트 사건' 당시 작성된 닉슨 대통령 탄핵 조사 보고서는 백악관 집무실 녹음 테이프와 각종 증거를 토대로 사법 방해와 권력 남용 사실을 공개했고, 이는 결국 리처드 닉슨 대통령의 자진 사임으로 이어지는 결정적인 계기가 됐다. 2020년에는 애플과 구글, 아마존, 메타 등 대형 정보기술(IT) 기업을 대상으로 450쪽 분량의 '빅테크 반독점 보고서'를 발간해 시장지배력 남용 사례를 구체적으로 제시했다. 이후 미국 법무부와 연방거래위원회(FTC)는 구글과 메타 등을 상대로 대규모 반독점 소송을 제기하는 등 실제 정책과 법 집행에도 상당한 영향을 미쳤다. 2024년에는 이른바 '일론 머스크 압박 조사 보고서'를 통해 당시 바이든 행정부의 리나 칸 FTC 위원장이 정치적 편향성을 바탕으로 머스크 최고경영자(CEO)의 트위터 인수 과정을 집중 조사했다는 내부 문건을 공개하기도 했다. 이는 행정부의 과도한 기업 조사 권한을 축소하는 법안(REINS act) 제정 시도로 번졌다. 업계에서는 이번 보고서 역시 단순히 쿠팡 사례에 국한되지 않고 향후 한·미 통상 협의나 외국계 기업 규제 정책 전반에 영향을 줄 가능성을 주목하고 있다. 미국 의회가 자국 기업에 대한 해외 규제 문제를 공식적으로 제기한 만큼 후속 청문회나 추가 조사, 정책 권고 등이 이어질 가능성도 배제할 수 없다는 관측이다. 업계 관계자는 ""법사위 소속 의원들 상당수가 검사와 변호사 출신의 베테랑들로 기업과 공직자를 상대로 강도 높은 질의와 심층 조사를 진행해 사실상 '의회의 검찰'로 불릴 정도의 조사 역량을 갖추고 있다""며 ""법사위 보고서는 글로벌 기업은 물론 국가 간 무역 환경과 정책 결정에도 영향을 미치는 경우가 많아 국제적인 파급력이 상당하다""고 말했다. 이코노미퀸 김정현 기자 사진 뉴스1",2103,newspaper3k,84.0,good,203.0,True,False,https://news.google.com/rss/articles/CBMiaEFVX3lxTE9Zb0psQ2Fpbmt0cWRaVExoWDlFV2ZOc3huSVMyT2RMQ28zQVVsSUlPNUtBa1V1NjRDMTN6a2ZkXzFUZXpkcUE3VzdpRndhNDREZXVJdDk5dkJXZlMzQ3h4Vk95XzVHbmJv?oc=5,http://www.queen.co.kr/news/articleView.html?idxno=459631,210.6,"antitrust_platform,legal_regulatory_enforcement,market_power_platform,phishing_security,platform_obligation,policy_legislation,privacy_security_reliability,strategy_mna_governance",antitrust_inapp,2026-07-02,meta:article:published_time,original_date_recent,1,266.7,privacy_security:coupang:data_leak:sanction_or_penalty,37.0,global_incident:platform_enforcement:coupang:privacy_data_violation:sanction_penalty,global_incident:platform_enforcement:coupang:privacy_data_violation,56.0,government:platform_obligation,Y,,ok,http_200,body_valid,I061,global_incident:platform_regulation:coupang:platform_operator_obligation,comp_domestic_direct_risk,COMPETITOR_PLATFORM_RISK,444.5,,GOV_GENERAL_LOW_RELEVANCE,COMP_DOMESTIC_DIRECT_RISK,domestic,정부_국회,COMPETITOR_PLATFORM_RISK,comp_domestic_direct_risk,global_incident:platform_regulation:coupang:platform_operator_obligation,global_incident:platform_regulation:coupang:platform_operator_obligation,정부/국회 기사이나 카카오 플랫폼·AI·디지털금융과 연결 경로가 약함,4,2,1,로컬 보조 라벨 / v26.2: overseas structural industry candidate,로컬 보조 라벨 / v26.2: overseas structural industry candidate,issue_selected,공정거래위원회,정부/국회,정부_국회,정부_국회,정부_국회,정부/국회,9,본문추출성공,pass:v26_2_public_actor_action_pass:platform_obligation,pass:representative_aligned,5,"보고서는 한국 정부가 미국 기업들에 과도한 과징금과 강도 높은 조사, 규제를 적용하는 반면 국내 경쟁업체에는 상대적으로 관대한 기준을 적용해 결과적으로 한국 기업을 보호하는 효과를 낳고 있다고 지적했다. 특히 최근 개인정보 유출 사태와 관련해 6200억 원대 과징금을 부과받은 쿠팡 사례를 대표적인 사례로 제시하며 집중적으로 다뤘다.",정부_국회,"美하원 법사위 ""韓정부 쿠팡 차별"" … 과도한 과징금과 강압적 조사·규제 부과",http://www.queen.co.kr/news/articleView.html?idxno=459631,Queen 이코노미퀸,CEO_Morning_Briefing,CEO_Morning_Briefing,5,,,,Y,
정부_국회,정부/국회,KT,"보안투자액 톱3, 삼성전자·쿠팡·KT 순... 자율공시 기업 30% 증가",보안뉴스,보안뉴스,"Thu, 02 Jul 2026 01:16:00 GMT","Thu, 02 Jul 2026 01:16:00 GMT","보안투자액 톱3, 삼성전자·쿠팡·KT 순... 자율공시 기업 30% 증가 보안뉴스","SKT·SKB 합산 시 삼성전자 이어 2위 ‘자율 공시’ 급증은 신뢰 확보와 의무화 대비 신호 [보안뉴스 강현주 기자] 2025년 정보보호 투자액이 가장 큰 국내 기업은 삼성전자, 쿠팡, KT 순으로 나타났다. 쿠팡의 투자 규모가 대폭 확대돼 전년 3위에서 2위에 올랐다. 공시에 참여한 기업들 중 자율공시한 기업은 전년대비 약 30% 증가했다. ▲보안 투자 상위 기업들 2026년 정보보호 공시 현황 [출처: 보안뉴스, 데이터: 정보보호 공시 포털] 삼성전자 압도적 1위 지속... 쿠팡, 투자 대폭 확대로 2위 1일 한국인터넷진흥원(KISA) 정보보호 공시 포털에 공개된 2026년 정보보호 공시를 살펴보면 2025년 정보보호에 가장 많은 금액을 투자한 ‘톱3’는 삼성전자(4121억원), 쿠팡(1349억원), KT(1275억원) 순이다. 톱3 기업 리스트는 2023년 및 2024년과 동일하지만 쿠팡과 KT의 자리가 바뀌었다. 뒤 이어 SK텔레콤(1110억원)과 LG유플러스(962억원) 순으로 이통 3사가 나란히 3, 4, 5위다. 단 SKT는 유선 사업을 하는 SK브로드밴드(323억원)와 구분돼 있어 양사를 합칠 경우 약 1434억원으로 쿠팡보다 높아 삼성전자에 이어 2위다. SKT와 SK브로드밴드 합산 투자액은 전년 933억원 대비 53.7% 증가하며 대폭 확대됐다. 특히 삼성전자는 약 4121억원을 정보보호에 쓰면서 투자액 기준 국내에서 압도적인 1위다. 금액 증가폭도 전년 약 3478억원 대비 18% 가량 크게 증가했다. AI 시대 반도체 수요 폭증에 따라 기술력과 공정 보호의 중요성이 강조되는 상황에서 삼성전자가 단행한 큰폭의 보안 투자 확대는 수순으로 보인다. 삼성전자는 침입차단시스템 및 비업무 사이트 통제 등 정보보호 시스템 운영, 임직원 PC 데이터 암호화 운영 등의 정보보호 활동을 했다. IT 투자액 대비 정보보호 투자액은 3.6%로 전년 5.2% 대비 줄었다. 이에 대해 삼성전자 측은 “소프트웨어 개발 인력의 인건비가 IT 투자액 중 유의미한 비중을 차지한다”고 공시를 통해 밝혔다. 삼성전자의 정보보호 인력은 1132명으로 IT 인력 대비 4.7%에 해당한다. 쿠팡은 1349억원을 투자, 전년 889억원 대비 무려 51.6% 확대했다. 쿠팡은 지난해 3700만명의 개인정보 유출 사고 발생 이후 보안 강화를 거듭 약속한 상황에서 대폭 늘린 금액이 눈길을 끈다. IT 투자 대비 정보보호 투자는 5.2%로 전년 4.6% 대비 증가했다. 정보보호 정책 위반자 교육, 정보보호 및 개인정보보호 리스크 식고별 및 대응 방안 수립, 정보보호 인식제고 등의 활동을 했다. 쿠팡의 정보보호 인력은 370명으로 IT 인력 대비 8.9%다. KT는 1275억원을 투자하며 전년 약 1250억 대비 2% 늘렸다. 이 회사도 지난해 펨토셀·서버 해킹 사고 이후 5년간 1조원 이상의 보안 투자를 약속한 바 있다. IT 투자액 대비 정보보호 투자액은 6.3%로 전년과 같은 수준이다. 2025년에는 전사 웹 취약점 진단 및 APT 심화 진단 추진, 통신 인프라 보안 취약점 점검 및 개선 등의 활동을 했다. KT의 정보보호 인력은 317명으로 IT 인력 대비 5.8%다. ▲2026년 정보보호 공시 내용(투자액, 인력 현황) [출처: KISA 정보보호 공시 포털] 자율공시 기업 급증... “의무대상 확대 준비 움직임” 삼성전자, 쿠팡, KT의 정보보호 투자 금액은 압도적이다. 다만 세 업체 모두 IT 투자액 대비 정보보호 투자액 비율, IT 인력 대비 정보보호 인력 비율 면에서는 2026년 정보보호 공시 참여 기업들 전체 평균을 밑돈다. 공시 참여 기업들의 정보기술(IT) 투자액 대비 정보보호 투자액 비율은 6.13%로, 전년 6.28% 대비 소폭 줄었다. 글로벌 기업들이 10% 이상 정보보호에 투자하는 것과 비교해 낮은 편이다. 2025년 IT 인력 대비 정보보호 인력 비율은 6.82%로 전년 6.67% 대비 늘었다. 2025년 한해 동안의 정보보호 현황을 보고하는 2026년 정보보호 공시에 참여한 기업은 825개사로 전년 773개사 대비 약 6.7% 증가한 52개사가 늘었다. 특히 공시 의무 대상이 아닌데 자율적으로 참여한 기업은 139개사로 전년 107개사대비 약 30% 증가했다. 정보보호 분야 한 관계자는 “의무대상이 아님에도 자율공시가 늘어난 것은 자사 고객 및 투자자의 신뢰 확보, 기업 이미지 개선을 위함 뿐만 아니라 내년부터 의무대상이 확대됨에 따라 다수의 기업이 사전 준비 차원에서 자율공시를 이행한 것으로 분석된다”고 말했다. [강현주 기자(jjoo@boannews.com)] <",2259,trafilatura,88.0,good,146.0,True,False,https://news.google.com/rss/articles/CBMiX0FVX3lxTE5jUzJhRXotR2FJa0xmTnVkclh0SzA5V2ZJUWMxOU5qdlpZVEhid2NodEEyZlVOSHlBN2czSTJ2WHhrN1o5azhuTnpVZHZubGJHd1V5OGlpdXFFempZUng4?oc=5,https://m.boannews.com/html/detail.html?idx=144449,240.0,"ai_infrastructure_security,financial_performance,phishing_security,platform_obligation,policy_legislation,privacy_security_reliability",security_hacking_incident,,no_original_date_found,no_original_date_found_kept,0,211.4,privacy_security:coupang:data_leak:policy_change,56.0,global_incident:platform_enforcement:coupang:privacy_data_violation:general,global_incident:platform_enforcement:coupang:privacy_data_violation,32.0,government:platform_obligation,Y,,ok,http_200,body_valid,I013,comp_domestic_strategy:보안투자액 톱3 삼성전자 쿠팡 kt 순 자율공시 기업 30 증가,comp_domestic_strategy,COMPETITOR_AI_STRATEGY,615.5,,,COMP_DOMESTIC_STRATEGY,domestic,경쟁사_해외이슈,COMPETITOR_AI_STRATEGY,comp_domestic_strategy,comp_domestic_strategy:보안투자액 톱3 삼성전자 쿠팡 kt 순 자율공시 기업 30 증가,comp_domestic_strategy:보안투자액 톱3 삼성전자 쿠팡 kt 순 자율공시 기업 30 증가,카카오가 경쟁사 전략·리스크·AI/플랫폼 대응을 비교 참고할 이슈,4,4,5,로컬 보조 라벨 / v26.2: overseas structural industry candidate,로컬 보조 라벨 / v26.2: overseas structural industry candidate,issue_selected,KT,경쟁사/해외이슈,경쟁사_해외이슈,경쟁사_해외이슈,정부_국회,정부/국회,13,본문추출성공,reassign:v27_korean_official_platform_enforcement_to_gov:platform_enforcement:coupang:privacy_data_violation,pass:representative_aligned,6,"SKT·SKB 합산 시 삼성전자 이어 2위 ‘자율 공시’ 급증은 신뢰 확보와 의무화 대비 신호 [보안뉴스 강현주 기자] 2025년 정보보호 투자액이 가장 큰 국내 기업은 삼성전자, 쿠팡, KT 순으로 나타났다. 쿠팡, 투자 대폭 확대로 2위 1일 한국인터넷진흥원(KISA) 정보보호 공시 포털에 공개된 2026년 정보보호 공시를 살펴보면 2025년 정보보호에 가장 많은 금액을 투자한 ‘톱3’는 삼성전자(4121억원), 쿠팡(1349억원), KT(1275억원) 순이다.",정부_국회,"보안투자액 톱3, 삼성전자·쿠팡·KT 순... 자율공시 기업 30% 증가",https://m.boannews.com/html/detail.html?idx=144449,보안뉴스,CEO_Morning_Briefing,CEO_Morning_Briefing,6,,,,,경쟁사_해외이슈->정부_국회:v27_korean_official_platform_enforcement_to_gov:platform_enforcement:coupang:privacy_data_violation
정부_국회,정부/국회,구글,"""오픈AI, 美 정부에 지분 5% 제공 논의…앤트로픽·구글 참여도 언급"" - 머니투데이",머니투데이,머니투데이,"Thu, 02 Jul 2026 06:39:01 GMT","Thu, 02 Jul 2026 06:39:01 GMT","""오픈AI, 美 정부에 지분 5% 제공 논의…앤트로픽·구글 참여도 언급"" - 머니투데이 머니투데이","챗GPT 개발사 오픈AI가 도널드 트럼프 미국 행정부에 회사 지분 5%를 넘기는 방안을 논의한 것으로 알려졌다. 2일(현지시간) 영국 파이낸셜타임스(FT)는 복수의 소식통을 인용해 이같이 보도하면서 오픈AI의 제안은 ""트럼프 행정부와의 협력 관계를 강화하는 동시에 AI로 창출된 막대한 수익이 일부 기업에 집중된다는 정치권의 반발을 피하기 위한 의도""라고 해석했다. 소식통들은 ""샘 올트먼 CEO(최고경영자)는 AI를 통해 창출되는 이익을 국민과 공유하는 가장 효과적인 방법은 정부가 회사의 일정 지분을 보유하는 것이라고 주장해왔다""면서 ""현재 논의는 초기 단계로, 합의가 이뤄지려면 의회 입법이 필요할 수 있다""고 전했다. 올트먼 CEO와 오픈AI 경영진들은 논의 과정에서 앤트로픽, 구글, 메타플랫폼 등 다른 AI기업도 유사한 규모의 회사 지분을 제공해 알래스카 영구기금과 유사한 기구에 제공하는 것을 제안한 것으로 알려졌다. 다만 다른 AI 기업이 오픈AI의 제안에 동의할지는 불확실하다. 알래스카 영구기금은 주(州)정부의 석유 수익을 주식에 투자해 관련 배당금을 주정부와 주민에게 지급하는 국부펀드다. 올트먼 CEO는 트럼프 대통령은 물론 하워드 러트닉 상무장관, 스콧 베선트 재무장관 등과 해당 제안을 논의했다고 한다. 최근엔 버니 샌더스 미 상원의원과 몇 주간 대화를 나눴다고 소식통은 전했다. 샌더스 의원은 최근 미국 AI 기업이 발행한 지분의 약 50%를 국부펀드 형태의 공공기금으로 보유하고 이후 발생 수익을 일반 국민과 공유한다는 내용의 법안을 발의했다. 트럼프 대통령 역시 지난달 2일 AI 산업 성장으로 창출된 막대한 부를 미국인들과 함께 공유하겠다며 미국 정부의 AI 지분 투자를 검토하고 있다고 공개 발표한 바 있다. 정부가 AI 기업의 지분 보유를 검토하는 건 AI 발전으로 일자리 감소와 경제적 불평등이 예상되는 상황에서 경제적 이익이 소수 기술기업과 투자자에게 집중되는 것을 완화하고 일반 국민들에게도 혜택이 돌아가도록 하려는 취지로 풀이된다. 기업 입장에서는 정부를 주주로 참여시킴으로써 향후 직면할 규제 리스크를 완화하는 효과를 기대할 수도 있다. 다만 정부가 특정 기업의 주주가 될 경우 시장 변동성에 노출될 수 있고 기업에 대한 규제와 투자자 역할이 충돌하는 문제가 발생할 수 있단 지적도 나온다. 최근 미 정치권에서는 대규모 데이터센터 건설, AI의 일자리 대체 가능성, 사이버보안 위협 등에 대한 우려 AI 기업에 대한 규제 강화 목소리가 커지고 있다. 트럼프 행정부는 국가 안보 위협 가능성을 이유로 지난달 오픈AI의 경쟁사인 앤트로픽의 최첨단 AI모델 미토스5와 페이블5에 대한 수출 통제 조처를 내렸다가 18일 만에 해제했다. 한편 오픈AI는 당초 올해로 예상됐던 기업공개(IPO) 일정을 내년으로 연기하는 방안을 검토 중인 것으로 알려졌다. 최근 상장한 스페이스X의 주가 부진과 AI 관련 종목의 변동성이 커지자 기업가치 1조달러(약 1500조원) 목표 달성을 위해 IPO 일정 조정에 나선 것으로 보인다. 챗GPT 개발사 오픈AI가 도널드 트럼프 미국 행정부에 회사 지분 5%를 넘기는 방안을 논의한 것으로 알려졌다. 2일(현지시간) 영국 파이낸셜타임스(FT)는 복수의 소식통을 인용해 이같이 보도하면서 오픈AI의 제안은 ""트럼프 행정부와의 협력 관계를 강화하는 동시에 AI로 창출된 막대한 수익이 일부 기업에 집중된다는 정치권의 반발을 피하기 위한 의도""라고 해석했다. 소식통들은 ""샘 올트먼 CEO(최고경영자)는 AI를 통해 창출되는 이익을 국민과 공유하는 가장 효과적인 방법은 정부가 회사의 일정 지분을 보유하는 것이라고 주장해왔다""면서 ""현재 논의는 초기 단계로, 합의가 이뤄지려면 의회 입법이 필요할 수 있다""고 전했다. 올트먼 CEO와 오픈AI 경영진들은 논의 과정에서 앤트로픽, 구글, 메타플랫폼 등 다른 AI기업도 유사한 규모의 회사 지분을 제공해 알래스카 영구기금과 유사한 기구에 제공하는 것을 제안한 것으로 알려졌다. 다만 다른 AI 기업이 오픈AI의 제안에 동의할지는 불확실하다. 알래스카 영구기금은 주(州)정부의 석유 수익을 주식에 투자해 관련 배당금을 주정부와 주민에게 지급하는 국부펀드다. 올트먼 CEO는 트럼프 대통령은 물론 하워드 러트닉 상무장관, 스콧 베선트 재무장관 등과 해당 제안을 논의했다고 한다. 최근엔 버니 샌더스 미 상원의원과 몇 주간 대화를 나눴다고 소식통은 전했다. 샌더스 의원은 최근 미국 AI 기업이 발행한 지분의 약 50%를 국부펀드 형태의 공공기금으로 보유하고 이후 발생 수익을 일반 국민과 공유한다는 내용의 법안을 발의했다. 트럼프 대통령 역시 지난달 2일 AI 산업 성장으로 창출된 막대한 부를 미국인들과 함께 공유하겠다며 미국 정부의 AI 지분 투자를 검토하고 있다고 공개 발표한 바 있다. 정부가 AI 기업의 지분 보유를 검토하는 건 AI 발전으로 일자리 감소와 경제적 불평등이 예상되는 상황에서 경제적 이익이 소수 기술기업과 투자자에게 집중되는 것을 완화하고 일반 국민들에게도 혜택이 돌아가도록 하려는 취지로 풀이된다. 기업 입장에서는 정부를 주주로 참여시킴으로써 향후 직면할 규제 리스크를 완화하는 효과를 기대할 수도 있다. 다만 정부가 특정 기업의 주주가 될 경우 시장 변동성에 노출될 수 있고 기업에 대한 규제와 투자자 역할이 충돌하는 문제가 발생할 수 있단 지적도 나온다. 최근 미 정치권에서는 대규모 데이터센터 건설, AI의 일자리 대체 가능성, 사이버보안 위협 등에 대한 우려 AI 기업에 대한 규제 강화 목소리가 커지고 있다. 트럼프 행정부는 국가 안보 위협 가능성을 이유로 지난달 오픈AI의 경쟁사인 앤트로픽의 최첨단 AI모델 미토스5와 페이블5에 대한 수출 통제 조처를 내렸다가 18일 만에 해제했다. 한편 오픈AI는 당초 올해로 예상됐던 기업공개(IPO) 일정을 내년으로 연기하는 방안을 검토 중인 것으로 알려졌다. 최근 상장한 스페이스X의 주가 부진과 AI 관련 종목의 변동성이 커지자 기업가치 1조달러(약 1500조원) 목표 달성을 위해 IPO 일정 조정에 나선 것으로 보인다.",2973,bs4_selector,86.0,good,189.0,True,False,https://news.google.com/rss/articles/CBMiaEFVX3lxTE8xR0g4cFZzNktBQ3kxNUZZSk9uZjREY3I0MVZFdG00ODZPdE9wcFlRTllLZWpuU0hfQnJ2NWlqRlBBTHNHS3hscVlvLW9paWl0NkZjR0l1WW5McU9aOU5zb3pubE5ON2d40gFuQVVfeXFMTUpXV1I4SFRycDY4dWZyVlR5SkVZaFJOejd6NjJ4TU5QN2k2empUSEJILUMtYjFvdTl4bWcxX0dRSUlBYlNZeXVYTXpzcFZZakRtNk00Sk8tSC01Q0JsM1d0b0xVMXhXREhLajl2Wnc?oc=5,https://www.mt.co.kr/world/2026/07/02/2026070215083262119,243.0,"ai_infrastructure_security,financial_performance,labor_dispute,market_power_platform,phishing_security,platform_obligation,policy_legislation,privacy_security_reliability,self_pr_promo,strategy_mna_governance",labor_general,2026-07-02,url_date,original_date_recent,6,269.7,privacy_security:toss:data_leak:policy_change,7.0,global_incident:platform_enforcement:toss:privacy_data_violation:general,global_incident:platform_enforcement:toss:privacy_data_violation,56.0,government:platform_obligation,Y,,ok,http_200,body_valid,I062,global_incident:ai_security_policy:google:anthropic_glasswing_security,comp_overseas_platform_ai,COMPETITOR_AI_STRATEGY,441.0,,,COMP_OVERSEAS_PLATFORM_AI,overseas,정부_국회,COMPETITOR_AI_STRATEGY,comp_overseas_platform_ai,global_incident:ai_security_policy:google:anthropic_glasswing_security,global_incident:ai_security_policy:google:anthropic_glasswing_security,카카오가 경쟁사 전략·리스크·AI/플랫폼 대응을 비교 참고할 이슈,4,3,4,로컬 보조 라벨 / v26.2: overseas structural industry candidate,v43_hard_min:산업동향: daily-safe portfolio rescue,issue_selected,구글,경쟁사/해외이슈,경쟁사_해외이슈,정부_국회,정부_국회,정부/국회,15,본문추출성공,pass:v26_2_public_actor_action_pass:public_actor_official_action,pass:representative_aligned,7,"챗GPT 개발사 오픈AI가 도널드 트럼프 미국 행정부에 회사 지분 5%를 넘기는 방안을 논의한 것으로 알려졌다. 올트먼 CEO와 오픈AI 경영진들은 논의 과정에서 앤트로픽, 구글, 메타플랫폼 등 다른 AI기업도 유사한 규모의 회사 지분을 제공해 알래스카 영구기금과 유사한 기구에 제공하는 것을 제안한 것으로 알려졌다.",정부_국회,"""오픈AI, 美 정부에 지분 5% 제공 논의…앤트로픽·구글 참여도 언급"" - 머니투데이",https://www.mt.co.kr/world/2026/07/02/2026070215083262119,머니투데이,CEO_Morning_Briefing,CEO_Morning_Briefing,7,,,v43_hard_min:산업동향,Y,
정부_국회,정부/국회,스테이블코인,"규제완화 요청한 가상자산업계…이찬진 ""공감하지만, 공은 국회에""",이데일리,이데일리,"Thu, 02 Jul 2026 08:53:42 GMT","Thu, 02 Jul 2026 08:53:42 GMT","규제완화 요청한 가상자산업계…이찬진 ""공감하지만, 공은 국회에"" 이데일리","[이데일리 서민지 기자] 가상자산업계가 이찬진 금융감독원장에게 디지털자산기본법의 조속한 처리와 법인 및 외국인 투자 허용, 은행 실명계좌 확대 등을 강력하게 건의했다. 이 원장은 업계의 고충에 공감을 표하면서도 “공은 국회에 있다”며 입법을 통해 현안을 풀어가자는 취지의 답변을 한 것으로 알려졌다.이 원장은 2일 서울 마포 프론트원 박병원홀에서 주요 가상자산사업자 15개사 최고경영자(CEO) 및 디지털자산거래소공동협의체(DAXA)와 간담회를 열었다. 이날 자리에는 원화마켓 거래소 5개사(두나무·빗썸·코인원·코빗·고팍스), 코인마켓 거래소 5개사(포블·한국디지털거래소·바우맨·인피니티익스체인지·웨이브릿지), 커스터디 5개사(KDAC·헥토월렛원·DSRV랩스·블로세이프·비댁스)가 참석했다.이번 간담회는 이 원장 취임 후 가상자산업계와 가진 두 번째 회동으로, 첫 회동 이후 약 9개월 만에 마련됐다. 특히 이 원장은 오후 3시40분부터 약 1시간 동안 오경석 두나무 대표, 이재원 빗썸 대표, 차명훈 코인원 대표, 오세진 코빗 대표, 최한결 스트리미 대표 등 가상자산사업자 CEO들과 주요 현안에 대한 의견을 나눴다.각 사 대표들은 약 2분씩 건의사항을 발표했다. 업계는 디지털자산기본법 처리, 법인시장 개방, 외국인 투자 허용, 은행 실명게좌 확대 등을 주요 현안으로 제기하며 제도 정비 필요성을 강조했다. 법인의 가상자산 시장 참여 허용과 실명확인 입출금계정(실명계좌) ‘1거래소 1은행’ 원칙 완화는 업계의 오랜 숙원이다. 개인 투자자 중심으로 형성된 국내 가상자산 시장 구조를 개선하려면 법인 참여를 단계적으로 허용할 필요가 있다는 이유에서다.이날 참석했던 한 관계자는 “디지털자산법이 빨리 통과돼야 관련 기반 사업에 진입할 수 있다”며 “글로벌 시장이 빠르게 움직이는 가운데 스테이블코인 관련 법안 처리의 중요성이 커지고 있다는 점을 전달했다”고 말했다. 이어 “이 원장이 국회와 잘 소통해 나가면서 빨리 진행할 수 있도록 노력하겠다고 했다”고 전했다.현장에 있었던 또 다른 관계자는 “커스터디 업계는 법인시장 개방을 주로 건의했고, 코인거래소 쪽에서는 실명계좌 규제 완화 필요성을 주로 언급했다”며 “이 원장이 업계 관련 이슈를 상당히 잘 파악하고 있었고 고충에도 충분히 공감하는 분위기였다”고 귀띔했다.이 원장은 이날 모두발언에서 업계의 내부통제 및 이용자 보호 강화를 특별히 주문했다. 이 원장은 “투기의 대상으로만 인식되던 가상자산이 하나의 산업으로 자리를 잡아가고 있는 지금 우리는 다시 한번 중요한 변곡점에 서 있다”며 “이 자리는 가상자산 산업의 지속 가능한 발전을 위해 나아가야 할 방향을 논의하고 현장의 다양한 의견을 청취하고자 마련했다”고 말했다.그는 “일부 거래소에서 발생했던 내부통제 미비에 따른 비트코인 오지급 사고로 가상자산거래소에 대한 시장의 신뢰가 흔들리는 일도 있었다”고 지적했다. 이어 “일반 국민이 안심하고 거래할 수 있는 곳만이 시장의 선택을 받고 장기적으로 지속할 수 있다”며 CEO들이 전사적 내부통제 체계 구축과 운영을 직접 챙겨야 한다고 당부했다.그러면서도 “감독당국과 업계가 유기적으로 협력한다면 가상자산 산업이 직면한 다양한 과제를 슬기롭게 극복하고 한 단계 더 도약할 수 있을 것이라 확신한다”며 “금감원도 가상자산 시장과 산업의 건전하고 지속적인 발전을 위해 최선을 다하겠다”고 강조했다.",1651,newspaper3k,84.0,good,205.5,True,False,https://news.google.com/rss/articles/CBMigAFBVV95cUxPdFdQX3oxcXFJelV4Z0R1RnNxUXFYSDk2TklGRi1kUXh3SjdVSU44TUtNSlRhXzlYMVdOcWRuaXZkM1RfaFYtOEZxWHRxRXA1NGsxR0ZhMGJVSW00T1FTdm5pM2M1WlhiU18xbDh0UFE5T1lLSzBVRm1kdkN5QnFhZQ?oc=5,https://www.edaily.co.kr/News/Read?newsId=05457926645510584&mediaCodeNo=257,118.6,"digital_asset_stablecoin,dunamu_stake,platform_obligation,policy_legislation,stablecoin",dunamu_general,2026-07-02,json_ld:datePublished,original_date_recent,4,280.45,,7.0,global_incident:platform_regulation:dunamu_upbit:platform_transaction_user_protection_obligation:policy_change,global_incident:platform_regulation:dunamu_upbit:platform_transaction_user_protection_obligation,56.0,government:platform_obligation,Y,,ok,http_200,body_valid,I116,global_incident:digital_asset_policy:digital_asset_sector:digital_asset_policy,government_digital_finance_policy,GOV_FINANCIAL_DIGITAL_POLICY,252.0,,GOV_DIGITAL_FINANCE_POLICY,,other,정부_국회,GOV_FINANCIAL_DIGITAL_POLICY,government_digital_finance_policy,global_incident:digital_asset_policy:digital_asset_sector:digital_asset_policy,global_incident:digital_asset_policy:digital_asset_sector:digital_asset_policy,카카오페이·카카오뱅크 등 금융 계열사에 참고 가능한 디지털금융 정책,3,4,3,로컬 보조 라벨,v43_hard_min:산업동향: daily-safe portfolio rescue,issue_selected,스테이블코인,정부/국회,정부_국회,정부_국회,정부_국회,정부/국회,16,본문추출성공,pass:v26_2_public_actor_action_pass:roundup_but_public_actor_central,pass:representative_aligned,8,"[이데일리 서민지 기자] 가상자산업계가 이찬진 금융감독원장에게 디지털자산기본법의 조속한 처리와 법인 및 외국인 투자 허용, 은행 실명계좌 확대 등을 강력하게 건의했다. 이 원장은 업계의 고충에 공감을 표하면서도 “공은 국회에 있다”며 입법을 통해 현안을 풀어가자는 취지의 답변을 한 것으로 알려졌다.이 원장은 2일 서울 마포 프론트원 박병원홀에서 주요.",정부_국회,"규제완화 요청한 가상자산업계…이찬진 ""공감하지만, 공은 국회에""",https://www.edaily.co.kr/News/Read?newsId=05457926645510584&mediaCodeNo=257,이데일리,CEO_Morning_Briefing,CEO_Morning_Briefing,8,,,v43_hard_min:산업동향,Y,
경쟁사_해외이슈,경쟁사/해외이슈,KT,KT “인공지능 전환(AX) 이어 양자전환 돕겠다”···금융 부문 협력 논의 중,시사저널e,시사저널e,"Thu, 02 Jul 2026 01:47:07 GMT","Thu, 02 Jul 2026 01:47:07 GMT",KT “인공지능 전환(AX) 이어 양자전환 돕겠다”···금융 부문 협력 논의 중 시사저널e,"조민균 KT1일 서울 종로구 센터포인트광화문빌딩에서 엔터프라이즈부문 전용회선서비스팀장이 발언하고 있다. / 사진 = 김용수 기자 [시사저널e=김용수 기자] 인공지능 전환(AX) 플랫폼 컴퍼니를 핵심 경영 키워드로 내건 KT가 양자 기술을 기반으로 ‘양자 전환(QX)’ 파트너로 거듭나겠다는 목표를 제시했다. 이를 위해 KT는 군에 양자암호통신 체계를 구축하는 등 독자 개발 양자키분배(QKD) 기술 기반 사업뿐만 아니라, 올해부터 양자내성암호(PQC) 실증 사업을 진행하는 등 PQC 영역까지 사업을 확장하고 있다. KT는 지난 1일 서울 종로구 센터포인트광화문빌딩에서 열린 기자스터디에서 이같이 밝혔다. 양자암호통신은 양자역학의 특성을 활용해 데이터를 안전하게 보호하는 차세대 보안 기술이다. 현재의 인터넷 보안은 공개키와 대칭키 암호를 결합한 방식으로 운영되며, 암호 알고리즘 자체보다 ‘암호키를 얼마나 안전하게 관리하고 전달하느냐’가 보안의 핵심 요소로 작용한다. 그러나 기존 암호체계는 수학적 난이도에 기반한 구조로, 향후 양자컴퓨터가 발전할 경우 근본적인 위협을 받을 수 있다. 양자컴퓨터는 기존 컴퓨터 대비 압도적인 계산 성능을 바탕으로 현재의 공개키 암호체계를 빠른 시간 내에 해독할 가능성이 제기되고 있다. 양자암호통신은 이런 한계를 극복하기 위해 등장한 기술로, 기존 암호체계의 취약 요소인 ‘암호키 전달’과 ‘암호 자체의 안전성’을 각각 강화하는 방향으로 발전하고 있다. 대표적으로 QKD는 양자의 특성을 이용해 암호키 전달 과정에서 도청 시도를 즉시 감지할 수 있는 기술이며, PQC는 양자컴퓨터로도 해독이 어려운 새로운 수학 구조를 적용한 암호 방식이다. 이 두 기술을 결합하면 암호키 전달과 암호 알고리즘 모두를 보호할 수 있어 보안 수준을 향상시킬 수 있다. 이같은 양자 보안 기술은 기존 암호 방식과 비교해 적용 구조와 특성에서도 차이가 있다. QKD는 거리 제한과 전용 인프라가 필요하지만 이론적으로 높은 보안성을 제공하며, PQC는 기존 네트워크에 비교적 쉽게 적용할 수 있으면서도 양자컴퓨터 대응이 가능한 실용적 대안으로 평가된다. 두 기술은 경쟁 관계가 아닌 상호 보완 관계로 활용되며, 이를 결합한 네트워크 구조가 차세대 통신 보안의 핵심 방향으로 제시되고 있다는 게 KT의 설명이다. 1일 서울 종로구 센터포인트광화문빌딩에서 신정환 KT 네트워크부문 퀀텀테크연구팀장이 발언하고 있다. / 사진 = 김용수 기자 이 가운데 KT는 PQC 기반 보안 기술을 결합한 양자암호통신을 고도화하며 실제 서비스 적용을 확대하고 있다. 약 300kbps 수준의 QKD 기술 고도화와 함께 무선 QKD 4.8km 실증도 완료했다. 이를 바탕으로 향후 Q-VPN, 전송망 보안 등 다양한 서비스로 확장 가능한 양자암호통신 인프라를 구축해 나가고 있다. 신정환 KT 퀀텀테크연구팀장은 “무선 QKD는 KT가 국내에서 최장거리인 4.8km 통신에 성공한 유일한 사업자”라고 강조했다. 구체적으로 KT는 2023년 공군 작전차량 양자암호체계 구축 사업을 수행하며 국방 분야에 양자암호 기술을 적용했다. 또한 2024년 개방형 양자 테스트베드 구축사업에 참여해 단거리 및 장거리 양자 통신망과 PQC망 테스트베드 운영에 필요한 통합 관제 플랫폼을 개발하고 운영하는 역할을 맡았다. 민간 분야 사업과 관련해서는 금융 분야에서 협력 방안을 논의 중이다. 조민균 KT 전용회선서비스팀장은 “금융과도 여러 보안 협력 방안을 가져가려고 하고 있다. 당연히 양자암호통신도 포함돼 있다”며 “최근 금융 기업들이 데이터센터 간 중요한 데이터가 많이 흐르는 구간에 어떻게 양자암호 기술을 적용할 수 있을지를 고민하고 있다고 들었다. 현재 개별 컨설팅을 진행 중이지만, 가시적으로 발표할 실적은 아직 없다”고 설명했다. 이어 “올해부터는 PQC 사업 확장을 시도 중”이라며 “KT는 QKD 망 구성뿐 아니라 기존 고객이 사용하는 전산 환경 전체를 PQC로 전환하는 역량도 보유할 것으로 기대한다”고 말했다. KT는 장기적으로 양자암호통신을 넘어 양자센싱과 양자컴퓨팅 등 양자 기술 전반으로 사업 영역을 확대하는 방안도 검토하고 있다. 조 팀장은 “양자사업을 진행하다 보니 통신만으로는 한계가 있다. 그래서 양자의 큰 축인 양자컴퓨터와 양자 센싱 분야로 파트너를 확대하고 있다”며 “이를 통해 기존의 양자통신 얼라이언스에서 양자 얼라이언스로 확대해 다가오는 양자 시대의 QX 파트너로 성장하려고 계획하고 있다”고 밝혔다.",2190,newspaper3k,84.0,good,124.0,True,False,https://news.google.com/rss/articles/CBMidkFVX3lxTE5DUjJzRXROUUJVQTYzNkVUd0R2amJPQ0ozTXJ3UmxOM3Z0MVU2VzBmS3M1SEd1VXF0V1BCbnp5Q1dVYzRlS3V0a0FkeW0xTWV4OG0xMG9wS25yTENQeFVUSUZnM0hyazVTNHJSUmNUakNGMFNEc0HSAXZBVV95cUxOQ1Iyc0V0TlFCVUE2MzZFVHdEdmpiT0NKM01yd1JsTjN2dDFVNlcwZktzNUhHdVVxdFdQQm56eUNXVWM0ZUt1dGtBZHltMU1leDhtMTBvcEtuckxDUHhVVElGZzNIcms1UzRyUlJjVGpDRjBTRHNB?oc=5,https://www.sisajournal-e.com/news/articleViewAmp.html?idxno=422127,312.0,"ai_infrastructure_security,market_power_platform,phishing_security,platform_obligation,privacy_security_reliability",security_general,2026-07-02,json_ld:datePublished,original_date_recent,2,211.4,,7.0,global_incident:platform_regulation:kt:platform_data_protection_obligation:announcement,global_incident:platform_regulation:kt:platform_data_protection_obligation,24.0,competitor:platform_obligation,Y,,ok,http_200,body_valid,I003,국가 AI 인프라/AIDC/GPU 정책,comp_domestic_ai_platform,COMPETITOR_AI_STRATEGY,645.0,OFF_TOPIC,OFF_TOPIC,COMP_DOMESTIC_AI_PLATFORM,domestic,경쟁사_해외이슈,COMPETITOR_AI_STRATEGY,comp_domestic_ai_platform,KT 금융 AX/AI 인프라 전략,KT 금융 AX/AI 인프라 전략,카카오가 경쟁사 전략·리스크·AI/플랫폼 대응을 비교 참고할 이슈,4,4,5,로컬 보조 라벨 / v26.2: overseas structural industry candidate,로컬 보조 라벨 / v26.2: overseas structural industry candidate / 로컬 보조 라벨 / v26.2: no central Korean public actor/action for Government section: no_public_actor_action_domain / v26.2: overseas structural industry candidate / v26: 카카오 직접 주체가 없어 자사 섹션 제외/재분류 / v26.2: overseas structural industry candidate,issue_selected,KT,경쟁사/해외이슈,경쟁사_해외이슈,경쟁사_해외이슈,경쟁사_해외이슈,경쟁사/해외이슈,5,본문추출성공,pass:competitor_guardrail_pass,pass:representative_aligned,9,조민균 KT1일 서울 종로구 센터포인트광화문빌딩에서 엔터프라이즈부문 전용회선서비스팀장이 발언하고 있다. / 사진 = 김용수 기자 [시사저널e=김용수 기자] 인공지능 전환(AX) 플랫폼 컴퍼니를 핵심 경영 키워드로 내건 KT가 양자 기술을 기반으로 ‘양자 전환(QX)’ 파트너로 거듭나겠다는 목표를 제시했다.,경쟁사_해외이슈,KT “인공지능 전환(AX) 이어 양자전환 돕겠다”···금융 부문 협력 논의 중,https://www.sisajournal-e.com/news/articleViewAmp.html?idxno=422127,시사저널e,CEO_Morning_Briefing,CEO_Morning_Briefing,9,,,,,
경쟁사_해외이슈,경쟁사/해외이슈,네이버,"네이버, 대화형 검색 ‘AI탭’ 정식 출시···5000만 이용자 공략",리얼뉴스,리얼뉴스,"Thu, 02 Jul 2026 01:59:51 GMT","Thu, 02 Jul 2026 01:59:51 GMT","네이버, 대화형 검색 ‘AI탭’ 정식 출시···5000만 이용자 공략 리얼뉴스","베타 두 달 만에 누적 이용자 400만명 돌파 검색부터 지도 확인·실시간 예약까지 한 번에 연결 연내 부동산·건강 에이전트와 웨일 브라우저로 확대 네이버가 생성형 인공지능(AI) 기반 대화형 검색 서비스 ‘AI탭’을 전체 이용자에게 정식 출시하고, 일평균 5000만명이 찾는 네이버 검색을 탐색에서 실행까지 이어지는 AI 에이전트 중심으로 재편한다. 네이버는 지난달 26일 AI탭을 정식 출시하고 AI 검색 경험을 전면 확대한다고 밝혔다. 이에 따라 네이버앱 검색 홈에서 모바일 시대 연결과 발견의 상징으로 자리 잡았던 ‘그린닷’은 AI탭으로 바뀐다. 그린닷에 담겼던 기능도 재배치된다. 멀티모달 검색의 핵심 도구인 ‘스마트렌즈’는 검색창에서 바로 이용할 수 있도록 AI탭 버튼 옆에 전면 배치한다. 음악 검색 기능은 AI탭 안으로 통합한다. AI탭은 이용자의 검색 의도와 맥락을 이해해 답변을 제공하는 데 그치지 않고 쇼핑과 장소 탐색, 예약 등 실제 행동까지 연결하는 에이전틱 검색 서비스다. 정식 출시로 모든 이용자는 모바일과 PC 검색창에서 AI탭 버튼을 한 번 누르면 대화형 검색을 시작할 수 있다. 오는 7월부터는 AI 브리핑 하단의 대화창에서도 AI탭으로 이동해 탐색을 이어갈 수 있다. 검색 결과를 확인한 뒤 추가 질문을 던지고 관련 서비스로 이동하는 흐름을 하나로 연결한 것이다. AI탭은 지난 4월 네이버플러스 멤버십 이용자를 대상으로 베타 서비스를 시작했다. 출시 약 두 달 만에 누적 이용자 400만명을 돌파했다. 베타 서비스 기간 상품과 장소 카드 클릭률은 각각 20% 이상을 기록했다. AI탭 이용 빈도가 높을수록 쇼핑과 플레이스 서비스 등으로 이어지는 비율도 함께 증가했다. AI탭을 11회 이상 방문한 이용자는 한 차례 방문한 이용자보다 상품 클릭이 2.7배 많았다. 장소 클릭은 2배 높게 나타났다. 네이버는 이를 바탕으로 AI탭이 정보 제공을 넘어 이용자의 실제 행동을 유도하는 ‘실행형 AI 에이전트’로 성장할 가능성을 확인했다고 설명했다. 정식 버전에는 네이버 지도와 실시간 예약 가능 시간대를 답변 안에서 안내하는 기능도 추가됐다. 이용자는 식당이나 카페, 특정 장소를 찾는 과정에서 관련 정보를 확인한 뒤 지도 보기와 예약, 방문에 필요한 절차를 한 흐름 안에서 처리할 수 있다. 네이버는 AI탭 정식 출시에 맞춰 실행 중심의 대화형 검색 서비스에 최적화한 차세대 모델도 탑재했다. 이 모델은 일평균 5000만명이 방문하는 네이버 서비스 환경에 맞춰 설계한 ‘프로덕트 네이티브 거대언어모델(LLM)’이다. 대규모 상용 서비스에 안정적으로 적용할 수 있도록 모델 크기와 구조를 최적화해 빠른 응답 속도와 높은 처리량을 구현한 것이 특징이다. 기존 하이퍼클로바X의 역량을 기반으로 네이버의 서비스 시나리오와 분야별 데이터, 이용자 피드백을 결합했다. 질의 이해와 답변 요약, 도구 호출 등 대화형 검색의 핵심 성능도 고도화했다. 네이버는 이 특화 모델을 바탕으로 AI탭의 에이전트 기능을 계속 강화할 계획이다. 하반기에는 이용자의 예산과 선호 지역 등을 반영해 맞춤형 부동산 매물을 추천하는 기능을 선보인다. 건강검진 결과지를 올리면 개인별 생활 습관과 건강 관리 방법을 제안하는 건강 에이전트 기능도 출시할 예정이다. 연내에는 네이버의 웹 브라우저 ‘웨일’에도 AI탭을 적용해 웹 환경 전반으로 이용자 접점을 확대한다. 김광현 네이버 최고데이터·콘텐츠책임자(CDO)는 “AI탭은 네이버의 독보적인 서비스 생태계와 데이터 인프라, AI 기술력이 집약된 대표 사례”라며 “수천만 네이버 이용자가 검색창에서 바로 AI탭을 이용할 수 있게 된 만큼 탐색에서 실행까지 연결되는 차별화된 에이전트 경험을 지속 확대하겠다”고 말했다.",1824,trafilatura,88.0,good,80.5,True,False,https://news.google.com/rss/articles/CBMibEFVX3lxTE9OMjBIWW9aaVJtVGltTWdCT1JBQ0ZJYUs1aGQzZ2g2ejdCMXBXUV9ZZDJ6czBtVl9VTUpSVGVtUWxSNU1OUDZGZFU3d1FKSTVHbkg4bmFueUVxWnVEcjl1ak9LTDhybDBod1J6NA?oc=5,https://www.realnews.co.kr/news/articleView.html?idxno=30790,211.5,"ai_agent,ai_infrastructure_security,platform_obligation,search_ads",ai_infrastructure_security,2026-07-02,json_ld:datePublished,original_date_recent,4,187.55,,7.0,global_incident:platform_enforcement:naver:deceptive_membership_price_ad:investigation_review,global_incident:platform_enforcement:naver:deceptive_membership_price_ad,24.0,competitor:platform_obligation,Y,,ok,http_200,body_valid,I005,comp_domestic_ai_platform:네이버 대화형 검색 ai탭 정식 출시 5000만 이용자 공략,comp_domestic_ai_platform,COMPETITOR_AI_STRATEGY,631.5,,,COMP_DOMESTIC_AI_PLATFORM,domestic,경쟁사_해외이슈,COMPETITOR_AI_STRATEGY,comp_domestic_ai_platform,comp_domestic_ai_platform:네이버 대화형 검색 ai탭 정식 출시 5000만 이용자 공략,comp_domestic_ai_platform:네이버 대화형 검색 ai탭 정식 출시 5000만 이용자 공략,카카오가 경쟁사 전략·리스크·AI/플랫폼 대응을 비교 참고할 이슈,4,4,5,로컬 보조 라벨 / v26.2: overseas structural industry candidate,로컬 보조 라벨 / v26.2: overseas structural industry candidate,issue_selected,네이버,경쟁사/해외이슈,경쟁사_해외이슈,경쟁사_해외이슈,경쟁사_해외이슈,경쟁사/해외이슈,6,본문추출성공,pass:competitor_guardrail_pass,pass:representative_aligned,10,"베타 두 달 만에 누적 이용자 400만명 돌파 검색부터 지도 확인·실시간 예약까지 한 번에 연결 연내 부동산·건강 에이전트와 웨일 브라우저로 확대 네이버가 생성형 인공지능(AI) 기반 대화형 검색 서비스 ‘AI탭’을 전체 이용자에게 정식 출시하고, 일평균 5000만명이 찾는 네이버 검색을 탐색에서 실행까지 이어지는 AI 에이전트 중심으로 재편한다. 네이버는 지난달 26일 AI탭을 정식 출시하고 AI 검색 경험을 전면 확대한다고 밝혔다.",경쟁사_해외이슈,"네이버, 대화형 검색 ‘AI탭’ 정식 출시···5000만 이용자 공략",https://www.realnews.co.kr/news/articleView.html?idxno=30790,리얼뉴스,CEO_Morning_Briefing,CEO_Morning_Briefing,10,,,,,
경쟁사_해외이슈,경쟁사/해외이슈,KT,"KT, 양자암호통신 연구 넘어 서비스로…공공·국방 보안 확대",뉴시스,뉴시스,"Thu, 02 Jul 2026 00:00:00 GMT","Thu, 02 Jul 2026 00:00:00 GMT","KT, 양자암호통신 연구 넘어 서비스로…공공·국방 보안 확대 뉴시스","[서울=뉴시스]KT는 초당 30만개(300kbps) 암호키를 생성할 수 있는 양자 암호키 분배 장비를 자체 개발했다고 3일 밝혔다. 사진은 KT 직원들이 양자 암호키 분배 장비를 사용하는 모습. (사진=KT 제공) KT는 양자암호통신 생태계를 확장해나가고 있다. (사진=KT 제공) *재판매 및 DB 금지 배재고 앞 응원 vs 비판 화환 수거… 일부 시민 항의도 ""반도체 등 3대 메가프로젝트, 초격차 산업강국의 디딤돌 될 것"" 국조특위, 올림픽공원 내 개표소 현장 조사… 봉쇄 시위 27일 만 원·달러 종가 1549.4원…17년 3개월만에 최고 ""김정관 ""3대 메가프로젝트 속도 반도체 투자로 저성장 흐름 반전"" 김정관 산업통상부 장관이 2일 정부가 추진 중인 '3대 메가프로젝트'와 관련해 ""반도체를 통해 우리나라의 국운을 다시 일으켜 보겠다는 프로젝트""라며 ""기업과 정부의 투자 여력이 있는 지금이 저성장 흐름을 반전시킬 마지막 타이밍""이라고 밝혔다. 김 장관은 이날 오후 YTN 뉴스 플러스에 출연해 ""길게 보면 우리 경제의 잠재성장률은 계속 떨어지고 있고, 中당국 ""경비행기 충돌, 우울-불면증 겪다 자살 추정"" OECD ""韓, 부동산 거래세→보유세 전환 필요"" 홈플 운명은?…2000억 진척없이 내일 法 판단 종합특검, '내란 가담' 김명수 등 4명 기소 한지상 측 ""성추행 의혹 허위""…검찰 공소장 공개 사생활 침해 호소한 BTS 뷔 ""호텔까지 찾아오지 말아줘"" '직장암 4기·폐 전이' 이사벨라 ""중증 치매 남편 위해 마이크 못 놓아"" 황정민 확 달라진 얼굴에 팬들 ""훨씬 젊어 보인다"" 이재용 ""충청, IT 소재·부품 글로벌 허브로서 더 큰 성장 이뤄갈 것"" 다음주까지 장마 지속…9호 태풍 '바비'도 변수 최진혁, 미혼인데 2세 점괘 나와…""올해 아기 생긴다고"" 36세 고아라, 학생증인 줄…앳된 증명사진 공개 '동안 미모' 한화오션, KDDX 상세 설계 및 선도함 건조 우선협상대상자 선정 ""아들들아 엄마가 지켜줄게"" 배재고 앞 응원 vs 비판 화환 나란히 이 대통령, '공장 입지부족' 이재용 설명에 ""아래쪽에는 땅 많습니다"" 국민의힘 ""원 구성 협조할 수 없어…더 강력히 투쟁"" 홍준표, '호남 반도체 반대'에 ""경부고속도로 반대하던 야당의 모습"" 이 대통령 ""이재용 결단이 첨단산업 선도 확신…제가 압박한게 아니냐는 구태적 생각 있어""(종합) 이 대통령 ""3대 메가프로젝트, 지방 시혜 아닌 한국판 실리콘밸리"" 靑, 국힘 의원들에게 '李 대통령과 골프 회동' 제안 한동훈 ""배재고 징계 과도해…'탱크로 밀어버려야' 최욱도 계속 방송"" 국조특위 '잠실투표소' 40분 현장조사…경찰관 폭행 60대 체포(종합2보) ""오픈AI, 美정부에 지분 5% 양도 제안…AI 수익 함께 나누자"" ""스페이스X, 아이폰보다 얇은 AI폰 만든다""…머스크는 '사실 아냐' 반박 ‘아랍판 나토’ 뜨나…포린폴리시, 이란 전쟁 후 중동 질서 전망 알리바바, 美 불법 의약품 유통 조사 해결…6억 달러 지급 합의 이란, ""지정 항로 이용않는 모든 유조선 강력한 대응 직면할 것"" 경고 '유럽 덮친 폭염' 스페인서도 1000명 이상 사망 삼성·하이닉스 680조 투자 보더니…'빅쇼트' 버리, AI 하락 베팅 키웠다 ""美-이란, '동결자산 30억$' 입장 달라…호르무즈도 이견 재확인"" 세관 직원들이 '병갈이'로 밀수 와인 빼돌리려다 적발…구속영장 발부 ""매물 거두고 3000만원 올려요""…다산·병점 '풍선효과' 조짐 산업장관 ""충청권 반도체·AI·디스플레이 등 392조 투자"" 산업장관 ""100일 내 충청권 투자 종합지원계획 마련"" 충청 '첨단산업 육성' 392조 투자…7대 정책패키지 지원 충청 '첨단산업'에 392조 투자…산업부 ""인센티브·규제완화""(종합) 메타發 악재에 국내 증시가 '휘청'…삼전·닉스 펀더멘털 시험대 오르나 코스피 8000·코스닥 900 동반 붕괴…사이드카 속 '패닉셀'(종합) ""또 19% 급락""…삼전닉스·반도체 레버리지 투자자 비명 코스피, 5% 급락에 사이드카 울리며 8000선 붕괴…코스닥도 900선 깨져 칩스앤미디어, 美 빅테크 기업과 APV IP 라이선스 계약 홈플러스 다시 운명의 갈림길…2000억 해법 없이 법원 판단 임박 코스피 이어 코스닥도 4% 급락…매도 사이드카 발동 코스피 급락에 '매도 사이드카' 발동…8000선 깨져 이재용 삼성 회장 ""충청, IT소재·부품 글로벌 허브로…천안·온양 56조 투입 HBM팹 건설"" 이청 삼성D 사장 ""아산·천안 67조원 투자…디스플레이 클러스터 완성"" 삼성 140조·SK하이닉스 100조 투자…충청권 중심 '첨단산업 대도약' 선언 트웰브랩스, 1500억원 추가 투자 유치…네이버·아마존 참여 간암 말기 아버지가 브런치에 쓴 '눈물의 기록'…독자 후원으로 책 나왔다 ""아이 팔에 노란 딱지가""…무더위에 '이 질환' 기승 ""불면에 효과?""…해외직구 제품서 위해성분 적발 의협 ""탈모치료 급여적용 반대…중증지원이 우선"" ""간이식 분야 전문성 인정""…공식 교육센터 '이 병원' ""건강 수명 연장 해법 찾자""…세계 석학들 판교에 GC녹십자의료재단, 44주년 기념식…""혁신 지속"" 서산 스윙카 사고 중태 초등생 끝내 숨져…1명 회복중 뉴진스 다니엘만 소송 걸린 이유 알고 보니…""모르쇠 일관"" SK에코플랜트 하청 근로자, 철도 현장서 끼임 사고 사망 ""이불 들춰보니…"" 양주 아파트 거실서 1m 뱀 나와 ""재선거"" ""윤어게인""…'봉쇄 개표소' 현장조사 전 험악한 대치 '월드컵 탈락 책임' 홍명보…축구교실은 순항 중 80대 몰던 승용차 성남 이매역 돌진 ""급발진"" 주장 전국 장마 시작에 위기경보 '주의' 격상…폭염·물놀이 대비도 서울에 말라리아·뎅기열 모기 조기 출현…""방역 수칙 실천"" 연극 본 학생들 ""살아야 할 이유 생각하게 됐죠"" 규제 직전 동탄 집값 한 주 1.46% 급등…전국 최고 ""스타벅스 가야지""…배재고, 주도 학생 2명 징계위 회부 경찰, 한화에어로 화재 ""세척기서 폭발했다"" 진술 확보 ""아, 귀여워!""…눈동자에 '평화' 숨긴 미스터, 10년 만의 한국 개인전 활 끝에서 피어난 빛…양인모, 소리를 '보게' 만들다 5만6000명 찾은 '마이케이 페스타'…393억 현장 수출 거래 ""'겨울왕국' 오프닝만 20번 고쳤다…애니 뛰어넘는 무대 자신"" 송혜교·서경덕, 주미대한제국공사관에 독립운동 안내서 1만부 기증 내년 8월 '섬의 날' 개최지 제주도 선정…""자연유산 등 가치"" 이정후, 7경기 만에 멀티히트 작렬…시즌 타율 0.319 벨기에의 '0-2→3-2 대역전극'에…""위기 모면 대단했다"" '골잡이' 케인도 있다…메시·음바페·홀란드 득점왕 경쟁에 가세 캐나다·멕시코 이어 미국까지 승리…공동 개최국 '전원 16강' 진출 '틸레망스 2골' 벨기에, 세네갈에 역전승…미국-보스니아 승자와 16강 송성문, MLB 첫 홈런 폭발…샌디에이고는 컵스에 3-23 대패 포르투갈 감독 ""호날두와 모드리치의 나이는 숫자에 불과"" 소지섭 ""부엌일 많이 해""…17세 연하 조은정과 결혼 근황 윤시윤 ""더러워도 감싸주고 싶은 여자한테 끌린다"" 1 트웰브랩스, 1500억원 추가 투자 유치…네이버·아마존 참여 2 간암 말기 아버지가 브런치에 쓴 '눈물의 기록'…독자 후원으로 책 나왔다 3 ""아이 팔에 노란 딱지가""…무더위에 '이 질환' 기승 4 ""불면에 효과?""…해외직구 제품서 위해성분 적발 5 의협 ""탈모치료 급여적용 반대…중증지원이 우선"" 6 ""간이식 분야 전문성 인정""…공식 교육센터 '이 병원' 7 ""건강 수명 연장 해법 찾자""…세계 석학들 판교에 1 '직장암 4기·폐 전이' 이사벨라 ""중증 치매 남편 위해 마이크 못 놓아"" 2 황정민 확 달라진 얼굴에 팬들 ""훨씬 젊어 보인다"" 3 [속보]이재용 ""충청, IT 소재·부품 글로벌 허브로서 더 큰 성장 이뤄갈 것"" 4 다음주까지 장마 지속…9호 태풍 '바비'도 변수 5 최진혁, 미혼인데 2세 점괘 나와…""올해 아기 생긴다고"" 6 36세 고아라, 학생증인 줄…앳된 증명사진 공개 '동안 미모' 7 [속보] 한화오션, KDDX 상세 설계 및 선도함 건조 우선협상대상자 선정 '현대재즈 대표' 마리아 슈나이더 ""재즈는 경청의 예술"" 강성태 수영구청장 ""구정 연속성 살려 균형발전 이룩"" 泰 11세 소년이 픽업트럭으로 순례중 승려들 덮쳐 최소 8명 사망(종합) 대표이사 : 염영남 주소 : 서울 중구 퇴계로 173 남산스퀘어빌딩 (구 극동빌딩) 12층 사업자등록번호 : 102-81-36588 발행인 : 염영남 편집인 : 염영남 고충처리인 : 김경원 통신판매업신고 : 서울중구 0398호 문의 02-721-7400 [email protected]",4178,bs4_selector,86.0,good,154.5,True,False,https://news.google.com/rss/articles/CBMiYEFVX3lxTFA2Ty1vTjJFS1RzLWV6bmNvWnZxUXdlWUsxQW51a0w0aFdpSktPaXJhVzBVeHNBbW5uVVptRTBSYnR2aVBlUmhIcEZPRXhKbWlsaWlRbkF1QTR3LTdfVTczOdIBeEFVX3lxTE1EZHMxZXd2NFFMVUlEcmVhMGVIYzVBS1l4UGRhYTBvZWVQX3NqWW9nQ0JVb25nMC12SUFTZW1rNVZQeGNRLTZmTDlJVUNrSExSUXhaTFQ3UHNRb0pvemFzcllIQTdVbU9pSTMxSjZ4dVV4QjBWYjJkYQ?oc=5,https://www.newsis.com/view/NISX20260701_0003692154,211.0,"ai_infrastructure_security,legal_regulatory_enforcement,phishing_security,platform_obligation,policy_legislation,privacy_security_reliability,strategy_mna_governance",security_general,2026-07-01,url_date,original_date_recent,4,249.55,,16.0,global_incident:platform_regulation:naver:platform_operator_obligation:investigation_or_consultation,global_incident:platform_regulation:naver:platform_operator_obligation,56.0,self:platform_obligation,Y,,ok,http_200,body_valid,I006,comp_domestic_public_infra:kt 양자암호통신 연구 넘어 서비스로 공공 국방 보안 확대,comp_domestic_public_infra,COMPETITOR_PLATFORM_RISK,631.5,,,COMP_DOMESTIC_PUBLIC_INFRA,domestic,경쟁사_해외이슈,COMPETITOR_PLATFORM_RISK,comp_domestic_public_infra,comp_domestic_public_infra:kt 양자암호통신 연구 넘어 서비스로 공공 국방 보안 확대,comp_domestic_public_infra:kt 양자암호통신 연구 넘어 서비스로 공공 국방 보안 확대,카카오가 경쟁사 전략·리스크·AI/플랫폼 대응을 비교 참고할 이슈,4,4,5,로컬 보조 라벨 / v26.2: overseas structural industry candidate,로컬 보조 라벨 / v26.2: overseas structural industry candidate,issue_selected,KT,경쟁사/해외이슈,경쟁사_해외이슈,경쟁사_해외이슈,경쟁사_해외이슈,경쟁사/해외이슈,10,본문추출성공,pass:competitor_guardrail_pass,pass:representative_aligned,11,(사진=KT 제공) KT는 양자암호통신 생태계를 확장해나가고 있다.,경쟁사_해외이슈,"KT, 양자암호통신 연구 넘어 서비스로…공공·국방 보안 확대",https://www.newsis.com/view/NISX20260701_0003692154,뉴시스,CEO_Morning_Briefing,CEO_Morning_Briefing,11,,,,,
경쟁사_해외이슈,경쟁사/해외이슈,SKT,"양자컴퓨터 해킹 막는다…SKT, 차세대 보안 기술 공개",서울경제TV,서울경제TV,"Thu, 02 Jul 2026 00:44:14 GMT","Thu, 02 Jul 2026 00:44:14 GMT","양자컴퓨터 해킹 막는다…SKT, 차세대 보안 기술 공개 서울경제TV","양자컴퓨터 해킹 막는다…SKT, 차세대 보안 기술 공개 경제·산업 입력 2026-07-02 09:44:14 수정 2026-07-02 09:44:14 최연두 기자 0개 2일 열린 퀀텀코리아 행사서 QKD·QRNG 등 솔루션 전시 [서울경제TV=최연두기자] SK텔레콤(SKT)이 2일 서울 동대문디자인플라자(DDP)에서 개막한 ‘퀀텀코리아 2026’ 행사에서 차세대 양자암호 기술·솔루션을 공개했다. 퀀텀코리아는 과학기술정보통신부가 주최하는 양자 산업 전시회다. 올해 행사에서는 양자통신과 양자컴퓨팅, 양자센싱 등 양자 분야 전반의 최신 기술이 소개된다. SKT는 이번 전시에서 광집적회로(PIC) 기반 양자키분배(QKD), 양자난수생성기(QRNG), 무선·위성 QKD 기술을 선보였다. PIC 기반 기술은 기존 양자암호 장비에 들어가는 광학 부품을 작은 칩 형태로 집적한다. 장비를 소형화하고 가격을 낮출 수 있어 양자암호 기술 상용화에 필요한 핵심 기술로 꼽힌다. SKT는 10Gbps급 고성능 QRNG를 가로·세로 10㎜ 크기의 초소형 칩에 구현했다. 현재 송신부와 수신부, QRNG 광학계를 하나로 묶은 일체형 QKD 칩도 개발 중이다. 이번에 SKT가 선보이는 양자보안 솔루션은 Q-HSM과 Q-SSE 등을 포함한다. Q-HSM은 QRNG와 양자내성암호(PQC), 기존 암호 기술, 물리적 복제 방지 기술(PUF)을 결합한 하이브리드형 양자암호 칩이다. 드론, 인공지능(AI) CCTV, 로봇 등 6G 네트워크에 연결되는 엣지 기기에 양자 보안을 적용하는 데 활용된다. Q-SSE는 QRNG와 PQC를 기반으로 제로트러스트 접근 제어와 안전한 거대언어모델(LLM) 서비스 이용을 지원하는 솔루션이다. 기업·기관이 AI 서비스를 활용하는 과정에서 데이터와 접속 환경을 보호하는 데 초점을 맞췄다. SKT는 이번 전시를 통해 국방·공공 영역의 양자암호 수요를 파악하고, 관련 기술 개발과 보급을 확대할 계획이다. 과기정통부·정보통신기획평가원·방위사업청 등과의 협력 성과를 기반으로 국내 양자보안 생태계도 넓혀갈 방침이다. 류탁기 SK텔레콤 네트워크 기술담당은 “이번 행사 참가를 통해 차세대 양자암호 기술이 AI·6G 시대 보안 요구를 충족하는 데 어떻게 기여할 수 있는지 보여줄 것”이라며 “양자 기술 발전과 상용화를 선도하며 글로벌 양자 산업 생태계의 중심축 역할을 이어가겠다”고 말했다. /yondu@sedaily.com [ⓒ 서울경제TV(www.sentv.co.kr), 무단 전재 및",1227,trafilatura,70.0,good,58.5,True,False,https://news.google.com/rss/articles/CBMiZEFVX3lxTE5WNk1KVnBuUzFfem91M3ZiZHYwVk1BM1JpODV2VXhOLUwtVmQ4V1FJaW9uWUFHdlg2N1NLcmVKZ2E0UzgyeXA5V0RZM0hSSy11YU5XM01YYjNiWnYxMXU2OHJhTmU?oc=5,https://www.sentv.co.kr/article/view/sentv202607020032,230.0,"ai_infrastructure_security,kim_beomsoo_trial,phishing_security,privacy_security_reliability,self_pr_promo",security_hacking_incident,2026-07-02,json_ld:datePublished,original_date_recent,6,153.45,privacy_security:skt:data_leak:initial_investigation_response,47.0,global_incident:privacy_security:skt:skt:data_leak:announcement,global_incident:privacy_security:skt:skt,0.0,,,,ok,http_200,body_valid,I008,global_incident:privacy_security:skt:skt,comp_domestic_direct_risk,COMPETITOR_PLATFORM_RISK,616.5,,,COMP_DOMESTIC_DIRECT_RISK,domestic,경쟁사_해외이슈,COMPETITOR_PLATFORM_RISK,comp_domestic_direct_risk,global_incident:privacy_security:skt:skt,global_incident:privacy_security:skt:skt,카카오가 경쟁사 전략·리스크·AI/플랫폼 대응을 비교 참고할 이슈,4,4,5,로컬 보조 라벨 / v26.2: overseas structural industry candidate,로컬 보조 라벨 / v26.2: overseas structural industry candidate,issue_selected,SKT,경쟁사/해외이슈,경쟁사_해외이슈,경쟁사_해외이슈,경쟁사_해외이슈,경쟁사/해외이슈,11,본문추출성공,pass:competitor_guardrail_pass,pass:representative_aligned,12,"양자컴퓨터 해킹 막는다…SKT, 차세대 보안 기술 공개 경제·산업 입력 2026-07-02 09:44:14 수정 2026-07-02 09:44:14 최연두 기자 0개 2일 열린 퀀텀코리아 행사서 QKD·QRNG 등 솔루션 전시 [서울경제TV=최연두기자] SK텔레콤(SKT)이 2일 서울 동대문디자인플라자(DDP)에서 개막한 ‘퀀텀코리아 2026’ 행사에서 차세대 양자암호 기술·솔루션을 공개했다. 퀀텀코리아는 과학기술정보통신부가 주최하는 양자 산업 전시회다.",경쟁사_해외이슈,"양자컴퓨터 해킹 막는다…SKT, 차세대 보안 기술 공개",https://www.sentv.co.kr/article/view/sentv202607020032,서울경제TV,CEO_Morning_Briefing,CEO_Morning_Briefing,12,,,,,
경쟁사_해외이슈,경쟁사/해외이슈,LGU+,"LGU+, 지속가능경영보고서 발간...정보보안 강화 내용 고도화",MSN,MSN,"Wed, 01 Jul 2026 19:09:45 GMT","Wed, 01 Jul 2026 19:09:45 GMT","LGU+, 지속가능경영보고서 발간...정보보안 강화 내용 고도화 MSN",,0,critical_without_body,0.0,v39_title_link_only:selected_competitor_issue,18.0,False,,https://news.google.com/rss/articles/CBMi_AJBVV95cUxNVHZwUHRTM29CSEJLX2d2ek82eXVWTWNMX3hicWhvbDZZcUo3cGpJOEpZVE9UQ24yblM4VUpvbnZCdF9SeVVYNzdtRmNBMDRhXzkyVnM3TnhYSTdPeTlBaERmTG5hYi1iMlpDbW9RT1p3OG9QTDNNRldCUlZISkxtT1laOW9tWUxRZzA1ekF5Q2IwYkE2ZkR2MTU2a3dQZlhUM0ZtYy1SLTl6TUNvN19QUXJDZm5jOFNsZ2RfZkxaaExOelJ4OEZjMm9TbXl3eEtzSDhuRV9MbVNxaGFjd2VRNWNaaXBMZFRjQWVEYU1vb2k3c2NLTnlvVk91d0piaTBwYjlEaThkTkpqMU13NzF5eTdPbW1WZXlfdnpjVzJ5eGxaQ0Q2V0d0Z2NrRlRuZ0Z6YVRKT1pDaWpYemhXdWM2Vy1kTWlITW9fczlUVzBxd1V2cV82UUhQRUg3SFFuNW0xUzQyOV9fX2xmcFNEWU5FQnhJTURXbkpzWVdGQQ?oc=5,https://www.msn.com/ko-kr/news/techandscience/lgu-%EC%A7%80%EC%86%8D%EA%B0%80%EB%8A%A5%EA%B2%BD%EC%98%81%EB%B3%B4%EA%B3%A0%EC%84%9C-%EB%B0%9C%EA%B0%84%EC%A0%95%EB%B3%B4%EB%B3%B4%EC%95%88-%EA%B0%95%ED%99%94-%EB%82%B4%EC%9A%A9-%EA%B3%A0%EB%8F%84%ED%99%94/ar-AA26Vk4R,320.0,"phishing_security,privacy_security_reliability",security_general,,not_checked_bodyless,not_checked_bodyless,0,-5.0,,,,,,,,,ok,http_200,,I009,comp_domestic_strategy:lgu+ 지속가능경영보고서 발간 정보보안 강화 내용 고도화,comp_domestic_strategy,COMPETITOR_AI_STRATEGY,,,,,,경쟁사_해외이슈,COMPETITOR_AI_STRATEGY,comp_domestic_strategy,comp_domestic_strategy:lgu+ 지속가능경영보고서 발간 정보보안 강화 내용 고도화,comp_domestic_strategy:lgu+ 지속가능경영보고서 발간 정보보안 강화 내용 고도화,카카오가 경쟁사 전략·리스크·AI/플랫폼 대응을 비교 참고할 이슈,4,4,5,로컬 보조 라벨 / v26.2: overseas structural industry candidate,로컬 보조 라벨 / v26.2: overseas structural industry candidate,v39_title_link_only,,,,,경쟁사_해외이슈,경쟁사/해외이슈,12,본문추출실패_대체없음_제목링크만,v39_bodyless_pass:competitor_guardrail_pass,,13,,경쟁사_해외이슈,"LGU+, 지속가능경영보고서 발간...정보보안 강화 내용 고도화",https://www.msn.com/ko-kr/news/techandscience/lgu-%EC%A7%80%EC%86%8D%EA%B0%80%EB%8A%A5%EA%B2%BD%EC%98%81%EB%B3%B4%EA%B3%A0%EC%84%9C-%EB%B0%9C%EA%B0%84%EC%A0%95%EB%B3%B4%EB%B3%B4%EC%95%88-%EA%B0%95%ED%99%94-%EB%82%B4%EC%9A%A9-%EA%B3%A0%EB%8F%84%ED%99%94/ar-AA26Vk4R,MSN,CEO_Morning_Briefing,CEO_Morning_Briefing,13,v39_title_link_only:selected_competitor_issue,selected_competitor_issue,,,
