카테고리,카테고리명,검색어,기사제목,언론사,정규언론사,게시일,RSS게시일,RSS요약,본문전문,본문글자수,본문추출방식,본문품질점수,본문품질사유,중요도점수,본문사용가능,본문정제적용,원래RSS링크,링크,랭킹점수,사건태그,사건단계,원문날짜,원문날짜출처,날짜검증결과,날짜후보수,대표선택점수,개인정보보안사건키,개인정보보안대표보너스,전역사건키,전역사건기본키,전역사건대표보너스,이슈패밀리,정책규제의무,자사홍보성,링크상태,링크검증사유,본문정합성,v20_issue_id,v20_issue_group,v20_issue_family,v20_internal_category,v20_issue_score,v21_self_tier,v21_gov_tier,v21_competitor_tier,v21_competitor_scope,Gemini카테고리,Gemini내부카테고리,Gemini이슈유형,Gemini이슈그룹,Gemini중복그룹,Gemini관련성,Gemini중요도,Gemini대외협력중요도,Gemini관련도,Gemini판단사유,Gemini선정사유,선정단계,수집검색어,수집원카테고리,수집JSON카테고리,Gemini판단카테고리,최종카테고리,최종카테고리명,선정순서,본문상태,최종카테고리검증결과,v24대표기사정합성,브리핑ID,최종브리핑요약,최종브리핑섹션,최종브리핑제목,최종브리핑링크,최종브리핑언론사,최종브리핑기준,v44_final_source,v44_final_rank,v42_rescue_source,v25한국정부국회근거,v20_bodyless_reason,v39_title_link_only_reason,최종카테고리재배치
자사_및_계열사_이슈,자사 및 계열사 이슈,카카오,"카카오뱅크, 마스턴캐피탈 인수 추진…종합 금융 플랫폼 속도",더퍼블릭,더퍼블릭,"Fri, 26 Jun 2026 00:26:38 GMT","Fri, 26 Jun 2026 00:26:38 GMT","카카오뱅크, 마스턴캐피탈 인수 추진…종합 금융 플랫폼 속도 더퍼블릭","[더퍼블릭=조두희 기자]카카오뱅크가 비은행 여신 사업으로 영토 확장에 나선다. 여신전문금융사 인수를 통해 자동차 금융부터 리스, 기업금융까지 사업 포트폴리오를 다변화하고, 기존 비대면 혁신 노하우를 접목해 플랫폼 경쟁력과 기업가치를 동시에 끌어올리겠다는 구상이다. 카카오뱅크가 25일 공시를 통해 마스턴캐피탈 지분 100% 인수를 추진한다고 밝혔다. 마스턴캐피탈은 2022년 마스턴투자운용과 NH투자증권이 공동 출자해 설립한 여신전문금융사로, 리스금융과 기업금융 등을 영위하고 있다. 카카오뱅크는 이르면 연말까지 인수 절차를 마무리하고, 캐피탈업 진출에 필요한 라이선스와 운영 기반을 확보할 계획이다. 카카오뱅크는 할부금융을 시작으로 캐피탈업 내 사업 영역을 단계적으로 확대할 계획이다. 단기적으로는 안정적인 사업 기반을 구축하는 한편, 자동차 유통 플랫폼 등 파트너사와의 협업을 통해 자동차 금융 시장의 디지털 전환을 추진할 예정이다. 이후 리스 및 렌탈 분야뿐 아니라 기업금융, 투자금융 등으로 사업 영역을 넓혀 여신 포트폴리오를 다변화하고 생산적 금융 확대에도 기여한다는 방침이다. 카카오뱅크는 “그동안 축적해온 비대면 금융 혁신 기술력과 노하우를 캐피탈업으로 확장해 고객 생활과 밀접한 영역에서 새로운 금융 경험을 제공하고자 한다”라며, “단계적인 사업 확대를 통해 생산적 금융을 강화하고 플랫폼 경쟁력과 자본 효율성을 높여 기업가치 제고에 힘쓰겠다”고 말했다. 더퍼블릭 / 조두희 기자 cdh4322@naver.com 응원하기 정기응원 일반응원 무통장입금:하나은행 557-910016-79004 ㈜퍼블릭미디어그룹 더퍼블릭 기사가 마음에 드신다면, 원고료로 응원해 주세요! 카카오뱅크, 최고 연 7% ‘청년미래적금’ 출시…“선물도 드려요” 몽골 중앙은행 총재, 카카오뱅크 방문…디지털 금융 협력 방안 논의 카카오뱅크, 대안신용평가로 중·저신용 대출 1.2조 추가 공급 ""1분에 10명 신규 유입""… 카카오뱅크 'AI 금융 비서' 이용자 500만명 돌파 카카오뱅크, 맥락 읽는 AI ‘시퀀스 탐지 모델’ 도입…“금융사기 예방 건수 4.4배↑” 카카오뱅크-메세나협회, 문화 소외계층 600명 초청 국악 공연 개최 네이버페이-카카오뱅크, '사업자 대출' 문턱 낮춘다... 서비스 협력 확대 카카오뱅크-서울시, 청소년 대상 금융 교육 진행…“올바른 경제 가치관 형성 지원” 카카오뱅크, 보훈 자녀 학습 지원에 6억 기부… 3년간 210가구 환경 개선 카카오뱅크, 1분기 중·저신용 대출 4500억 공급…누적 16조 돌파 카카오뱅크, 최고 연 7% ‘청년미래적금’ 출시…“선물도 드려요” 몽골 중앙은행 총재, 카카오뱅크 방문…디지털 금융 협력 방안 논의 카카오뱅크, 대안신용평가로 중·저신용 대출 1.2조 추가 공급 ""1분에 10명 신규 유입""… 카카오뱅크 'AI 금융 비서' 이용자 500만명 돌파 카카오뱅크, 맥락 읽는 AI ‘시퀀스 탐지 모델’ 도입…“금융사기 예방 건수 4.4배↑” 카카오뱅크-메세나협회, 문화 소외계층 600명 초청 국악 공연 개최 네이버페이-카카오뱅크, '사업자 대출' 문턱 낮춘다... 서비스 협력 확대 카카오뱅크-서울시, 청소년 대상 금융 교육 진행…“올바른 경제 가치관 형성 지원” 카카오뱅크, 보훈 자녀 학습 지원에 6억 기부… 3년간 210가구 환경 개선 카카오뱅크, 1분기 중·저신용 대출 4500억 공급…누적 16조 돌파",1656,bs4_selector,86.0,good,212.5,True,False,https://news.google.com/rss/articles/CBMia0FVX3lxTFAyMnF3bUhIZmplMHUyaExzalNUaVpJTFZPMWVzcUk1aVhHX1U2akU1WWlhTDVBLXZ5YzhDZlQyaXpjcmVQQWNBdGd3T1JReGhEOHhkQWNBcHVJQlZVR01LTnM5RHpIdlNyU3Mw0gFvQVVfeXFMTndiSzlrWlBRYnk3bUtxcFQ2YVIzRndQU0VFT0RKSTBCaF84bjNxblVZOW1MczhiSTNZUVNoU3hfRDl5U0JlbldpZ21GLWFuTmd0Ui1ManVmUlQwaG1nZEh0aUZ6OWpzb2NPY0djaXNv?oc=5,https://www.thepublic.kr/news/articleView.html?idxno=309117,127.3,"ai_infrastructure_security,deepfake_youth,dunamu_stake,financial_performance,market_power_platform,platform_obligation,strategy_mna_governance",dunamu_general,2026-06-26,json_ld:datePublished,original_date_recent,4,276.15,,16.0,global_incident:platform_regulation:kakao:platform_content_moderation_obligation:announcement,global_incident:platform_regulation:kakao:platform_content_moderation_obligation,6.0,self:platform_obligation,Y,,ok,http_200,body_valid,I058,global_incident:platform_regulation:kakao:platform_regulation,self_legal_regulatory,SELF_DIRECT_RISK,550.55,DIRECT_RISK,,COMP_DOMESTIC_FINANCE_COMMERCE,other,자사_및_계열사_이슈,SELF_DIRECT_RISK,self_governance_mna,global_incident:platform_regulation:kakao:platform_regulation,global_incident:platform_regulation:kakao:platform_regulation,카카오 또는 계열사에 직접 발생한 외부 대응 필요 이슈,5,5,5,로컬 보조 라벨 / v26: 오늘 새 직접 사건·진전,로컬 보조 라벨 / v26: 오늘 새 직접 사건·진전,issue_selected,카카오,자사 및 계열사 이슈,자사_및_계열사_이슈,자사_및_계열사_이슈,자사_및_계열사_이슈,자사 및 계열사 이슈,1,본문추출성공,pass:self_guardrail_pass,pass:representative_aligned,1,"여신전문금융사 인수를 통해 자동차 금융부터 리스, 기업금융까지 사업 포트폴리오를 다변화하고, 기존 비대면 혁신 노하우를 접목해 플랫폼 경쟁력과 기업가치를 동시에 끌어올리겠다는 구상이다. 카카오뱅크가 25일 공시를 통해 마스턴캐피탈 지분 100% 인수를 추진한다고 밝혔다.",자사_및_계열사_이슈,"카카오뱅크, 마스턴캐피탈 인수 추진…종합 금융 플랫폼 속도",https://www.thepublic.kr/news/articleView.html?idxno=309117,더퍼블릭,CEO_Morning_Briefing,CEO_Morning_Briefing,1,,,,,
자사_및_계열사_이슈,자사 및 계열사 이슈,카카오,"카카오·KT클라우드, AI '가드레일'로 안전성 높인다",연합뉴스,연합뉴스,"Fri, 26 Jun 2026 01:17:29 GMT","Fri, 26 Jun 2026 01:17:29 GMT","카카오·KT클라우드, AI '가드레일'로 안전성 높인다 연합뉴스","(서울=연합뉴스) 박형빈 기자 = 카카오[035720]가 KT클라우드와 손잡고 인공지능(AI) 서비스의 안전성과 신뢰성을 높이기 위한 AI 안전 기술 협력에 나선다. 카카오는 KT클라우드와 양해각서(MOU)를 체결하고 양사의 기술을 결합해 이용자가 신뢰할 수 있는 AI 서비스 환경과 안전한 AI 생태계 구축에 협력한다고 26일 밝혔다. 양사는 카카오가 자체 개발한 '카나나 세이프가드'를 비롯해 모델 안전성 평가 시스템, 레드티밍 시스템 등 AI 안전 도구를 KT클라우드의 AI 플랫폼에 적용한다. 카나나 세이프가드는 AI 서비스의 안전성과 신뢰성을 검증할 수 있는 자체 개발 AI 가드레일 모델로, 카카오의 주요 AI 서비스에 적용돼있다. 한국어와 한국 문화를 반영한 자체 구축 데이터셋을 활용해 한국어에 특화된 성능을 보유한 것이 특징이다. 양사는 실제 고객 사용 사례를 기반으로 기술을 고도화하고, AI 안전 도구를 통합·관리하는 플랫폼도 공동 개발할 계획이다. 카카오 김세웅 AI 시너지 성과리더는 ""이번 협력이 국내 AI 생태계의 안전성을 한 단계 높이는 계기가 되길 바란다""며 ""앞으로도 이용자가 안심하고 사용할 수 있는 AI 환경을 만들기 위해 지속해 노력하겠다""고 말했다. 본문 글자 크기 조정 제보",624,bs4_selector,57.0,acceptable_important,137.5,True,True,https://news.google.com/rss/articles/CBMiW0FVX3lxTE9wVVRrSHA4VEp6WDFySE5DMExzSndPLTFCRkJ4U3ppOHFPVzdoaEVlMUtlcWN6dl9MR0liZWNNOXJnRkJ4U3pZWUZzckhzRWg4RmsyaE9GblJYcHfSAWBBVV95cUxPSHlUbVRXRlJsR0JGLUJ4YWN3d2xoNkh1ZlV6LTRfTlgtU1NJYVppTF9qbVMwUjdERjJBUGpQZGRNbjdyODNKendQbDY5cU5QWnQwZEZNSlY1emFkTFJWbUc?oc=5,https://www.yna.co.kr/view/AKR20260626054500017,175.3,"ai_agent,ai_infrastructure_security,labor_dispute,market_power_platform,platform_obligation",labor_general,2026-06-26,json_ld:datePublished,original_date_recent,9,197.55,,7.0,global_incident:platform_regulation:kakao:platform_data_protection_obligation:executive_or_org_change,global_incident:platform_regulation:kakao:platform_data_protection_obligation,24.0,self:platform_obligation,Y,,ok,http_200,body_valid,I063,self_filler_reference:카카오 kt클라우드 ai 가드레일 로 안전성 높인다,self_filler_reference,SELF_AFFILIATE_BUSINESS,497.3,OFF_TOPIC,,COMP_DOMESTIC_AI_PLATFORM,domestic,자사_및_계열사_이슈,SELF_AFFILIATE_BUSINESS,self_filler_reference,self_filler_reference:카카오 kt클라우드 ai 가드레일 로 안전성 높인다,self_filler_reference:카카오 kt클라우드 ai 가드레일 로 안전성 높인다,카카오가 경쟁사 전략·리스크·AI/플랫폼 대응을 비교 참고할 이슈,4,4,5,로컬 보조 라벨,로컬 보조 라벨,issue_selected,카카오,자사 및 계열사 이슈,자사_및_계열사_이슈,자사_및_계열사_이슈,자사_및_계열사_이슈,자사 및 계열사 이슈,9,본문추출성공,pass:self_guardrail_pass,pass:representative_aligned,2,(서울=연합뉴스) 박형빈 기자 = 카카오[035720]가 KT클라우드와 손잡고 인공지능(AI) 서비스의 안전성과 신뢰성을 높이기 위한 AI 안전 기술 협력에 나선다. 카카오는 KT클라우드와 양해각서(MOU)를 체결하고 양사의 기술을 결합해 이용자가 신뢰할 수 있는 AI 서비스 환경과 안전한 AI 생태계 구축에 협력한다고 26일 밝혔다.,자사_및_계열사_이슈,"카카오·KT클라우드, AI '가드레일'로 안전성 높인다",https://www.yna.co.kr/view/AKR20260626054500017,연합뉴스,CEO_Morning_Briefing,CEO_Morning_Briefing,2,,,,,
자사_및_계열사_이슈,자사 및 계열사 이슈,카카오뱅크,"카카오뱅크, 마스턴캐피탈 인수한 진짜 목적은?",네이트,네이트,"Fri, 26 Jun 2026 01:19:00 GMT","Fri, 26 Jun 2026 01:19:00 GMT","카카오뱅크, 마스턴캐피탈 인수한 진짜 목적은? 네이트","데일리브리프 원문 기사전송 2026-06-26 10:19 기사 제목과 본문 내용을 자동 요약한 내용입니다. 전체 내용을 이해하기 위해서는 기사 본문 전체를 확인하는 것이 더 좋습니다. [데일리브리프 박소희 기자] 카카오뱅크가 캐피탈업에 신규 진출한다. 카카오뱅크는 지난 24일 이사회를 열고 할부금융·시설대여업을 영위하는 마스턴캐피탈 주식 500만주를 241억원에 취득하기로 결정했다고 25일 공시했다. 지분 100%를 확보하는 완전 자회사 편입이다. 이사회 결의에는 사외이사 6명이 전원 참석했다. 카카오뱅크 사외이사는 진웅섭 이사회의장(전 금융감독원 원장), 김륜희 감사위원(KAIST 부교수), 김정기 감사위원(전 하나은행 부행장), 남상일 이사(전 SGI신용정보 대표이사), 엄상섭 감사위원(법무법인 지평 변호사·전 수원지법 부장판사), 유호석 이사(전 삼성생명 부사장) 등이다. 공시에 따르면 취득 목적은 기업가치 제고 계획에 따른 신규 사업투자다. 캐피탈업 진출을 통한 금융 혁신과 성장을 추구하겠다는 것이다. 그러나 업계에서는 신규 카드사 인가가 사실상 막힌 상황에서, 캐피탈사를 인수해 간접적으로 할부·리스·오토금융 영역을 넓히려는 '우회 카드업 확장 전략'으로 보는 시각도 적지 않다. 취득 금액은 카카오뱅크 자기자본(약 6조7499억원)의 0.36% 규모다. 풋옵션 등 별도 계약은 없다. 마스턴캐피탈은 부동산 대체투자 전문 자산운용사인 마스턴투자운용 계열의 비상장 캐피탈사다. 2022년 마스턴투자운용과 NH투자증권이 공동 출자해 설립한 여신전문금융사로 알려졌다. 신용카드를 제외한 할부금융과 리스·렌탈, 자산담보부대출(ABL) 등 기업대출을 주력으로 해왔다. 개인 대상 할부·리스로 시작해 기업금융 비중을 늘려온 성장 초기 단계 회사로 자본금 250억원, 발행주식총수 500만주 규모다. 마스턴캐피탈은 2025년 개별 재무제표 기준 자산총계 524억원, 자본총계 210억원이다. 매출 64억원에 당기순손익은 23억원 적자다. 직전 2024년 4억원 흑자를 냈으나 2023년 9억원 적자, 2025년 23억원 적자로 수익성 변동이 큰 상태다. 취득 예정일자는 미확정으로 향후 감독당국의 인허가 등 관련 일정에 따라 확정될 예정이다.",1092,bs4_selector,86.0,good,222.7,True,False,https://news.google.com/rss/articles/CBMiU0FVX3lxTFBFTmMzVk84TWxiZjFHcTRPTWFvNHNzUlV5dkNoU05XSmxjQWYxbnJtR09La0ZxdXMtTnYyZ2NPMGxlaUYzNC1nVFlPcFlialpFNUZR?oc=5,https://news.nate.com/view/20260626n09788,120.8,"ai_infrastructure_security,dunamu_stake,earnings,financial_performance,platform_obligation,policy_legislation,strategy_mna_governance",dunamu_general,2026-06-26,url_date,original_date_recent,3,269.29,,23.0,global_incident:platform_regulation:kakao:platform_operator_obligation:policy_change,global_incident:platform_regulation:kakao:platform_operator_obligation,32.0,self:platform_obligation,Y,,ok,http_200,body_valid,I105,global_incident:mna_capital:kakao:mna_capital,self_governance_mna,SELF_DIRECT_RISK,428.8,DIRECT_RISK,,COMP_DOMESTIC_AI_PLATFORM,other,자사_및_계열사_이슈,SELF_DIRECT_RISK,self_governance_mna,global_incident:mna_capital:kakao:mna_capital,global_incident:mna_capital:kakao:mna_capital,카카오 또는 계열사에 직접 발생한 외부 대응 필요 이슈,5,5,5,로컬 보조 라벨 / v26: 오늘 새 직접 사건·진전,v43_soft_target:자사_및_계열사_이슈: daily-safe portfolio rescue,issue_selected,카카오뱅크,자사 및 계열사 이슈,자사_및_계열사_이슈,자사_및_계열사_이슈,자사_및_계열사_이슈,자사 및 계열사 이슈,16,본문추출성공,pass:self_guardrail_pass,pass:representative_aligned,3,데일리브리프 원문 기사전송 2026-06-26 10:19 기사 제목과 본문 내용을 자동 요약한 내용입니다. 카카오뱅크는 지난 24일 이사회를 열고 할부금융·시설대여업을 영위하는 마스턴캐피탈 주식 500만주를 241억원에 취득하기로 결정했다고 25일 공시했다.,자사_및_계열사_이슈,"카카오뱅크, 마스턴캐피탈 인수한 진짜 목적은?",https://news.nate.com/view/20260626n09788,네이트,CEO_Morning_Briefing,CEO_Morning_Briefing,3,v43_soft_target:자사_및_계열사_이슈,,,,
정부_국회,정부/국회,네이버,"한성숙 후보자, 플랫폼 알고리즘 조작 문제에 ""불공정거래면 제재""",네이트,네이트,"Fri, 26 Jun 2026 05:05:00 GMT","Fri, 26 Jun 2026 05:05:00 GMT","한성숙 후보자, 플랫폼 알고리즘 조작 문제에 ""불공정거래면 제재"" 네이트","[세종=뉴스핌] 양가희 기자 = 한성숙 국무총리 후보자는 26일 온라인 플랫폼 알고리즘 조작 문제와 관련해 ""불공정거래가 관련된 부분은 제재를 가할 수 있다""고 밝혔다. 한 후보자는 이날 국회에서 열린 인사청문회에 참석해 '한 후보자가 네이버 대표일 때 공정위에서 과징금 불복 소송을 해 이겼고, 알고리즘 자율성을 인정받았는데, 알고리즘 자율성을 인정해야 하나 조작을 금지해야 하나' 묻는 조정훈 국민의힘 의원 질의에 이같이 답했다. 그러면서 ""순수하게 단순한 알고리즘에 대해서 모두 공개하라고 하는 것은 비밀일 수 있는 부분""이라며 ""입점한 소상공인들에게 피해가 가는 부분에 대해서 좀 더 과감하게, 어떤 부분들을 제재를 가해야 하는지는 지금 보고 있다""라고 밝혔다. [서울=뉴스핌] 이건주 기자 = 한성숙 국무총리 후보자가 26일 오전 서울 여의도 국회에서 열린 인사청문회에서 의원 질의에 답하고 있다. 2026.06.26 kunjoo@newspim.com 한 후보자는 ""네이버에서 제가 일하면서 가장 집중했던 부분들은 프로젝트 꽃이라고 해서 소상공인들이 어떻게 플랫폼 안에서 사업을 잘할 수 있도록 할 것인가라는 부분에 굉장히 집중했고, 그 부분 때문에 지금 현재 70만(명) 정도의 소상공인들이 온라인으로 와서 사업을 하는 환경을 만들었다""고 밝혔다. 또 ""반대하시는 분들도 있지만 제가 (총리 후보가) 됐을 때 소상공인연합회나 시장상인연합회 등의 환영 성명도 굉장히 많았다""며 ""단체마다 다 생각이 달라서 필요한 부분 의견을 낼 수 있고, 제가 고쳐야 할 부분들은 잘 고쳐야 한다""고 말했다. 이어 ""소상공인들이 제공한 정보의 소유는 어디에 있느냐고 하는 부분들도 잘 이야기돼야 한다""며 ""소상공인들에게 플랫폼이 주고 있는 데이터들도 꽤 있다. 사업한 데이터, 사업 이후에 어떤 데이터들을 쓸 수 있는지 비즈니스 할 때 무엇을 도와줄 수 있는지 하는 부분들의 데이터를 계속 공개해 주고 있고 이걸 잘하고 있는 플랫폼들이 시장에서 이겨 가고 있다""고 덧붙였다. 한 후보자는 '청년 고용 위축 문제는 인공지능(AI) 전환 등 사회구조적 문제와 같이 봐야 한다'는 백승아 더불어민주당 의원 발언에 ""동의한다""고 답했다. 그는 ""청년들이 일을 안 하고 싶어서가 아니라 지금의 경제 구조 속에 있는 문제""라며 ""정부, 대기업이 모두 나서서 함께 도와야 하는 문제라고 생각한다""는 입장을 밝혔다. 백 의원은 ""쉬었음 청년 문제를 장기적으로 방치하면 장기적인 미취업으로 이어질 수 있다""며 ""자신감이 떨어지면서 사회적 고립 가능성도 크다. 정신 건강 문제로도 이어질 수 있는 만큼 조기에 적시에 필요한 지원이 필요하다고 보는데 어떻게 보냐""고 질의했다. 한 후보는 이에 ""(청년들의) 자살 관련해서도 데이터를 보고 있다""며 ""최근 정부가 자살 관련해서 집중적으로 어떻게 이 부분을 풀지 보고 있지만 청년들 문제에서도 일자리가 있을 때, 없을 때 차이도 있었다""고 답변했다. 청년 정책 체감도가 낮다는 지적에는 ""청년들에게 (정책이) 실효성 있게 다가갈 수 있는지, 어떤 것이 대표적으로 나를 위한 정책인지에서 체감되는 부분이 부족하다는 생각이 든다""며 ""청년이 정책을 수립하는 주체로 들어올 수 있도록 열어야 하고 이 부분을 집중하고 각 부처가 가지고 있는 청년 정책들을 종합적으로 한꺼번에 봐서 체감할 수 있는 정책을 만들어야 한다는 것에 동의한다""고 말했다. sheep@newspim.com",1674,newspaper3k,84.0,good,176.0,True,False,https://news.google.com/rss/articles/CBMiU0FVX3lxTE8zWEh1Wm0xTGp2QlJuaXVJWGNjc0FWdmV0YVMtbTA3VldQU0JaQ2dBN2xmdElkM3dfV1pqU2tpQUNNc2xJLU1SWkFBYjlGNnd6RzBv?oc=5,https://news.nate.com/view/20260626n18049,178.0,"ai_infrastructure_security,antitrust_platform,labor_dispute,legal_regulatory_enforcement,market_power_platform,platform_obligation,policy_legislation",labor_general,2026-06-26,url_date,original_date_recent,3,243.8,,21.0,global_incident:platform_enforcement:naver:delivery_platform_fee_mfn:sanction_penalty,global_incident:platform_enforcement:naver:delivery_platform_fee_mfn,56.0,government:platform_obligation,Y,,ok,http_200,body_valid,I072,global_incident:platform_regulation:platform_sector:platform_algorithm_ad_obligation,government_platform_regulation,GOV_PLATFORM_REGULATION,496.0,,OFF_TOPIC,COMP_DOMESTIC_DIRECT_RISK,domestic,정부_국회,GOV_PLATFORM_REGULATION,government_platform_regulation,global_incident:platform_regulation:platform_sector:platform_algorithm_ad_obligation,global_incident:platform_regulation:platform_sector:platform_algorithm_ad_obligation,카카오 또는 주요 플랫폼 사업자에게 직접 의무·차단·보고·준수 부담이 생김,4,5,5,v26.2: no central Korean public actor/action for Government section: no_public_actor_action_domain / v26.2: overseas structural industry candidate,v26.2: no central Korean public actor/action for Government section: no_public_actor_action_domain / v26.2: overseas structural industry candidate,issue_selected,네이버,경쟁사/해외이슈,경쟁사_해외이슈,정부_국회,정부_국회,정부/국회,3,본문추출성공,pass:v26_2_public_actor_action_pass:platform_obligation,pass:representative_aligned,4,"[세종=뉴스핌] 양가희 기자 = 한성숙 국무총리 후보자는 26일 온라인 플랫폼 알고리즘 조작 문제와 관련해 ""불공정거래가 관련된 부분은 제재를 가할 수 있다""고 밝혔다. 한 후보자는 이날 국회에서 열린 인사청문회에 참석해 '한 후보자가 네이버 대표일 때 공정위에서 과징금 불복 소송을 해 이겼고, 알고리즘 자율성을 인정받았는데, 알고리즘 자율성을 인정해야 하나 조작을 금지해야 하나' 묻는 조정훈 국민의힘 의원 질의에 이같이 답했다.",정부_국회,"한성숙 후보자, 플랫폼 알고리즘 조작 문제에 ""불공정거래면 제재""",https://news.nate.com/view/20260626n18049,네이트,CEO_Morning_Briefing,CEO_Morning_Briefing,4,,Y,,,
정부_국회,정부/국회,해외이전,"개보위, 빗썸에 과징금 2.1억원…""이용자 동의 없이 개인정보 해외 이전""",v.daum.net,v.daum.net,"Thu, 25 Jun 2026 01:02:04 GMT","Thu, 25 Jun 2026 01:02:04 GMT","개보위, 빗썸에 과징금 2.1억원…""이용자 동의 없이 개인정보 해외 이전"" v.daum.net","개보위, 빗썸에 과징금 2.1억원…""이용자 동의 없이 개인정보 해외 이전"" 이명환 2026. 6. 25. 글자 수 10,000자 초과 시 일부만 음성으로 제공합니다. 가 매우 작은 폰트 작은 폰트 보통 폰트 큰 폰트 매우 큰 폰트 가 이 글자크기로 변경됩니다. (예시) 가장 빠른 뉴스가 있고 다양한 정보, 쌍방향 소통이 숨쉬는 다음뉴스를 만나보세요. 다음뉴스는 국내외 주요이슈와 실시간 속보, 문화생활 및 다양한 분야의 뉴스를 입체적으로 전달하고 있습니다. 글자 수 10,000자 초과 시 일부만 음성으로 제공합니다. 가 매우 작은 폰트 작은 폰트 보통 폰트 큰 폰트 매우 큰 폰트 가 이 글자크기로 변경됩니다. (예시) 가장 빠른 뉴스가 있고 다양한 정보, 쌍방향 소통이 숨쉬는 다음뉴스를 만나보세요. 다음뉴스는 국내외 주요이슈와 실시간 속보, 문화생활 및 다양한 분야의 뉴스를 입체적으로 전달하고 있습니다. 글자 수 10,000자 초과 시 일부만 음성으로 제공합니다. 글자 수 10,000자 초과 시 일부만 음성으로 제공합니다. 글자 수 10,000자 초과 시 일부만 음성으로 제공합니다. 가 매우 작은 폰트 작은 폰트 보통 폰트 큰 폰트 매우 큰 폰트 가 이 글자크기로 변경됩니다. (예시) 가장 빠른 뉴스가 있고 다양한 정보, 쌍방향 소통이 숨쉬는 다음뉴스를 만나보세요. 다음뉴스는 국내외 주요이슈와 실시간 속보, 문화생활 및 다양한 분야의 뉴스를 입체적으로 전달하고 있습니다. 가 매우 작은 폰트 작은 폰트 보통 폰트 큰 폰트 매우 큰 폰트 가 이 글자크기로 변경됩니다. (예시) 가장 빠른 뉴스가 있고 다양한 정보, 쌍방향 소통이 숨쉬는 다음뉴스를 만나보세요. 다음뉴스는 국내외 주요이슈와 실시간 속보, 문화생활 및 다양한 분야의 뉴스를 입체적으로 전달하고 있습니다. 가 매우 작은 폰트 작은 폰트 보통 폰트 큰 폰트 매우 큰 폰트 가 이 글자크기로 변경됩니다. (예시) 가장 빠른 뉴스가 있고 다양한 정보, 쌍방향 소통이 숨쉬는 다음뉴스를 만나보세요. 다음뉴스는 국내외 주요이슈와 실시간 속보, 문화생활 및 다양한 분야의 뉴스를 입체적으로 전달하고 있습니다. (예시) 가장 빠른 뉴스가 있고 다양한 정보, 쌍방향 소통이 숨쉬는 다음뉴스를 만나보세요. 다음뉴스는 국내외 주요이슈와 실시간 속보, 문화생활 및 다양한 분야의 뉴스를 입체적으로 전달하고 있습니다. 이용자 동의 없이 가상자산 거래 정보를 국외로 이전한 빗썸이 2억원 상당의 과징금을 물게 됐다. 개인정보보호위원회는 개인정보 국외이전 규정을 위반한 빗썸에 과징금 2억1000만원을 부과하고 적법한 국외이전 요건을 갖추도록 하는 시정명령을 의결했다고 25일 밝혔다. 개인정보위는 지난해 국정감사에서 빗썸의 '오더북' 공유와 관련해 개인정보 국외 이전이 적법한지에 대한 지적이 나오자 조사에 착수했다. 오더북은 가상자산 거래소 간 매수·매도 주문정보(호가창)를 공유해 상호 교차 체결이 가능하도록 하는 제휴 형태를 뜻한다. 조사 결과, 빗썸은 해외 가상자산거래소와 오더북을 공유하고 가상자산을 이전하는 과정에서 이용자 동의 없이 개인정보를 국외 이전한 사실이 확인됐다. 빗썸은 지난해 9월부터 11월까지 테더(USDT) 마켓에서 해외 거래소와 오더북을 공유했는데, 이 과정에서 이용자에게 스텔라 거래소로 개인정보를 국외이전한다는 내용으로 별도 동의를 받았다. 하지만 실제로는 다른 거래소가 운영하는 시스템으로 회원번호와 주문정보를 국외 이전했다. 아울러 빗썸은 이용자의 가상자산을 13개 해외 거래소로 이전하면서 자금세탁 방지 목적으로 송금인과 수취인의 개인정보(이름, 지갑주소, 생년월일)를 제공했다. 이 과정에서도 이용자의 별도 동의를 받지 않는 등 개인정보 국외이전 요건을 일부 충족하지 않았다. 가상자산을 다른 거래소로 이전할 때 자금세탁 방지를 위해 개인정보를 제공할 필요는 있지만, 이 과정에서도 개인정보 보호법에서 정한 요건과 절차를 지켜야 한다는 게 개인정보위의 판단이다. 한편, 개인정보위는 조사 과정에서 분석한 블록체인 기술의 특성을 고려해 '블록체인 서비스 개인정보 보호 가이드라인'을 수립했다. 가이드라인에는 각 블록체인 특성별로 ▲투명성에 따른 온체인 정보 공개 및 추적 방지방안 ▲분산성에 따른 참여자 간 정보 공유 관리방안 ▲불변성에 따른 개인정보 파기 방안 등을 정한 내용이 담겼다. 개인정보위 관계자는 ""국민의 개인정보 자기결정권이 침해되지 않도록 개인정보 국외이전 등 보호법 위반행위에 대해서는 엄정히 대응할 것""이라며 ""신기술 환경에서 개인정보의 보호와 안전한 활용이 조화를 이룰 수 있도록 필요한 기준을 지속적으로 마련해 나갈 계획""이라고 밝혔다. 이명환 기자 lifehwan@asiae.co.kr 이용자 동의 없이 가상자산 거래 정보를 국외로 이전한 빗썸이 2억원 상당의 과징금을 물게 됐다. 개인정보보호위원회는 개인정보 국외이전 규정을 위반한 빗썸에 과징금 2억1000만원을 부과하고 적법한 국외이전 요건을 갖추도록 하는 시정명령을 의결했다고 25일 밝혔다. 개인정보위는 지난해 국정감사에서 빗썸의 '오더북' 공유와 관련해 개인정보 국외 이전이 적법한지에 대한 지적이 나오자 조사에 착수했다. 오더북은 가상자산 거래소 간 매수·매도 주문정보(호가창)를 공유해 상호 교차 체결이 가능하도록 하는 제휴 형태를 뜻한다. 조사 결과, 빗썸은 해외 가상자산거래소와 오더북을 공유하고 가상자산을 이전하는 과정에서 이용자 동의 없이 개인정보를 국외 이전한 사실이 확인됐다. 빗썸은 지난해 9월부터 11월까지 테더(USDT) 마켓에서 해외 거래소와 오더북을 공유했는데, 이 과정에서 이용자에게 스텔라 거래소로 개인정보를 국외이전한다는 내용으로 별도 동의를 받았다. 하지만 실제로는 다른 거래소가 운영하는 시스템으로 회원번호와 주문정보를 국외 이전했다. 아울러 빗썸은 이용자의 가상자산을 13개 해외 거래소로 이전하면서 자금세탁 방지 목적으로 송금인과 수취인의 개인정보(이름, 지갑주소, 생년월일)를 제공했다. 이 과정에서도 이용자의 별도 동의를 받지 않는 등 개인정보 국외이전 요건을 일부 충족하지 않았다. 가상자산을 다른 거래소로 이전할 때 자금세탁 방지를 위해 개인정보를 제공할 필요는 있지만, 이 과정에서도 개인정보 보호법에서 정한 요건과 절차를 지켜야 한다는 게 개인정보위의 판단이다. 한편, 개인정보위는 조사 과정에서 분석한 블록체인 기술의 특성을 고려해 '블록체인 서비스 개인정보 보호 가이드라인'을 수립했다. 가이드라인에는 각 블록체인 특성별로 ▲투명성에 따른 온체인 정보 공개 및 추적 방지방안 ▲분산성에 따른 참여자 간 정보 공유 관리방안 ▲불변성에 따른 개인정보 파기 방안 등을 정한 내용이 담겼다. 개인정보위 관계자는 ""국민의 개인정보 자기결정권이 침해되지 않도록 개인정보 국외이전 등 보호법 위반행위에 대해서는 엄정히 대응할 것""이라며 ""신기술 환경에서 개인정보의 보호와 안전한 활용이 조화를 이룰 수 있도록 필요한 기준을 지속적으로 마련해 나갈 계획""이라고 밝혔다. 이명환 기자 lifehwan@asiae.co.kr 아시아경제에서 직접 확인하세요. 해당 언론사로 이동합니다. 타워팰리스 20년 거주 함익병, 100억대 자산 축적 성공 비결은 '홍명보는 출입금지' 출입문에 써붙인 편의점 …가맹본사 ""매장 확인 중"" ""여보, 일본 가는데 여권 챙겼어?"" ""아니, 주민증이면 돼""…진짜 될까? ""젊은 부부가 야밤에 '싹둑'""…수년 정성 쏟은 '장미 핫플' 털렸다 ""깨끗한 여자 원한다"" 광고 논란…""여성의 순결을 살균·소독 기능과 연결 짓는 것은 부적절"" 결 먹고 싶은거 다 시켜도 공짜… ""기분만 배달하니까요"" 남아공전 충격패에 박지성·이영표·박문성 쓴소리…""홍명보, 책임 어떻게 질 거냐"" ""SNS에서 본 바로 그 우유"" 명동 의류매장까지 점령한 'K-바나나우유' ""아내 몸 생각해""…둘째 얻은 오타니에 쏟아진 뜻밖의 비판 ""오늘 저녁에 먹으려고 했는데"" 여성 췌장암·유방암 사망 위험 높인다는 '이것' 아시아경제에서 직접 확인하세요. 해당 언론사로 이동합니다.",3907,bs4_selector,86.0,good,213.0,True,True,https://news.google.com/rss/articles/CBMiVEFVX3lxTE1mSGRwVlhsT08wZGxDRVBJcVJwc2JVcDFDWFNMaG5tTkpVRDBhYndkNnA0Rmo0LXVBNUIwN2h3QVlJZjg5VTg5WnNwcXVCbUxPTDRtMQ?oc=5,https://v.daum.net/v/20260625100204922?f=p,221.6,"antitrust_platform,digital_asset_stablecoin,legal_regulatory_enforcement,platform_obligation,policy_legislation,stablecoin",stablecoin_market_size,2026-06-25,visible_date_node,original_date_recent,2,268.5,privacy_security:bithumb:data_leak:sanction_or_penalty,70.0,global_incident:platform_regulation:bithumb:platform_data_protection_obligation:policy_change,global_incident:platform_regulation:bithumb:platform_data_protection_obligation,56.0,self:platform_obligation,Y,,ok,http_200,body_valid,I116,global_incident:platform_regulation:bithumb:platform_data_protection_obligation,government_regulatory_enforcement,GOV_PLATFORM_REGULATION,398.0,OFF_TOPIC,GOV_REGULATORY_ENFORCEMENT,COMP_OVERSEAS_REGULATION_DATA,other,정부_국회,SELF_AFFILIATE_BUSINESS,self_filler_reference,global_incident:platform_regulation:bithumb:platform_data_protection_obligation,global_incident:platform_regulation:bithumb:platform_data_protection_obligation,카카오 플랫폼·AI·대관 대응 경로에 영향을 줄 수 있는 정책/감독 이슈,2,2,4,v26: 카카오 직접 주체가 없어 자사 섹션 제외/재분류,로컬 보조 라벨 / v26.2: no central Korean public actor/action for Government section: foreign_public_policy / v26.2: overseas structural industry candidate / v26.2: no central Korean public actor/action for Government section: no_public_actor_action_domain / v26.2: overseas structural industry candidate / 로컬 보조 라벨 / v26.2: overseas structural industry candidate /,issue_selected,해외이전,정부/국회,정부_국회,정부_국회,정부_국회,정부/국회,7,본문추출성공,pass:v26_2_public_actor_action_pass:public_actor_official_action,pass:representative_aligned,5,"개보위, 빗썸에 과징금 2.1억원…""이용자 동의 없이 개인정보 해외 이전"" 이명환 2026. 글자 수 10,000자 초과 시 일부만 음성으로 제공합니다.",정부_국회,"개보위, 빗썸에 과징금 2.1억원…""이용자 동의 없이 개인정보 해외 이전""",https://v.daum.net/v/20260625100204922?f=p,v.daum.net,CEO_Morning_Briefing,CEO_Morning_Briefing,5,,Y,,,
정부_국회,정부/국회,중소벤처기업부,"노타, 중기부 ‘우주 의약 딥테크 플랫폼 개발 사업’ 참여",디지털경제뉴스,디지털경제뉴스,"Fri, 26 Jun 2026 01:54:25 GMT","Fri, 26 Jun 2026 01:54:25 GMT","노타, 중기부 ‘우주 의약 딥테크 플랫폼 개발 사업’ 참여 디지털경제뉴스","박시현 기자 입력 2026.06.26 10:54 댓글 0 가 가 기사의 본문 내용은 이 글자크기로 변경됩니다. 기사의 본문 내용은 이 글자크기로 변경됩니다. [디지털경제뉴스 박시현 기자] 노타는 중소벤처기업부와 중소기업기술정보진흥원의 ‘딥테크 챌린지 프로젝트(DCP) 생태계혁신형’ 과제에 참여해 온디바이스 AI 최적화 기술 개발을 담당한다고 밝혔다. 이번 과제는 중소벤처기업부와 중소기업기술정보진흥원(TIPA)의 지원을 받아 4년간 최대 200억 원 규모로 추진된다. 이 사업의 주관기관인 스페이스린텍은 국내 최초로 국제우주정거장(ISS) 기반 우주 의약 연구 모듈실증을 성공하고, 우주바이오위성 개발을 통해 우주 환경 기반 연구 운영경험을 보유한 우주의약 전문 기업이다. 노타는 이번 과제를 통해 스마트폰, 자동차, 로봇, 산업 장비 등 지상 엣지 환경에서 축적한 AI 최적화 기술의 적용 범위를 우주산업 분야로 확대한다. 최근 스페이스X가 역대 최대 규모의 기업공개를 완료하며 우주산업 전반에 대한 글로벌 투자자와 산업계의 관심이 높아지고 있다. 우주산업은 발사체와 위성을 넘어 바이오·제약, 제조, 데이터 등 우주 환경을 활용한 응용 분야로 확장되고 있으며, 우주의약은 그중 성장 잠재력이 큰 차세대 분야로 주목받고 있다. 우주의약은 미세중력 환경을 활용해 단백질 구조연구와 바이오의약품 제조 공정의 새로운 가능성을 탐색하는 차세대 우주 바이오 분야다. 지상에서는 중력으로 인한 대류, 침강, 부력 등이 물질의 결정화와 혼합 과정에 영향을 미치지만, 미세중력 환경에서는 이러한 변수를 줄일 수 있어 우주 바이오·제약 연구에 활용될 수 있다. 이번 과제는 이러한 흐름에 맞춰 국제우주정거장(ISS)과 저궤도 미세중력 환경에서 바이오의약품의 구조연구와 제조 가능성을 검증하고, 실험 과정을 자율적으로 운영할 수 있는 의약 제조 플랫폼을 개발하는 프로젝트이다. 향후에는 우주에서 실험한 시료를 지상으로 회수해 분석하는 실증 단계를 거쳐, 민간우주정거장 적용까지 확장 가능한 우주의약 제조 플랫폼 개발해 나갈 계획이다. 노타는 이번 프로젝트에서 우주 실험 시스템이 현장에서 데이터를 분석하고 실험 상태를 판단할 수 있도록 하는 온디바이스 AI 기술 개발을 담당한다. 영상·센서 데이터를 기반으로 실험 상태를 인식하고 이상 상황을 탐지하며, 필요한 내용을 자연어로 요약해 지상에 보고할 수 있도록 AI 모델을 경량화·최적화할 계획이다. 우주 환경은 통신, 전력, 연산 자원, 열 관리 등 제약이 커 모든 데이터를 지상으로 보내 분석하기 어렵다. 따라서 실험 시스템 내부에서 데이터를 처리하고 판단하는 로컬 AI가 필요하며, 제한된 하드웨어에서도 AI를 빠르고 안정적으로 구동하는 노타의 최적화 기술이 자율 우주 실험 플랫폼 구현의 핵심 기반으로 활용될 예정이다. 이번 프로젝트는 노타가 모바일, 자율주행, 로봇 등 지상 엣지 환경에서 축적해 온 온디바이스 AI 최적화 기술을 우주라는 극한의 엣지 환경으로 확장하는 사례라는 점에서 의미가 있다. 노타 채명수 대표는 “우주는 통신, 전력, 연산 자원이 제한돼 AI가 현장에서 직접 작동해야 하는 극한의 엣지 환경으로, 온디바이스 AI 최적화 기술의 필요성이 가장 선명하게 드러나는 분야”라며, “이번 과제는 노타가 축적해 온 AI 경량화·최적화 기술을 우주산업으로 확장하는 중요한 이정표로, AI 에브리웨어 비전 아래 우주 분야에서 요구되는 엣지 AI 기술 경쟁력을 강화해 나가겠다”고 밝혔다. [디지털경제뉴스 박시현 기자] 노타는 중소벤처기업부와 중소기업기술정보진흥원의 ‘딥테크 챌린지 프로젝트(DCP) 생태계혁신형’ 과제에 참여해 온디바이스 AI 최적화 기술 개발을 담당한다고 밝혔다. 이번 과제는 중소벤처기업부와 중소기업기술정보진흥원(TIPA)의 지원을 받아 4년간 최대 200억 원 규모로 추진된다. 이 사업의 주관기관인 스페이스린텍은 국내 최초로 국제우주정거장(ISS) 기반 우주 의약 연구 모듈실증을 성공하고, 우주바이오위성 개발을 통해 우주 환경 기반 연구 운영경험을 보유한 우주의약 전문 기업이다. 노타는 이번 과제를 통해 스마트폰, 자동차, 로봇, 산업 장비 등 지상 엣지 환경에서 축적한 AI 최적화 기술의 적용 범위를 우주산업 분야로 확대한다. 최근 스페이스X가 역대 최대 규모의 기업공개를 완료하며 우주산업 전반에 대한 글로벌 투자자와 산업계의 관심이 높아지고 있다. 우주산업은 발사체와 위성을 넘어 바이오·제약, 제조, 데이터 등 우주 환경을 활용한 응용 분야로 확장되고 있으며, 우주의약은 그중 성장 잠재력이 큰 차세대 분야로 주목받고 있다. 우주의약은 미세중력 환경을 활용해 단백질 구조연구와 바이오의약품 제조 공정의 새로운 가능성을 탐색하는 차세대 우주 바이오 분야다. 지상에서는 중력으로 인한 대류, 침강, 부력 등이 물질의 결정화와 혼합 과정에 영향을 미치지만, 미세중력 환경에서는 이러한 변수를 줄일 수 있어 우주 바이오·제약 연구에 활용될 수 있다. 이번 과제는 이러한 흐름에 맞춰 국제우주정거장(ISS)과 저궤도 미세중력 환경에서 바이오의약품의 구조연구와 제조 가능성을 검증하고, 실험 과정을 자율적으로 운영할 수 있는 의약 제조 플랫폼을 개발하는 프로젝트이다. 향후에는 우주에서 실험한 시료를 지상으로 회수해 분석하는 실증 단계를 거쳐, 민간우주정거장 적용까지 확장 가능한 우주의약 제조 플랫폼 개발해 나갈 계획이다. 노타는 이번 프로젝트에서 우주 실험 시스템이 현장에서 데이터를 분석하고 실험 상태를 판단할 수 있도록 하는 온디바이스 AI 기술 개발을 담당한다. 영상·센서 데이터를 기반으로 실험 상태를 인식하고 이상 상황을 탐지하며, 필요한 내용을 자연어로 요약해 지상에 보고할 수 있도록 AI 모델을 경량화·최적화할 계획이다. 우주 환경은 통신, 전력, 연산 자원, 열 관리 등 제약이 커 모든 데이터를 지상으로 보내 분석하기 어렵다. 따라서 실험 시스템 내부에서 데이터를 처리하고 판단하는 로컬 AI가 필요하며, 제한된 하드웨어에서도 AI를 빠르고 안정적으로 구동하는 노타의 최적화 기술이 자율 우주 실험 플랫폼 구현의 핵심 기반으로 활용될 예정이다. 이번 프로젝트는 노타가 모바일, 자율주행, 로봇 등 지상 엣지 환경에서 축적해 온 온디바이스 AI 최적화 기술을 우주라는 극한의 엣지 환경으로 확장하는 사례라는 점에서 의미가 있다. 노타 채명수 대표는 “우주는 통신, 전력, 연산 자원이 제한돼 AI가 현장에서 직접 작동해야 하는 극한의 엣지 환경으로, 온디바이스 AI 최적화 기술의 필요성이 가장 선명하게 드러나는 분야”라며, “이번 과제는 노타가 축적해 온 AI 경량화·최적화 기술을 우주산업으로 확장하는 중요한 이정표로, AI 에브리웨어 비전 아래 우주 분야에서 요구되는 엣지 AI 기술 경쟁력을 강화해 나가겠다”고 밝혔다.",3317,bs4_selector,86.0,good,120.0,True,False,https://news.google.com/rss/articles/CBMiakFVX3lxTE45eG82ZXVKbmpiajBQSjVqc25OQVRGcWNjdFNGbjJlSjY1NnZNNFRybGRkVDZDeldtcEFrWTcyOXpUcnVqT29WZkIzX19nbW84eDM4cU1kc0t5dk1kMlM1QlJYWFR0bGhhNWc?oc=5,https://www.denews.co.kr/news/articleView.html?idxno=41570,100.6,"ai_infrastructure_security,market_power_platform,platform_obligation",ai_infrastructure_security,2026-06-26,json_ld:datePublished,original_date_recent,6,211.4,,7.0,global_incident:platform_regulation:platform_sector:platform_content_moderation_obligation:executive_or_org_change,global_incident:platform_regulation:platform_sector:platform_content_moderation_obligation,24.0,government:platform_obligation,Y,,ok,http_200,body_valid,I131,global_incident:platform_regulation:platform_sector:platform_regulation,government_ai_core_policy,GOV_AI_DIGITAL_POLICY,372.0,,GOV_AI_CORE_POLICY,,other,정부_국회,GOV_PLATFORM_REGULATION,government_general_policy,global_incident:platform_regulation:platform_sector:platform_regulation,global_incident:platform_regulation:platform_sector:platform_regulation,카카오 대외협력 관점 간접 참고,2,2,2,로컬 보조 라벨,로컬 보조 라벨 / v26.2: no central Korean public actor/action for Government section: no_public_actor_action_domain / v26.2: overseas structural industry candidate,issue_selected,중소벤처기업부,정부/국회,정부_국회,정부_국회,정부_국회,정부/국회,8,본문추출성공,pass:v26_2_public_actor_action_pass:public_actor_official_action,pass:representative_aligned,6,"박시현 기자 입력 2026.06.26 10:54 댓글 0 가 가 기사의 본문 내용은 이 글자크기로 변경됩니다. 이 사업의 주관기관인 스페이스린텍은 국내 최초로 국제우주정거장(ISS) 기반 우주 의약 연구 모듈실증을 성공하고, 우주바이오위성 개발을 통해 우주 환경 기반 연구 운영경험을 보유한 우주의약 전문 기업이다.",정부_국회,"노타, 중기부 ‘우주 의약 딥테크 플랫폼 개발 사업’ 참여",https://www.denews.co.kr/news/articleView.html?idxno=41570,디지털경제뉴스,CEO_Morning_Briefing,CEO_Morning_Briefing,6,,Y,,,
정부_국회,정부/국회,공정거래위원회,"공정위, 쿠팡 30억원 상생안 수용…PB 갑질 제재 대신 ‘자진시정’",스페셜경제,스페셜경제,"Thu, 25 Jun 2026 09:03:47 GMT","Thu, 25 Jun 2026 09:03:47 GMT","공정위, 쿠팡 30억원 상생안 수용…PB 갑질 제재 대신 ‘자진시정’ 스페셜경제",,0,critical_without_body,0.0,v39_title_link_only:v29_title_only_allowed,132.5,False,,https://news.google.com/rss/articles/CBMibEFVX3lxTFB2Q1QwV1o1NEllV05zS0JFbEhreVZ0ckFUamQ4eURMUndZSjhURlVuNmoyY1o5R3BGLXNQWU9MOF8tVHY0c2ZwQlU1Wk9qX3hfb3UxQzlPZ2p3cU9uNXI4TkxwS3VRY3o5dVhheQ?oc=5,https://www.speconomy.com/news/articleView.html?idxno=415311,198.6,"antitrust_platform,legal_regulatory_enforcement",antitrust_general,,not_checked_bodyless,not_checked_bodyless,0,-5.0,,,,,,,,,ok,http_200,,I107,global_incident:platform_regulation:coupang:platform_operator_obligation,comp_domestic_direct_risk,COMPETITOR_PLATFORM_RISK,,,,,,정부_국회,COMPETITOR_PLATFORM_RISK,comp_domestic_direct_risk,global_incident:platform_regulation:coupang:platform_operator_obligation,global_incident:platform_regulation:coupang:platform_operator_obligation,정부/국회 기사이나 카카오 플랫폼·AI·디지털금융과 연결 경로가 약함,4,2,1,로컬 보조 라벨 / v26.2: overseas structural industry candidate,v43_soft_target:정부_국회: daily-safe portfolio rescue,v39_title_link_only,,,,,정부_국회,정부/국회,14,본문추출실패_대체없음_제목링크만,v39_bodyless_pass:v26_2_public_actor_action_pass:public_actor_official_action,,7,,정부_국회,"공정위, 쿠팡 30억원 상생안 수용…PB 갑질 제재 대신 ‘자진시정’",https://www.speconomy.com/news/articleView.html?idxno=415311,스페셜경제,CEO_Morning_Briefing,CEO_Morning_Briefing,7,v43_soft_target:정부_국회,,v39_title_link_only:v29_title_only_allowed,v29_title_only_allowed,
정부_국회,정부/국회,과학기술정보통신부,"천안시, 과기정통부 ‘AI라운지’ 공모 선정… AI 기본사회 실현",아산포커스,아산포커스,"Fri, 26 Jun 2026 08:34:46 GMT","Fri, 26 Jun 2026 08:34:46 GMT","천안시, 과기정통부 ‘AI라운지’ 공모 선정… AI 기본사회 실현 아산포커스","[아산포커스] 천안시는 과학기술정보통신부·한국지능정보사회진흥원(NIA) 주관 ‘2026년도 AI라운지 운영 사업’의 충청권 사업 대상지로 최종 선정됐다고 26일 밝혔다. 이번 사업은 시민 누구나 인공지능(AI)을 쉽고 편리하게 체험하고 학습할 수 있도록 체험·교육 공간을 조성해 시민의 AI 활용 역량을 높이고, AI 기본사회 실현을 지원하기 위해 추진된다. 시는 충남콘텐츠진흥원을 수행기관으로 사업을 추진, 동남구 봉명동 일원 레일웨이존에 AI라운지를 조성한다. AI 기초교육부터 생성형 AI 활용 교육, 실습 프로그램, 시민 참여형 체험을 비롯해 지역대학, 연구기관, 기업 등과 연계한 창업 프로그램까지 지역 내 AI 생태계를 활성화할 계획이다. 시는 AI라운지를 단순한 체험 공간을 넘어 시민의 AI 역량을 높이고, 기업과 대학, 연구기관이 함께 성장하는 지역 AI 플랫폼으로 발전시켜 나갈 방침이다. 김석필 천안시장 권한대행 부시장은 “AI라운지를 통해 시민 누구나 AI를 쉽고 편리하게 배우고 활용할 수 있도록 환경을 조성해 나갈 것”이라며 “시민이 체감하는 AI 선도도시 천안을 만들어 가겠다”고 말했다. 5,000원 / 10,000원 / 20,000원 / 30,000원 / 50,000원 계좌번호 국민은행 458701-04-513634 김언섭(아산포커스) 지역속으로~ 주민속으로~ 지방자치시대에 주민의 역량을 높이고 커뮤니티 활성화를 통하여 소통이 잘되고 의식의 변화를 통해서 지역발전을 이끌어내는데 참 지역언론으로 거듭나겠습니다. 지역속으로~ 주민속으로~ 지방자치시대에 주민의 역량을 높이고 커뮤니티 활성화를 통하여 소통이 잘되고 의식의 변화를 통해서 지역발전을 이끌어내는데 참 지역언론으로 거듭나겠습니다. 모나밸리 국제 아트페어 카운트다운 2개월 앞으로 .. 오창립 박사에게 듣는다! ""제9기 아산시민명예기자 간담회"" 개최 용화체육공원내 자이그랜드파크 ""옹벽 붕괴""..인명사고는 없어 아산시, 어의정로 교차점광장 준공 아산시, 온양온천역 광장에서 '비둘기 먹이주기 금지구역' 지정 [포커스 칼럼] 국민의 한 표를 지켜야 대한민국의 미래가 바로선다! 조원진 대표, “국민의 이름으로 안규백 국방부 장관 탄핵할 것” 모나밸리 국제 아트페어 카운트다운 2개월 앞으로 .. 오창립 박사에게 듣는다! 모나밸리 국제 아트페어 카운트다운 2개월 앞으로 .. 오창립 박사에게 듣는다! ""제9기 아산시민명예기자 간담회"" 개최 용화체육공원내 자이그랜드파크 ""옹벽 붕괴""..인명사고는 없어 아산시, 어의정로 교차점광장 준공 아산시, 온양온천역 광장에서 '비둘기 먹이주기 금지구역' 지정 [포커스 칼럼] 국민의 한 표를 지켜야 대한민국의 미래가 바로선다! 조원진 대표, “국민의 이름으로 안규백 국방부 장관 탄핵할 것” 모나밸리 국제 아트페어 카운트다운 2개월 앞으로 .. 오창립 박사에게 듣는다! 용화체육공원내 자이그랜드파크 ""옹벽 붕괴""..인명사고는 없어 아산시, 온양온천역 광장에서 '비둘기 먹이주기 금지구역' 지정 [포커스 칼럼] 국민의 한 표를 지켜야 대한민국의 미래가 바로선다! 조원진 대표, “국민의 이름으로 안규백 국방부 장관 탄핵할 것” 충남도, ‘2029 전국(장애인)체전’ 본격 준비 나서 충남사회서비스원, '2026년 충청남도 1388청소년지원단 워크숍' 개최 천안시, 과기정통부 ‘AI라운지’ 공모 선정… AI 기본사회 실현 충남아산FC, ‘왼발 플레이메이커’ 두두 나르디니 영입 이병도 충남도교육감 당선인, ‘나다움바우처·생활교복·도서바우처’로 학생 성장과 교육복지 실현 본격화 호서대, AI와 대학혁신으로 미래 경쟁력 강화...하계 직원연수 개최 충남도, ‘2029 전국(장애인)체전’ 본격 준비 나서 충남사회서비스원, '2026년 충청남도 1388청소년지원단 워크숍' 개최 천안시, 과기정통부 ‘AI라운지’ 공모 선정… AI 기본사회 실현 충남아산FC, ‘왼발 플레이메이커’ 두두 나르디니 영입 이병도 충남도교육감 당선인, ‘나다움바우처·생활교복·도서바우처’로 학생 성장과 교육복지 실현 본격화 호서대, AI와 대학혁신으로 미래 경쟁력 강화...하계 직원연수 개최",2008,bs4_selector,86.0,good,146.5,True,False,https://news.google.com/rss/articles/CBMibkFVX3lxTE1ZVXcyOF9jTDNxRzVyYl8wR2d4Z0NnVTBmaEY5eE44OFBwRkFJTHlMT1hOc1dObVZkSnR2QWQ5R3g2eDdiU2pjLXIyUmFIVE9kQ29ncFVGdlRYOTlYZ2dWVFctNmhRUmJpa21CQ3JB?oc=5,https://www.asanfocus.co.kr/news/articleView.html?idxno=45911,107.6,"ai_infrastructure_security,deepfake_youth,market_power_platform,platform_obligation,privacy_security_reliability",ai_infrastructure_security,2026-06-26,meta:article:published_time,original_date_recent,1,229.95,,61.0,global_incident:platform_regulation:science_ict_ministry:platform_content_moderation_obligation:executive_or_org_change,global_incident:platform_regulation:science_ict_ministry:platform_content_moderation_obligation,32.0,government:platform_obligation,Y,,ok,http_200,body_valid,I138,government_ai_core_policy:천안시 과기정통부 ai라운지 공모 선정 ai 기본사회 실현,government_ai_core_policy,GOV_AI_DIGITAL_POLICY,342.5,,GOV_AI_CORE_POLICY,,other,정부_국회,GOV_AI_DIGITAL_POLICY,government_ai_core_policy,government_ai_core_policy:천안시 과기정통부 ai라운지 공모 선정 ai 기본사회 실현,government_ai_core_policy:천안시 과기정통부 ai라운지 공모 선정 ai 기본사회 실현,카카오 AI agent/AI 서비스 전략과 연결되는 핵심 정책환경,5,4,5,로컬 보조 라벨,v43_soft_target:정부_국회: daily-safe portfolio rescue,issue_selected,과학기술정보통신부,정부/국회,정부_국회,정부_국회,정부_국회,정부/국회,15,본문추출성공,pass:v26_2_public_actor_action_pass:public_actor_official_action,pass:representative_aligned,8,"[아산포커스] 천안시는 과학기술정보통신부·한국지능정보사회진흥원(NIA) 주관 ‘2026년도 AI라운지 운영 사업’의 충청권 사업 대상지로 최종 선정됐다고 26일 밝혔다. 이번 사업은 시민 누구나 인공지능(AI)을 쉽고 편리하게 체험하고 학습할 수 있도록 체험·교육 공간을 조성해 시민의 AI 활용 역량을 높이고, AI 기본사회 실현을 지원하기 위해 추진된다.",정부_국회,"천안시, 과기정통부 ‘AI라운지’ 공모 선정… AI 기본사회 실현",https://www.asanfocus.co.kr/news/articleView.html?idxno=45911,아산포커스,CEO_Morning_Briefing,CEO_Morning_Briefing,8,v43_soft_target:정부_국회,Y,,,
경쟁사_해외이슈,경쟁사/해외이슈,SKT,"SKT, 글로벌 표준 자율 네트워크 전략 공개…AI 기반 운영 고도화",v.daum.net,v.daum.net,"Thu, 25 Jun 2026 00:59:45 GMT","Thu, 25 Jun 2026 00:59:45 GMT","SKT, 글로벌 표준 자율 네트워크 전략 공개…AI 기반 운영 고도화 v.daum.net","SKT, 글로벌 표준 자율 네트워크 전략 공개…AI 기반 운영 고도화 서효빈 2026. 6. 25. 글자 수 10,000자 초과 시 일부만 음성으로 제공합니다. 가 매우 작은 폰트 작은 폰트 보통 폰트 큰 폰트 매우 큰 폰트 가 이 글자크기로 변경됩니다. (예시) 가장 빠른 뉴스가 있고 다양한 정보, 쌍방향 소통이 숨쉬는 다음뉴스를 만나보세요. 다음뉴스는 국내외 주요이슈와 실시간 속보, 문화생활 및 다양한 분야의 뉴스를 입체적으로 전달하고 있습니다. 글자 수 10,000자 초과 시 일부만 음성으로 제공합니다. 가 매우 작은 폰트 작은 폰트 보통 폰트 큰 폰트 매우 큰 폰트 가 이 글자크기로 변경됩니다. (예시) 가장 빠른 뉴스가 있고 다양한 정보, 쌍방향 소통이 숨쉬는 다음뉴스를 만나보세요. 다음뉴스는 국내외 주요이슈와 실시간 속보, 문화생활 및 다양한 분야의 뉴스를 입체적으로 전달하고 있습니다. 글자 수 10,000자 초과 시 일부만 음성으로 제공합니다. 글자 수 10,000자 초과 시 일부만 음성으로 제공합니다. 글자 수 10,000자 초과 시 일부만 음성으로 제공합니다. 가 매우 작은 폰트 작은 폰트 보통 폰트 큰 폰트 매우 큰 폰트 가 이 글자크기로 변경됩니다. (예시) 가장 빠른 뉴스가 있고 다양한 정보, 쌍방향 소통이 숨쉬는 다음뉴스를 만나보세요. 다음뉴스는 국내외 주요이슈와 실시간 속보, 문화생활 및 다양한 분야의 뉴스를 입체적으로 전달하고 있습니다. 가 매우 작은 폰트 작은 폰트 보통 폰트 큰 폰트 매우 큰 폰트 가 이 글자크기로 변경됩니다. (예시) 가장 빠른 뉴스가 있고 다양한 정보, 쌍방향 소통이 숨쉬는 다음뉴스를 만나보세요. 다음뉴스는 국내외 주요이슈와 실시간 속보, 문화생활 및 다양한 분야의 뉴스를 입체적으로 전달하고 있습니다. 가 매우 작은 폰트 작은 폰트 보통 폰트 큰 폰트 매우 큰 폰트 가 이 글자크기로 변경됩니다. (예시) 가장 빠른 뉴스가 있고 다양한 정보, 쌍방향 소통이 숨쉬는 다음뉴스를 만나보세요. 다음뉴스는 국내외 주요이슈와 실시간 속보, 문화생활 및 다양한 분야의 뉴스를 입체적으로 전달하고 있습니다. (예시) 가장 빠른 뉴스가 있고 다양한 정보, 쌍방향 소통이 숨쉬는 다음뉴스를 만나보세요. 다음뉴스는 국내외 주요이슈와 실시간 속보, 문화생활 및 다양한 분야의 뉴스를 입체적으로 전달하고 있습니다. [아이뉴스24 서효빈 기자] SK텔레콤은 덴마크 코펜하겐에서 열린 'TM 포럼 DTW 이그나이트 2026'에서 글로벌 표준 기반의 자율 네트워크 추진 전략을 발표했다고 25일 밝혔다. 자율 네트워크는 사람의 개입을 최소화하고 AI가 네트워크를 스스로 운영·관리하는 차세대 방식이다. SK텔레콤은 통신사와 장비별로 운영 방식이 달라 확장성과 연동에 한계가 있었다며, TM 포럼 표준을 기반으로 시스템과 데이터를 통합해 자율 네트워크를 구현하겠다는 전략을 제시했다. SK텔레콤은 △운영 업무 프로세스 재정의 △데이터 온톨로지 구축 △차세대 운영지원시스템(OSS) 전환 △AI 에이전트 표준화를 4대 실행 과제로 추진한다. AWS 등 글로벌 기업과 협력해 다양한 제조사의 네트워크 장비를 하나의 AI 솔루션으로 통합 제어하고 네트워크 유연성과 확장성을 높일 계획이다. 회사 내부 AI 역량도 강화한다. 현재 SK텔레콤은 1000개 이상의 자율 네트워크 플랫폼과 AI 에이전트를 개발·운용하고 있다. 대표 사례인 AI 관제 시스템 '스파이더'는 코어 네트워크 장비를 통합 관제하고 이상 징후를 탐지해 대응 방안을 자동 추천한다. SK텔레콤은 TM 포럼이 정의한 자율 네트워크 레벨4 달성을 목표로 차세대 OSS 전환을 추진할 방침이다. 레벨4는 인간의 개입을 최소화하고 시스템이 스스로 판단해 독립적으로 의사결정을 수행하는 단계다. 안홍범 SK텔레콤 네트워크 AT·DT 담당은 ""글로벌 표준 기반 자율 네트워크 구축은 통신 산업의 패러다임을 바꾸는 계기가 될 것""이라며 ""전 세계 통신사와 협력해 자율 네트워크 생태계를 구축하고 안정적이고 지능적인 통신 서비스를 제공하겠다""고 말했다. /서효빈 기자 (x40805@inews24.com) [아이뉴스24 서효빈 기자] SK텔레콤은 덴마크 코펜하겐에서 열린 'TM 포럼 DTW 이그나이트 2026'에서 글로벌 표준 기반의 자율 네트워크 추진 전략을 발표했다고 25일 밝혔다. 자율 네트워크는 사람의 개입을 최소화하고 AI가 네트워크를 스스로 운영·관리하는 차세대 방식이다. SK텔레콤은 통신사와 장비별로 운영 방식이 달라 확장성과 연동에 한계가 있었다며, TM 포럼 표준을 기반으로 시스템과 데이터를 통합해 자율 네트워크를 구현하겠다는 전략을 제시했다. SK텔레콤은 △운영 업무 프로세스 재정의 △데이터 온톨로지 구축 △차세대 운영지원시스템(OSS) 전환 △AI 에이전트 표준화를 4대 실행 과제로 추진한다. AWS 등 글로벌 기업과 협력해 다양한 제조사의 네트워크 장비를 하나의 AI 솔루션으로 통합 제어하고 네트워크 유연성과 확장성을 높일 계획이다. 회사 내부 AI 역량도 강화한다. 현재 SK텔레콤은 1000개 이상의 자율 네트워크 플랫폼과 AI 에이전트를 개발·운용하고 있다. 대표 사례인 AI 관제 시스템 '스파이더'는 코어 네트워크 장비를 통합 관제하고 이상 징후를 탐지해 대응 방안을 자동 추천한다. SK텔레콤은 TM 포럼이 정의한 자율 네트워크 레벨4 달성을 목표로 차세대 OSS 전환을 추진할 방침이다. 레벨4는 인간의 개입을 최소화하고 시스템이 스스로 판단해 독립적으로 의사결정을 수행하는 단계다. 안홍범 SK텔레콤 네트워크 AT·DT 담당은 ""글로벌 표준 기반 자율 네트워크 구축은 통신 산업의 패러다임을 바꾸는 계기가 될 것""이라며 ""전 세계 통신사와 협력해 자율 네트워크 생태계를 구축하고 안정적이고 지능적인 통신 서비스를 제공하겠다""고 말했다. 아이뉴스24에서 직접 확인하세요. 해당 언론사로 이동합니다. 돌고 돌아 다시 원작 '카트라이더'…3년 만에 부활 예고 딸 보는 앞에서⋯이별 통보한 전 여친 찾아가 흉기로 살해한 60대 강원도 고성 해변서 파도에 실종된 고등학생, 숨진 채 발견 ""00 믿어야 구원받는다""⋯초등생들 따라다니며 종교 권유한 50대, 벌금 10만원 ""다른 男에 오염 안 된 깨끗한 여자 원해""⋯中 소독제 광고, '여성 비하' 논란에 삭제 SK하이닉스, '물량전' 돌입…나스닥 상장 45조 조달(종합) 마이크론 ""1000억달러 메모리 장기계약""…로봇은 새 수요처(종합) ""日 여행, 신칸센 반값 할인""⋯외국인 지원책에 자국민 ""우리만 왜 차별?"" ""조선인 코 베어간 장군 발자취 따라 '로망 여행'""⋯日 여행사 울산 왜성 투어 논란 ""전 남친 사진을 안 지워?""⋯여자친구 기절할 때까지 1시간 폭행한 30대 아이뉴스24에서 직접 확인하세요. 해당 언론사로 이동합니다.",3313,bs4_selector,86.0,good,37.0,True,True,https://news.google.com/rss/articles/CBMiRkFVX3lxTE1XMHBuTGpXTEtTdUE0WGtwdUh3M2NPQXpfX01IUjBIMDdLWFdxWTJleWtLblVCeW05MTlfV0prRzR6UXJFRXc?oc=5,https://v.daum.net/v/HyMXV78BSU,298.5,"ai_agent,ai_infrastructure_security,market_power_platform,platform_obligation,policy_legislation",ai_infrastructure_security,2026-06-25,visible_date_node,original_date_recent,2,145.3,,7.0,global_incident:platform_regulation:skt:platform_data_protection_obligation:executive_or_org_change,global_incident:platform_regulation:skt:platform_data_protection_obligation,48.0,self:platform_obligation,Y,,ok,http_200,body_valid,I006,국가 AI 인프라/AIDC/GPU 정책,self_strategic_reference,SELF_AFFILIATE_BUSINESS,658.0,STRATEGIC_REFERENCE,OFF_TOPIC,COMP_DOMESTIC_AI_PLATFORM,domestic,정부_국회,SELF_AFFILIATE_BUSINESS,self_filler_reference,KT 금융 AX/AI 인프라 전략,KT 금융 AX/AI 인프라 전략,카카오가 경쟁사 전략·리스크·AI/플랫폼 대응을 비교 참고할 이슈,2,2,5,v26: 카카오 직접 주체가 없어 자사 섹션 제외/재분류,로컬 보조 라벨 / v26: 오늘 새 직접 사건·진전 / 로컬 보조 라벨 / v26.2: overseas structural industry candidate / 로컬 보조 라벨 / v26.2: no central Korean public actor/action for Government section: no_public_actor_action_domain / v26.2: overseas structural industry candidate / v40: 직접 리스크는 아니지만 자사 사업 확장·제휴성 이슈로 2순위 반영 / v26: 카카오 직접 주체가 없어 자사 섹션 제외/재분류 / v26.2: overseas structural indu,issue_selected,SKT,경쟁사/해외이슈,경쟁사_해외이슈,정부_국회,경쟁사_해외이슈,경쟁사/해외이슈,2,본문추출성공,reassign:v41_company_strategy_to_competitor,pass:representative_aligned,9,"SKT, 글로벌 표준 자율 네트워크 전략 공개…AI 기반 운영 고도화 서효빈 2026. 글자 수 10,000자 초과 시 일부만 음성으로 제공합니다.",경쟁사_해외이슈,"SKT, 글로벌 표준 자율 네트워크 전략 공개…AI 기반 운영 고도화",https://v.daum.net/v/HyMXV78BSU,v.daum.net,CEO_Morning_Briefing,CEO_Morning_Briefing,9,,Y,,,정부_국회->경쟁사_해외이슈:v41_company_strategy_to_competitor
경쟁사_해외이슈,경쟁사/해외이슈,네이버,"쿠팡이 개인정보 유출 사태서 헤매는 사이... 네이버, 쇼핑 앱 신규 설치 '독주'",생생비즈플러스,생생비즈플러스,"Thu, 25 Jun 2026 02:30:35 GMT","Thu, 25 Jun 2026 02:30:35 GMT","쿠팡이 개인정보 유출 사태서 헤매는 사이... 네이버, 쇼핑 앱 신규 설치 '독주' 생생비즈플러스",,0,critical_without_body,0.0,v39_title_link_only:selected_competitor_issue,41.5,False,,https://news.google.com/rss/articles/CBMibEFVX3lxTE9NeXUxdlZ4OWpqeDdBaFFuU05MNU81bUpCX0VVZWw3eHEyRXFCWEFPSXJVZjBNMXhsdWhLcnFRNFNWdXZDR1YzdXNESE5rRjRmcVJ1N3loUWswVGNiSHdneW1wSGl0UXZ5QXdrag?oc=5,https://www.livebiz.today/news/articleView.html?idxno=202861,318.0,"phishing_security,privacy_security_reliability",security_privacy_leak,,not_checked_bodyless,not_checked_bodyless,0,-5.0,,,,,,,,,ok,http_200,,I001,global_incident:platform_regulation:naver:coupang_designation_disclosure,comp_domestic_direct_risk,COMPETITOR_PLATFORM_RISK,,,,,,경쟁사_해외이슈,COMPETITOR_PLATFORM_RISK,comp_domestic_direct_risk,global_incident:platform_regulation:naver:coupang_designation_disclosure,global_incident:platform_regulation:naver:coupang_designation_disclosure,카카오가 경쟁사 전략·리스크·AI/플랫폼 대응을 비교 참고할 이슈,4,4,5,로컬 보조 라벨 / v26.2: overseas structural industry candidate,로컬 보조 라벨 / v26.2: overseas structural industry candidate,v39_title_link_only,,,,,경쟁사_해외이슈,경쟁사/해외이슈,4,본문추출실패_대체없음_제목링크만,v39_bodyless_pass:competitor_guardrail_pass,,10,,경쟁사_해외이슈,"쿠팡이 개인정보 유출 사태서 헤매는 사이... 네이버, 쇼핑 앱 신규 설치 '독주'",https://www.livebiz.today/news/articleView.html?idxno=202861,생생비즈플러스,CEO_Morning_Briefing,CEO_Morning_Briefing,10,,,v39_title_link_only:selected_competitor_issue,selected_competitor_issue,
경쟁사_해외이슈,경쟁사/해외이슈,네이버,"네이버, '2025 통합보고서' 발간…AI 시대 성장 전략 공개",MTN 머니투데이방송,MTN 머니투데이방송,"Thu, 25 Jun 2026 09:23:36 GMT","Thu, 25 Jun 2026 09:23:36 GMT","네이버, '2025 통합보고서' 발간…AI 시대 성장 전략 공개 MTN 머니투데이방송","네이버, '2025 통합보고서' 발간…AI 시대 성장 전략 공개 비즈니스 시너지·임팩트 창출·기술 신뢰성 3대 축 중심 공개 이상현기자 네이버가 지난해 사업 성과와 ESG 성과, 미래 성장 방향성을 담은 '2025 통합보고서'를 발간했다고 25일 밝혔다. 통합보고서는 비즈니스 시너지, 임팩트 창출, 기술 신뢰성 등 세 가지 축으로 구성됐다. 네이버는 보고서에 AI 사업 성과와 향후 전략을 담았다. UGC(사용자 생성 콘텐츠), 쇼핑, 로컬 등 자사 서비스 데이터를 기반으로 데이터와 AI가 선순환하는 구조를 구축하고 있다고 설명했다. 또 AI 브리핑, ADVoost, 네이버플러스 스토어 앱 등 주요 서비스에 AI를 적용한 사례를 소개했다. 향후에는 Agent N, AI 탭, 쇼핑 AI 에이전트 등을 통해 AI 경험을 더욱 고도화할 방침이다. 임팩트 부문에서는 소상공인과 창작자, 지역 브랜드 지원 사례를 소개했다. 소상공인과 브랜드의 AI 기반 비즈니스 도구 활용을 지원하는 'ADVoost 쇼핑×AI RIDE' 캠페인과 창작자 육성 프로그램 '크리에이터 런처', 지역 로컬 브랜드를 알리는 'BE LOCAL WEEK 경주' 등이 대표 사례로 담겼다. 생태계 구성원을 위한 투자도 이어졌다. 네이버는 지난해 테크 임팩트 분야에 229억원을 지원했으며, 임팩트 펀드로 1420억원을 집행했다고 밝혔다. 임팩트 펀드 규모는 오는 2030년까지 누적 1조원으로 확대할 계획이다. 기술 신뢰성 부문에서는 개인정보 보호와 정보보안, 온실가스 및 에너지 관리, 인적자본 관리 현황 등을 공개했다. ESG 성과로는 '2040 카본 네거티브(Carbon Negative)' 전략에 따른 온실가스 감축 현황과 AI 데이터센터 운영을 위한 대규모 재생에너지 확보 성과를 제시했다. 아울러 기후 관련 의사결정 체계와 시나리오 분석, 기후 회복력, 지표 및 목표 등을 담은 기후정보공개보고서를 별도로 발간했다. 이와 함께 한국수자원공사(K-water), 한국생태학회와 진행한 기후·생물다양성 관련 협력 사례도 소개했다. 최수연 네이버 대표는 ""네이버의 지속가능한 성장은 이용자와 사업자, 창작자 등 다양한 생태계 구성원과 함께 성장할 때 가능하다""며 ""앞으로도 AI와 데이터, 플랫폼 역량을 바탕으로 파트너의 성장을 지원하고 더 많은 이들이 기술의 기회를 누릴 수 있도록 함께 성장하는 네이버 생태계를 만들어가겠다""고 말했다. 이상현 머니투데이방송 MTN 기자",1201,trafilatura,88.0,good,146.5,True,False,https://news.google.com/rss/articles/CBMiZEFVX3lxTE9tX0tnbmlVQm5SeVhiMEdaMWhEVnRsd254Smk4X0xHemVZVF9BVENTSUVsTjVLUWtHYXFjUVlfXy1xa0RIdHByazB5LXNaLVY3WFJXWm83WXFGSzlRMVN6WjdIZUw?oc=5,https://news.mtn.co.kr/news-detail/2026062517572493225,216.0,"ai_agent,ai_infrastructure_security,aidc_datacenter,earnings,financial_performance,market_power_platform,phishing_security,platform_obligation,policy_legislation,privacy_security_reliability",aidc_general,2026-06-25,json_ld:datePublished,original_date_recent,4,229.75,privacy_security:naver:data_leak:initial_investigation_response,7.0,global_incident:platform_regulation:naver:platform_content_moderation_obligation:announcement,global_incident:platform_regulation:naver:platform_content_moderation_obligation,24.0,competitor:platform_obligation,Y,,ok,http_200,body_valid,I016,comp_domestic_ai_platform:네이버 2025 통합보고서 발간 ai 시대 성장 전략 공개,comp_domestic_ai_platform,COMPETITOR_AI_STRATEGY,631.5,,,COMP_DOMESTIC_AI_PLATFORM,domestic,경쟁사_해외이슈,COMPETITOR_AI_STRATEGY,comp_domestic_ai_platform,comp_domestic_ai_platform:네이버 2025 통합보고서 발간 ai 시대 성장 전략 공개,comp_domestic_ai_platform:네이버 2025 통합보고서 발간 ai 시대 성장 전략 공개,카카오가 경쟁사 전략·리스크·AI/플랫폼 대응을 비교 참고할 이슈,4,4,5,로컬 보조 라벨 / v26.2: overseas structural industry candidate,로컬 보조 라벨 / v26.2: overseas structural industry candidate,issue_selected,네이버,경쟁사/해외이슈,경쟁사_해외이슈,경쟁사_해외이슈,경쟁사_해외이슈,경쟁사/해외이슈,10,본문추출성공,pass:competitor_guardrail_pass,pass:representative_aligned,11,"네이버, '2025 통합보고서' 발간…AI 시대 성장 전략 공개 비즈니스 시너지·임팩트 창출·기술 신뢰성 3대 축 중심 공개 이상현기자 네이버가 지난해 사업 성과와 ESG 성과, 미래 성장 방향성을 담은 '2025 통합보고서'를 발간했다고 25일 밝혔다. 통합보고서는 비즈니스 시너지, 임팩트 창출, 기술 신뢰성 등 세 가지 축으로 구성됐다.",경쟁사_해외이슈,"네이버, '2025 통합보고서' 발간…AI 시대 성장 전략 공개",https://news.mtn.co.kr/news-detail/2026062517572493225,MTN 머니투데이방송,CEO_Morning_Briefing,CEO_Morning_Briefing,11,,,,,
경쟁사_해외이슈,경쟁사/해외이슈,구글,"SK텔레콤, 구글과 5G 통신 인프라 협력 강화",아이뉴스24,아이뉴스24,"Thu, 25 Jun 2026 08:24:28 GMT","Thu, 25 Jun 2026 08:24:28 GMT","SK텔레콤, 구글과 5G 통신 인프라 협력 강화 아이뉴스24",,0,critical_without_body,0.0,v39_title_link_only:selected_competitor_issue,6.5,False,,https://news.google.com/rss/articles/CBMiS0FVX3lxTE1HVFJwVTJnbUw4OUh5R1lhVFhtVXpocXk2bEJWZHlHbkZQcG83SU5Ud2lBaDlKdDZpd1BhUS1QM3VpcXYzS1l6dko0MA?oc=5,https://mobile.inews24.com/v/946523,300.0,,,,not_checked_bodyless,not_checked_bodyless,0,-5.0,,,,,,,,,ok,http_200,,I046,comp_domestic_strategy:sk텔레콤 구글과 5g 통신 인프라 협력 강화,comp_domestic_strategy,COMPETITOR_AI_STRATEGY,,,,,,경쟁사_해외이슈,COMPETITOR_AI_STRATEGY,comp_domestic_strategy,comp_domestic_strategy:sk텔레콤 구글과 5g 통신 인프라 협력 강화,comp_domestic_strategy:sk텔레콤 구글과 5g 통신 인프라 협력 강화,카카오가 경쟁사 전략·리스크·AI/플랫폼 대응을 비교 참고할 이슈,4,4,5,로컬 보조 라벨 / v26.2: overseas structural industry candidate,로컬 보조 라벨 / v26.2: overseas structural industry candidate,v39_title_link_only,,,,,경쟁사_해외이슈,경쟁사/해외이슈,11,본문추출실패_대체없음_제목링크만,v39_bodyless_pass:competitor_guardrail_pass,,12,,경쟁사_해외이슈,"SK텔레콤, 구글과 5G 통신 인프라 협력 강화",https://mobile.inews24.com/v/946523,아이뉴스24,CEO_Morning_Briefing,CEO_Morning_Briefing,12,,,v39_title_link_only:selected_competitor_issue,selected_competitor_issue,
경쟁사_해외이슈,경쟁사/해외이슈,KT,"[비즈톡톡] 다시 품고 싶은 KT, 비싸게 팔고 싶은 투자자…KT클라우드 재합병의 딜레마",네이트,네이트,"Fri, 26 Jun 2026 08:08:00 GMT","Fri, 26 Jun 2026 08:08:00 GMT","[비즈톡톡] 다시 품고 싶은 KT, 비싸게 팔고 싶은 투자자…KT클라우드 재합병의 딜레마 네이트","KT “AX 경쟁력 강화 방안 검토 중” KT클라우드 재합병 가능성 열어둬 2023년 6000억원 투자한 FI, 회수 방식·가격이 핵심 변수로 합병가액 따라 주주 반발 가능성 현금 인수 땐 재무 부담, 주식 교환 땐 지분 희석 우려 불가피 KT클라우드 재합병 가능성 열어둬 2023년 6000억원 투자한 FI, 회수 방식·가격이 핵심 변수로 합병가액 따라 주주 반발 가능성 현금 인수 땐 재무 부담, 주식 교환 땐 지분 희석 우려 불가피 그래픽=챗GPT 달리 ◇ “결정된 건 없다”지만… 재합병 가능성 열어둔 KT 26일 업계에 따르면 KT는 종속회사 KT클라우드와의 합병 가능성을 포함해 AX(AI 전환) 사업 경쟁력 강화를 위한 다양한 방안을 검토하고 있습니다. KT는 이날 한국거래소의 조회공시 요구에 대해 “AX 사업 경쟁력 강화를 위해 다양한 방안을 검토 중이나, 현재까지 구체적으로 결정된 사항은 없다”고 공시했습니다. 이번 공시는 KT클라우드 재합병설이 시장에 확산된 데 따른 답변입니다. KT가 공식적으로는 “결정된 사항은 없다”고 선을 그었지만, AX 경쟁력 강화를 위한 다양한 방안을 검토 중이라고 밝힌 만큼 재합병 가능성은 여전히 시장의 관심사로 남게 됐습니다. KT가 KT클라우드를 다시 들여다보는 배경에는 AI 인프라 경쟁이 있습니다. AI 사업은 더 이상 모델이나 서비스만의 경쟁이 아닙니다. 대규모 데이터를 저장하고 처리할 데이터센터, 이를 안정적으로 운영할 클라우드, 기업 고객에게 연결할 통신망과 보안 역량이 함께 움직여야 합니다. KT가 마이크로소프트(MS)와 한국형 AI 모델, 클라우드, AX 서비스 분야 협력을 확대하고 있다는 점도 이런 관측에 힘을 싣고 있습니다. ◇ AI 시대엔 통신망·클라우드·데이터센터가 한 몸 KT클라우드 재합병의 산업적 명분은 뚜렷합니다. 기업 고객이 AI 서비스를 도입하려면 단순히 클라우드 서버만 필요한 것이 아닙니다. 데이터를 옮길 네트워크, 데이터를 저장할 데이터센터, 서비스를 운영할 클라우드, 외부 공격과 장애에 대응할 보안 체계가 함께 필요합니다. 특히 공공·금융 등 보안과 안정성이 중요한 고객이나 대규모 AX 구축 수요에서는 이 모든 서비스를 통합적으로 제공받는 편이 효율적일 수 있습니다. 이 때문에 통신사들은 AI 시대에 인프라 기업으로서의 정체성을 다시 강조하고 있습니다. 과거 통신사의 핵심 자산이 유무선 가입자와 망이었다면, 지금은 데이터센터와 클라우드, AI 운영 역량까지 묶어 기업 고객을 붙잡아야 합니다. KT 입장에서도 KT클라우드가 독립 법인으로 움직이는 것보다 본사 전략 안에서 움직이는 편이 의사결정과 사업 시너지 측면에서 유리하다고 판단할 수 있습니다. 특히 KT클라우드는 KT그룹의 AI 전략에서 중요한 축입니다. AI 데이터센터 수요가 늘고 공공·금융·기업 클라우드 시장이 확대되는 상황에서 KT클라우드의 전략적 가치는 분사 당시보다 더 커졌습니다. 재합병설이 반복적으로 나오는 것도 이 때문입니다. AI 사업을 키우려는 KT 입장에서는 클라우드와 데이터센터를 다시 그룹 핵심 자산으로 끌어안고 싶을 수밖에 없습니다. ◇ AI 명분은 충분하지만… 재합병 가를 변수는 ‘가격표’ 문제는 산업 논리가 아니라 자본시장 논리입니다. KT클라우드는 이미 KT만의 회사가 아닙니다. KT클라우드는 2023년 IMM크레딧앤솔루션으로부터 6000억원 규모 투자를 유치했습니다. 당시 인정받은 기업가치는 약 4조6000억원 수준이었습니다. KT는 클라우드와 데이터센터 사업의 성장성을 더 높게 평가받기 위해 회사를 분리했고, 투자자는 그 성장성에 돈을 베팅했습니다. 이 지점에서 재합병의 난제가 생깁니다. FI는 기업을 키운 뒤 기업공개(IPO)나 지분 매각을 통해 투자금을 회수하는 것이 목적입니다. 그런데 KT클라우드가 KT에 다시 흡수되면 독립 법인으로서의 단독 IPO 경로는 사실상 사라집니다. 투자자 입장에서는 투자 당시 기대했던 회수 시나리오가 달라지는 셈입니다. KT가 재합병을 추진하려면 FI가 보유한 보통주·우선주 처리 방식, 합병대가 산정, 현금 지급 여부, KT 신주 발행 여부 등을 포함한 엑시트 구조를 설계해야 합니다. 문제는 가격입니다. KT클라우드는 분사 이후 몸값이 더 올라갈 수 있는 흐름을 보여왔습니다. KT클라우드의 2022년 매출은 법인 기준 4304억원이었고, 분사 전 2022년 1분기 사업부 실적까지 포함한 연간 비교 기준으로는 약 5500억원 수준이었습니다. 2025년 매출은 9975억원으로 1조원에 육박했습니다. 분사 이후 3년 만에 매출 규모가 80% 넘게 커진 셈입니다. AI 데이터센터 수요 확대와 공공 클라우드 사업 성장도 이어지고 있습니다. FI 입장에서는 “회사가 더 커졌는데 왜 예전 가격에 팔아야 하느냐”고 판단할 수 있습니다. 그렇다고 KT가 지나치게 높은 가격을 제시하면 기존 주주들의 반발을 피하기 어렵습니다. 현금으로 FI 지분을 정리하면 재무 부담이 커지고, KT 신주를 발행해 합병대가를 지급하면 기존 주주의 지분 희석 우려가 제기될 수 있습니다. KT 주주들은 “왜 분리했던 회사를 더 비싼 가격에 다시 사와야 하느냐”고 물을 수 있습니다. 통신업계 관계자는 “합병 비율, 우선주 처리 방식, 현금 유출 규모, 주식 교환 여부는 모두 주가에 영향을 줄 수 있는 민감한 변수”라고 했습니다. 결국 KT클라우드 재합병의 핵심은 AI 명분 자체보다 이를 실행할 가격과 엑시트 구조입니다. 통신망과 클라우드, 데이터센터를 통합해야 한다는 산업 논리에는 상당한 공감대가 있습니다. 그러나 FI가 기대하는 투자 회수와 KT 기존 주주가 받아들일 수 있는 합병대가 사이의 간극을 좁히는 일은 별개의 문제입니다. KT는 AI 전략을 완성해야 하고, FI는 투자 수익을 원하며, 기존 주주는 가치 훼손을 원하지 않습니다. AI 인프라는 하나로 묶을 수 있을지 몰라도, 투자자들의 계산기까지 하나로 맞추는 일은 훨씬 어려워 보입니다. 조선비즈 핫 뉴스 Best -",2917,trafilatura,70.0,good,91.5,True,False,https://news.google.com/rss/articles/CBMiYEFVX3lxTE9NY2M1MExvOERTMnpCRlkySEZDV3A0UzlQNVJRRHJvYjBkZEF5WXdzZHVnRW5TR2ZJQTBNRnl4NXctQVpZamNNaXc1bllaYkpieEF0ZnpLM1ExdzQ3NHh0LQ?oc=5,https://news.nate.com/view/20260626n25420?mid=n0100,217.0,"ai_infrastructure_security,aidc_datacenter,financial_performance,phishing_security,policy_legislation,privacy_security_reliability,strategy_mna_governance",aidc_general,2026-06-26,url_date,original_date_recent,2,175.05,,0.0,global_incident:digital_asset_policy:openai:digital_asset_policy:executive_or_org_change,global_incident:digital_asset_policy:openai:digital_asset_policy,0.0,,,,ok,http_200,body_valid,I052,global_incident:mna_capital:kt:mna_capital,comp_domestic_ai_platform,COMPETITOR_AI_STRATEGY,591.0,,,COMP_DOMESTIC_AI_PLATFORM,domestic,경쟁사_해외이슈,COMPETITOR_AI_STRATEGY,comp_domestic_ai_platform,global_incident:mna_capital:kt:mna_capital,global_incident:mna_capital:kt:mna_capital,카카오가 경쟁사 전략·리스크·AI/플랫폼 대응을 비교 참고할 이슈,4,4,5,로컬 보조 라벨 / v26.2: overseas structural industry candidate,로컬 보조 라벨 / v26.2: overseas structural industry candidate,issue_selected,KT,경쟁사/해외이슈,경쟁사_해외이슈,경쟁사_해외이슈,경쟁사_해외이슈,경쟁사/해외이슈,13,본문추출성공,pass:competitor_guardrail_pass,pass:representative_aligned,13,"KT “AX 경쟁력 강화 방안 검토 중” KT클라우드 재합병 가능성 열어둬 2023년 6000억원 투자한 FI, 회수 방식·가격이 핵심 변수로 합병가액 따라 주주 반발 가능성 현금 인수 땐 재무 부담, 주식 교환 땐 지분 희석 우려 불가피 KT클라우드 재합병 가능성 열어둬 2023년 6000억원 투자한 FI, 회수 방식·가격이 핵심 변수로 합병가액 따라 주주 반발 가능성 현금 인수 땐 재무 부담, 주식 교환 땐 지분 희석 우려 불가피 그래픽=챗GPT 달리 ◇ “결정된 건 없다”지만… 재합병 가능성 열어둔 KT 26일 업계에 따르면 KT는 종속회사 KT클라우드와의 합병 가능성을 포함해 AX(AI 전환) 사업 경쟁력 강화를 위한 다양한 방안을 검토하고 있습니다.",경쟁사_해외이슈,"[비즈톡톡] 다시 품고 싶은 KT, 비싸게 팔고 싶은 투자자…KT클라우드 재합병의 딜레마",https://news.nate.com/view/20260626n25420?mid=n0100,네이트,CEO_Morning_Briefing,CEO_Morning_Briefing,13,,,,,
산업동향,산업동향,구글,"인기협, '구글 앱 통행세 확대, 콘텐츠 산업 영향 공개'",아이뉴스24,아이뉴스24,"Thu, 25 Jun 2026 08:33:45 GMT","Thu, 25 Jun 2026 08:33:45 GMT","인기협, '구글 앱 통행세 확대, 콘텐츠 산업 영향 공개' 아이뉴스24",,0,critical_without_body,0.0,v39_title_link_only:v29_title_only_allowed,46.5,False,,https://news.google.com/rss/articles/CBMiTEFVX3lxTE1NNDJXdmlFQU0zVjlmVGlJSi02Mkw2OXVUZjhfQ1gyUjdDN0tRU29fZVc3VWQzS2p1SlhHWmtQZ3g0OGdLQmg5VDVGaWM?oc=5,https://mobile.inews24.com/v/1317104,149.5,,,,not_checked_bodyless,not_checked_bodyless,0,-5.0,,,,,,,,,ok,http_200,,I130,global_incident:platform_regulation:google:platform_content_moderation_obligation,comp_overseas_regulation_data,COMPETITOR_PLATFORM_RISK,,,,,,산업동향,COMPETITOR_PLATFORM_RISK,comp_overseas_regulation_data,global_incident:platform_regulation:google:platform_content_moderation_obligation,global_incident:platform_regulation:google:platform_content_moderation_obligation,카카오가 경쟁사 전략·리스크·AI/플랫폼 대응을 비교 참고할 이슈,4,3,4,로컬 보조 라벨 / v26.2: overseas structural industry candidate,로컬 보조 라벨 / v26.2: overseas structural industry candidate,v39_title_link_only,,,,,산업동향,산업동향,6,본문추출실패_대체없음_제목링크만,v39_bodyless_pass:v26_2_structural_industry_pass,,14,,산업동향,"인기협, '구글 앱 통행세 확대, 콘텐츠 산업 영향 공개'",https://mobile.inews24.com/v/1317104,아이뉴스24,CEO_Morning_Briefing,CEO_Morning_Briefing,14,,,v39_title_link_only:v29_title_only_allowed,v29_title_only_allowed,
