issue_id,issue_group,issue_family,internal_category,primary_category,self_tier,gov_tier,competitor_tier,competitor_scope,issue_score,max_ceo_priority,max_pa_priority,max_relevance,article_count,top_article_id,candidate_article_ids,titles,sources,company_impact,label_reasons,is_pr,exclude,v26_max_todayness,v26_article_forms,v26_event_key,v26_2_roundup,v26_2_gov_ok,v26_2_gov_reason,v26_2_market_stock,v26_2_industry_structural,v27_event_key,v27_industry_ok,v27_industry_reason,v27_industry_score
I001,국가 AI 인프라/AIDC/GPU 정책,AI 전환 지원 및 클라우드 전략,COMPETITOR_AI_STRATEGY,경쟁사_해외이슈,STRATEGIC_REFERENCE,GOV_AI_CORE_POLICY,COMP_DOMESTIC_AI_PLATFORM,domestic,703.0,4,4,5,36,2922,"2922,2930,3698,3746,2955,3812,2865,2940,2914,2924","KT, 스타트업 AX 혁신 전략 제시…AWS·데이터브릭스와 협력 | KT, 경기 스타트업 AX 지원 나선다…AI·클라우드 혁신 전략 공유 | “미국 내 AI 데이터센터 반대”... 알고보니 중국에서 챗GPT로 만든 여론 조작 게시물 | OpenAI, 엔비디아 지원을 받아 오하이오주에 10GW 규모 AI 데이터센터 구축 추진… 역사적인 인프라 확충 계획 | 지금이 골든타임…SKT·KT·LGU+, AI 데이터센터 '올인'",파이낸셜뉴스 | 인사이트코리아 | 보안뉴스 | Cryptopolitan | v.daum.net,카카오가 경쟁사 전략·리스크·AI/플랫폼 대응을 비교 참고할 이슈 / 카카오 현직자가 사업 방향과 외부 질의 가능성을 참고할 실질 변화 / KT가 MS와의 협력을 통해 AI 시장에서 돌파구를 모색하는 것은 카카오의 AI 전략 및 파트너십 구축에 시사하는 바가 큼. 이통 3사의 글로벌 AI 동맹 격돌 구도는 국내 AI 생태계의 경쟁 환경을 이해하는 데 중요함. / KT가 경기권 스타트업의 AI 전환(AX)을 지원하며 AI·클라우드 활용 전략을 공유하는 것은 카카오의 B2B AI 서비스 및 클라우드 사업 전략에 대한 경쟁 환경을 이해하는 데 중요함. 파트너십을 통한 생태,"로컬 보조 라벨 / 로컬 보조 라벨 / v26.2: overseas structural industry candidate / v26: 카카오 직접 주체가 없어 자사 섹션 제외/재분류 / v26.2: overseas structural industry candidate / KT가 MS와 협력하여 AI 시장을 공략하는 것은 국내 AI 시장의 경쟁 환경 변화를 보여주며, 카카오의 AI 전략 수립에 참고할 만한 사례임. / KT의 스타트업 AI 전환 지원은 국내 B2B AI 및 클라우드 시장의 경쟁 환경 변화를 보여주며, 카카오의 관련 사업 전략 수립에 참고할 만한 가치가 있음. / KT의 AI 전환 및 5G 기반 사업 확장은 국내 통신 및 I",False,False,29.0,"business_change,direct_risk,market_commentary",event:KT:ai_infrastructure_security+policy_legislation,False,False,no_public_actor_action_domain,False,True,,True,"industry_basis_pass:actor=True,change=True,bridge=True",3
I002,쿠팡 개인정보 유출 및 과징금 부과,개인정보 유출 및 제재,COMPETITOR_PLATFORM_RISK,경쟁사_해외이슈,DIRECT_RISK,GOV_DIRECT_PLATFORM_OBLIGATION,COMP_DOMESTIC_DIRECT_RISK,domestic,698.0,2,2,5,19,3600,"3600,2655,2991,2704,2775,2689,2744,2653,2965,2824","[속보]개인정보위, 쿠팡에 과징금 6247억원…""3750만명 개인정보 유출"" - 머니투데이 | [속보] 개인정보위, 쿠팡에 과징금 6249억…역대 최고 | 쿠팡에 ‘6246억’ 과징금 철퇴 개인정보위… “쿠팡 한국법인 매출 기준 산정, 해외 기업 여부 고려 안해” - 조선비즈 | 쿠팡, 개보위 6246억원 과징금에 “법적 절차로 사실관계 규명 기대” | '개인정보 유출' 쿠팡, 과징금 6246억… SKT보다 5배 높은 수준",머니투데이 | 네이트 | Chosunbiz | 전자신문 | v.daum.net,"국내 주요 플랫폼 사업자로서 개인정보 보호 및 보안 강화 필요성을 인지하고, 경쟁사의 과징금 부과 사례를 통해 관련 규제 동향 및 사업 리스크를 파악해야 함. / 개인정보보호위원회의 쿠팡 과징금 산정 기준(국내 법인 매출 기준)은 국내 플랫폼 사업자에게 적용되는 법적 책임을 명확히 함. 이는 카카오의 법규 준수 및 리스크 관리 전략 수립에 중요한 참고가 됨. / 카카오 서비스의 개인정보 보호 및 보안 관리 현황을 점검하고, 경쟁사의 대규모 정보 유출 및 과징금 부과 사례를 통해 잠재적 위험 요소를 파악하여 사전 예방 조치를 강화해야 함.","쿠팡의 대규모 개인정보 유출 및 역대 최대 규모의 과징금 부과 사례는 카카오에게 직접적인 리스크는 아니지만, 유사한 플랫폼 사업자로서 보안 강화의 필요성을 일깨우고 관련 규제 동향을 파악하는 데 중요한 참고 자료가 됨. / 개인정보보호위원회가 쿠팡 과징금 산정 기준을 명확히 밝힌 것은 국내 플랫폼 사업자의 법적 책임 범위를 이해하는 데 중요하며, 카카오의 컴플라이언스 전략에 참고가 됨. / 쿠팡의 개인정보 유출 및 과징금 부과는 카카오의 직접적인 리스크는 아니지만, 경쟁사의 심각한 보안 사고 사례로서 카카오의 자체 보안 강화 및 위험 관리의 필요성을 강조하는 중요한 정보임.",False,False,29.0,official_action,v27:platform_enforcement:coupang:privacy_data_violation,False,True,platform_obligation,False,True,platform_enforcement:coupang:privacy_data_violation,True,"industry_basis_pass:actor=True,change=True,bridge=True",3
I003,comp_domestic_ai_platform:네이버 ai팩토리 가동땐 연 20조 신규매출 한국주식 원포인트 레슨,comp_domestic_ai_platform,COMPETITOR_AI_STRATEGY,경쟁사_해외이슈,,,COMP_DOMESTIC_AI_PLATFORM,domestic,668.0,4,4,5,2,2717,"2717,2602","네이버, AI팩토리 가동땐 연 20조 신규매출 [한국주식 원포인트 레슨] | 네이버, AI팩토리 가동땐 연 20조 신규매출 [한국주식 원포인트 레슨]",매일경제 | 네이트,카카오가 경쟁사 전략·리스크·AI/플랫폼 대응을 비교 참고할 이슈,로컬 보조 라벨 / v26.2: overseas structural industry candidate,False,False,24.0,business_change,event:네이버:ai_infrastructure_security+financial_performance,False,False,no_public_actor_action_domain,False,True,,True,"industry_basis_pass:actor=True,change=True,bridge=True",3
I004,global_incident:platform_regulation:naver:platform_regulation,comp_domestic_finance_commerce,COMPETITOR_PLATFORM_RISK,경쟁사_해외이슈,,GOV_REGULATORY_ENFORCEMENT,COMP_DOMESTIC_FINANCE_COMMERCE,domestic,632.0,4,5,4,11,1752,"1752,1764,1750,2064,2077,1694,1712,2075,1794,2092","금감원·네이버페이, 벤처기업 투자 연결 플랫폼 7월 출범 | 금감원·네이버페이, 벤처 투자 살릴 '모험자본 플랫폼' 7월 출범 | 금감원·네이버페이, '모험자본 플랫폼' 7월 출범…벤처투자 정보 비대칭 해소 나선다 | 금감원·네이버페이, 벤처기업 투자 연결 플랫폼 7월 출범 | 벤처·투자자 한곳에 모은다…금감원·네이버페이 '모험자본 플랫폼' 7월 출범",한국경제TV | 네이트 | 네이트 | 네이트 | 네이트,카카오 플랫폼·AI·대관 대응 경로에 영향을 줄 수 있는 정책/감독 이슈,로컬 보조 라벨 / v26.2: overseas structural industry candidate,False,False,24.0,general,global_incident:platform_regulation:naver:platform_regulation,False,True,public_actor_official_action,False,True,,True,"industry_basis_pass:actor=True,change=True,bridge=True",3
I005,self_strategic_reference:네이버 ai팩토리 가동땐 연 20조 신규매출 한국주식 원포인트 레슨,self_strategic_reference,SELF_AFFILIATE_BUSINESS,경쟁사_해외이슈,OFF_TOPIC,,COMP_DOMESTIC_AI_PLATFORM,domestic,606.5,4,2,4,1,2538,2538,"네이버, AI팩토리 가동땐 연 20조 신규매출 [한국주식 원포인트 레슨]",v.daum.net,카카오 현직자가 사업 방향과 외부 질의 가능성을 참고할 실질 변화,v26: 카카오 직접 주체가 없어 자사 섹션 제외/재분류 / v26.2: overseas structural industry candidate,False,False,24.0,business_change,event:네이버:ai_infrastructure_security+financial_performance,False,False,no_public_actor_action_domain,False,True,,True,"industry_basis_pass:actor=True,change=True,bridge=True",3
I006,global_incident:platform_enforcement:coupang:privacy_data_violation,comp_domestic_direct_risk,COMPETITOR_PLATFORM_RISK,경쟁사_해외이슈,,OFF_TOPIC,COMP_DOMESTIC_DIRECT_RISK,mixed,595.0,5,5,5,17,3601,"3601,3958,3937,3934,3593,3936,3720,3743,3940,3933","쿠팡 과징금 6247억원…개인정보위 ""3750만명 개인정보 유출"" - 머니투데이 | 쿠팡 역대 최대 과징금…개인정보 제재 '새 셈법' | 쿠팡 역대 최대 과징금…개인정보 제재 '새 셈법' | 쿠팡 6246억 과징금 폭탄…개인정보 제재 '역대급' 논란 | ""정보유출 과징금 바로미터"" 기업들, 쿠팡 처분 촉각 - 머니투데이",머니투데이 | 아이뉴스24 | 네이트 | 네이트 | 머니투데이,카카오 또는 주요 플랫폼 사업자에게 직접 의무·차단·보고·준수 부담이 생김 / 카카오가 경쟁사 전략·리스크·AI/플랫폼 대응을 비교 참고할 이슈,로컬 보조 라벨 / v26.2: no central Korean public actor/action for Government section: no_public_actor_action_domain / v26.2: overseas structural industry candidate / 로컬 보조 라벨 / v26.2: overseas structural industry candidate,False,False,24.0,official_action,v27:platform_enforcement:coupang:privacy_data_violation,False,True,platform_obligation,False,True,platform_enforcement:coupang:privacy_data_violation,True,"industry_basis_pass:actor=True,change=False,bridge=True",2
I007,global_incident:platform_regulation:naver:platform_operator_obligation,comp_domestic_ai_platform,COMPETITOR_AI_STRATEGY,경쟁사_해외이슈,,,COMP_DOMESTIC_AI_PLATFORM,domestic,589.5,4,4,5,1,2542,2542,"네이버클라우드, 국방 AI 실전 적용 방안 공개",뉴스핌,카카오가 경쟁사 전략·리스크·AI/플랫폼 대응을 비교 참고할 이슈,로컬 보조 라벨 / v26.2: overseas structural industry candidate,False,False,24.0,business_change,global_incident:platform_regulation:naver:platform_operator_obligation,False,False,no_public_actor_action_domain,False,True,,True,"industry_basis_pass:actor=True,change=True,bridge=True",3
I008,쿠팡 개인정보 유출 과징금,개인정보 유출 제재,COMPETITOR_PLATFORM_RISK,경쟁사_해외이슈,OFF_TOPIC,GOV_DIRECT_PLATFORM_OBLIGATION,COMP_DOMESTIC_DIRECT_RISK,domestic,582.0,1,1,1,6,2776,"2776,2802,3246,2828,2838,2781","쿠팡, 개인정보위 과징금 6246억…SKT 넘은 역대 최대 제재 | '개인정보 유출' 쿠팡, 6247억 과징금…SKT 넘어 역대 최대 | ‘정보 유출’ 쿠팡 6247억 과징금 철퇴…SK텔레콤 4배 | 쿠팡 개인정보 유출 6246억 역대급 철퇴...SKT 3배·메타 7배 과징금에 형평성 논란 예고 | [Epic Why] 쿠팡 과징금, 왜 SKT 보다 4.6배 많았나",전자신문 | 뉴스1 | 매일경제 | 테크M | 글로벌에픽,"쿠팡에 대한 개인정보위 과징금 6246억 원은 SKT를 넘어 역대 최대 제재임. / 쿠팡에 대한 개인정보 유출 관련 역대 최대 과징금 부과는 플랫폼 사업자들의 개인정보 보호 및 보안 강화 노력의 중요성을 강조함. / 쿠팡에 대한 6247억 원 과징금 부과는 개인정보 유출 관련 역대 최대 규모이며, SK텔레콤의 4배에 달하는 금액임. / 쿠팡에 대한 개인정보 유출 관련 역대 최대 과징금 부과는 플랫폼 사업자들의 개인정보 보호 및 보안 강화 노력의 중요성을 보여줌. / 쿠팡에 대한 과징금 규모 산정 기준과 형평성 논란은 개인정보 보호 관련 법규 해석 및 집행에 대한 주목",로컬 보조 라벨 / 로컬 보조 라벨 / v26.2: overseas structural industry candidate / v26: 카카오 직접 주체가 없어 자사 섹션 제외/재분류 / v26.2: overseas structural industry candidate,False,False,29.0,official_action,v27:platform_enforcement:coupang:privacy_data_violation,False,True,platform_obligation,False,True,platform_enforcement:coupang:privacy_data_violation,True,"industry_basis_pass:actor=True,change=False,bridge=True",2
I009,네이버-엔비디아 AI 협력,AI 경쟁력,COMPETITOR_AI_STRATEGY,경쟁사_해외이슈,STRATEGIC_REFERENCE,,COMP_DOMESTIC_AI_PLATFORM,domestic,568.0,1,4,1,2,2545,"2545,962",엔비디아 손잡은 네이버…젠슨 황 떠나자 주가 ‘휘청’ | 엔비디아가 선택한 네이버…AI 시대 카카오는 왜 밀렸나,JTBC | kmjournal.net,"네이버가 엔비디아와 협력한 후 주가 상승을 기록했으나, 젠슨 황 방한 이후 주가가 휘청였다는 점은 AI 관련 투자 및 협력의 변동성을 보여줌. / 네이버가 엔비디아와 AI 인프라 구축 협력을 강화하며 AI 경쟁에서 우위를 점하려는 움직임은 카카오의 AI 전략에 직접적인 영향을 미침.",로컬 보조 라벨 / v26.2: overseas structural industry candidate / 로컬 보조 라벨,False,False,24.0,"business_change,market_commentary",event:네이버:ai_infrastructure_security+financial_performance,False,False,no_public_actor_action_domain,False,True,,True,"industry_basis_pass:actor=True,change=False,bridge=True",2
I010,네이버 AI 1784,AI 기술 및 인프라,COMPETITOR_AI_STRATEGY,경쟁사_해외이슈,,,COMP_DOMESTIC_AI_PLATFORM,domestic,554.0,1,4,1,2,2596,"2596,2604",젠슨황·오픈AI에 앤트로픽도 '네이버 AI' 찾는다…16일 개발자 회동 | [AI 이슈] 젠슨 황·샘 올트먼 이어…앤트로픽까지 찾는 ‘네이버 1784’의 위상,뉴스1 | AI라이프경제,"젠슨 황, 샘 올트먼에 이어 앤트로픽까지 네이버의 AI 개발 거점인 '1784'를 찾는다는 것은 네이버의 AI 경쟁력과 인프라에 대한 글로벌 관심이 높음을 보여줌. / 글로벌 AI 리더들이 네이버의 AI 개발 거점인 '1784'를 찾는다는 것은 네이버의 AI 인프라와 기술력이 국제적으로 인정받고 있음을 의미함.",로컬 보조 라벨 / v26.2: overseas structural industry candidate,False,False,24.0,business_change,global_incident:ai_security_policy:naver:anthropic_glasswing_security,False,False,no_public_actor_action_domain,False,True,,True,"industry_basis_pass:actor=True,change=True,bridge=True",3
I011,global_incident:mna_capital:kakao:dunamu_upbit_capital,self_governance_mna,SELF_DIRECT_RISK,자사_및_계열사_이슈,DIRECT_RISK,,COMP_DOMESTIC_STRATEGY,domestic,552.8,5,5,5,1,318,318,카카오 지우고 네이버 품으로…두나무 지분구조 '3단 변신',뉴스저널리즘,카카오 또는 계열사에 직접 발생한 외부 대응 필요 이슈,로컬 보조 라벨 / v26: 오늘 새 직접 사건·진전,False,False,14.0,direct_risk,global_incident:mna_capital:kakao:dunamu_upbit_capital,False,False,no_public_actor_action_domain,False,True,,True,"industry_basis_pass:actor=True,change=False,bridge=True",2
I012,네이버와 엔비디아의 협력,AI 기술 협력 및 플랫폼 전략,COMPETITOR_PLATFORM_RISK,경쟁사_해외이슈,,,COMP_DOMESTIC_STRATEGY,domestic,546.5,2,2,4,1,2643,2643,"네이버, 엔비디아와 협력으로 '아시아판 코어위브' 꿈꾼다 |",연합인포맥스,네이버가 엔비디아와 협력하여 AI 플랫폼 구축에 나서는 것은 카카오의 AI 인프라 및 기술 개발 전략에 대한 경쟁 환경 변화를 시사함. '아시아판 코어위브' 구상은 국내 AI 생태계의 중요한 움직임임.,"네이버와 엔비디아의 협력은 국내 AI 기술 생태계의 경쟁 환경을 보여주는 중요한 사례로, 카카오의 AI 인프라 및 기술 전략 수립에 참고할 가치가 있음.",False,False,14.0,general,,False,False,no_public_actor_action_domain,False,True,,True,"industry_basis_pass:actor=True,change=False,bridge=True",2
I013,global_incident:platform_regulation:coupang:coupang_designation_disclosure,comp_domestic_direct_risk,COMPETITOR_PLATFORM_RISK,경쟁사_해외이슈,OFF_TOPIC,,COMP_DOMESTIC_DIRECT_RISK,mixed,546.0,4,4,5,4,3845,"3845,3862,3030,3104","'6246억' 세계 최대 과징금 맞은 쿠팡...5억명 유출 메타의 1.6배 - 머니투데이 | '6246억' 세계 최대 과징금 맞은 쿠팡…5억명 유출 메타의 1.6배 | 역대 최대 과징금 맞은 쿠팡, 글로벌 사업 제동 촉각 | 쿠팡 과징금 '형평성 논란'…""글로벌 사례보다 과도""",머니투데이 | 네이트 | 딜사이트 | v.daum.net,카카오가 경쟁사 전략·리스크·AI/플랫폼 대응을 비교 참고할 이슈 / 카카오 또는 계열사에 직접 발생한 외부 대응 필요 이슈,로컬 보조 라벨 / v26.2: overseas structural industry candidate / v26: 카카오 직접 주체가 없어 자사 섹션 제외/재분류 / v26.2: overseas structural industry candidate,False,False,24.0,official_action,privacy_security:coupang:data_leak,False,False,no_public_actor_action_domain,False,True,,True,"industry_basis_pass:actor=True,change=False,bridge=True",2
I014,SKT-앤트로픽 투자,AI 투자 및 파트너십,COMPETITOR_PLATFORM_RISK,경쟁사_해외이슈,,,COMP_DOMESTIC_STRATEGY,domestic,536.5,1,4,1,1,4298,4298,"SKT, 앤트로픽 추가 투자… “상장 차익보다 협력 관계 이어갈 것” - 조선비즈",Chosunbiz,SKT의 앤트로픽 추가 투자는 AI 분야에서의 전략적 파트너십 강화 움직임을 보여줌.,로컬 보조 라벨 / v26.2: overseas structural industry candidate,False,False,14.0,direct_risk,global_incident:ai_security_policy:skt:anthropic_glasswing_security,False,False,no_public_actor_action_domain,False,True,,True,"industry_basis_pass:actor=True,change=True,bridge=True",3
I015,네이버클라우드의 국방 AI 사업 전략,AI 플랫폼 및 국방 AI 전략,COMPETITOR_AI_STRATEGY,경쟁사_해외이슈,,,COMP_DOMESTIC_AI_PLATFORM,domestic,535.0,2,2,4,6,2697,"2697,2710,2536,2623,2565,2524","네이버클라우드, 국방 AX 세미나서 옴니모달·FDE 기반 실전형 국방 AI 구현 방안 공개 | 네이버클라우드, 국방 AX 세미나 개최…실전형 AI 전력화 방안 제시 | 네이버클라우드 “국방 AI는 전장에서 증명돼야”…옴니모달·FDE 기반 AX 전략 공개 | 네이버클라우드, 소버린 AI로 국방 AX 가속…전장형 AI 전략 공개 | 네이버클라우드, 국방 AX 세미나서 옴니모달·FDE 기반 실전형 국방 AI 구현 방안 공개",전자신문 | 이데일리 | 테크월드 | 인더뉴스 | 인공지능신문,네이버클라우드가 국방 AI 세미나에서 옴니모달·FDE 기반 실전형 국방 AI 구현 방안을 공개한 것은 카카오의 AI 기술 개발 및 사업 확장 전략에 대한 경쟁 구도를 파악하는 데 중요함. 특히 군사 분야에서의 AI 활용은 새로운 시장 기회를 제시할 수 있음. / 네이버클라우드가 국방 AX 세미나를 개최하여 실전형 AI 전력화 방안을 제시한 것은 카카오의 AI 기술 개발 및 사업 확장 전략에 대한 경쟁 구도를 파악하는 데 중요함. 특히 군사 분야에서의 AI 활용은 새로운 시장 기회를 제시할 수 있음. / 네이버클라우드가 국방 AI 분야에서 '소버린 AI' 및 '옴니모달,"네이버클라우드의 국방 AI 사업 전략 발표는 AI 기술의 적용 범위를 넓히는 중요한 사례이며, 카카오의 AI 사업 확장 전략 수립에 참고할 만한 가치가 있음.",False,False,24.0,"business_change,general",event:네이버:ai_infrastructure_security+policy_legislation,False,False,no_public_actor_action_domain,False,True,,True,"industry_basis_pass:actor=True,change=True,bridge=True",3
I016,플랫폼 불법촬영 이미지 차단 의무 확대,플랫폼 콘텐츠 규제,COMPETITOR_AI_STRATEGY,경쟁사_해외이슈,RESPONSE_RELEVANT,GOV_DIRECT_PLATFORM_OBLIGATION,COMP_DOMESTIC_STRATEGY,mixed,528.0,2,2,2,6,3486,"3486,1192,2535,2668,3510,1199","7월부터 ‘불법촬영 이미지’도 차단 의무⋯구글·네카오 등 적용 | 네이버·카카오·구글, 불법촬영 영상·사진 모두 차단해야… 7월부터 삭제 대상 확대 | 불법촬영 이미지도 차단 의무…구글·네이버 적용 | 불법촬영 이미지도 차단 의무…구글·네이버 적용 | 불법촬영 이미지도 차단 의무…구글·네이버 적용",브릿지경제 | 여성신문 | 연합뉴스 | 매일경제 마켓 | 네이트,"7월부터 불법 촬영 이미지에 대한 차단 의무가 구글, 메타, 네카오 등 플랫폼 사업자에게 적용되는 것은 온라인 콘텐츠 유통에 대한 규제 강화 추세를 보여주며, 카카오 서비스 운영에 중요한 참고 자료가 됩니다. / 플랫폼 사업자에게 불법 촬영 영상 및 사진 차단 의무가 확대 적용된다는 점은 관련 법규 및 운영 정책의 변화를 요구함. / 불법 촬영물 이미지 차단 의무가 구글과 네이버에 적용된다는 소식은 관련 규제가 확대되고 있음을 보여줌. / 불법 촬영 이미지도 차단 의무가 구글과 네이버에 적용된다는 내용은 플랫폼 사업자들의 콘텐츠 관리 책임이 강화되고 있음을 보여줌.",로컬 보조 라벨 / 로컬 보조 라벨 / v26.2: overseas structural industry candidate / v26.2: no central Korean public actor/action for Government section: no_public_actor_action_domain / v26.2: overseas structural industry candidate / v23_guardrail_fail:v26_2_government_without_central_public_actor_action:no_public_actor_action_domain,False,False,24.0,general,global_incident:platform_regulation:google:platform_content_moderation_obligation,False,True,platform_obligation,False,True,platform_enforcement:naver:content_moderation_obligation,True,"industry_basis_pass:actor=True,change=True,bridge=True",3
I017,"SKT, 일본·대만과 AI 펀드 조성",AI 펀드 조성,COMPETITOR_AI_STRATEGY,경쟁사_해외이슈,,,COMP_DOMESTIC_AI_PLATFORM,mixed,528.0,2,2,1,2,4290,"4290,4309","SK텔레콤 동아시아 AI 생태계 확장 앞장선다 : 한국·일본·대만 대표 통신사 뭉쳐서 7600억 규모 AI 펀드 만들었다 | SKT, 日 NTT와 손잡았다…7600억 AI 펀드 조성",허프포스트코리아 | 이코노뉴스,"SKT의 일본 및 대만 통신사와의 AI 펀드 조성은 동아시아 지역에서의 AI 생태계 확장 경쟁에 대한 시사점을 제공하며, 카카오의 해외 AI 사업 전략에도 영향을 줄 수 있습니다.",경쟁사의 해외 AI 생태계 확장은 카카오의 글로벌 AI 전략에 영향을 미칠 수 있는 중요한 경쟁 정보입니다.,False,False,14.0,"business_change,direct_risk",global_incident:leadership_service:skt:leadership_service,False,False,no_public_actor_action_domain,False,True,,True,"industry_basis_pass:actor=True,change=True,bridge=False",2
I018,오픈AI CEO 방한,AI 협력,SELF_AFFILIATE_BUSINESS,자사_및_계열사_이슈,STRATEGIC_REFERENCE,,COMP_DOMESTIC_AI_PLATFORM,mixed,517.05,1,3,1,23,16,"16,17,366,36,372,384,398,370,386,90","오픈AI 샘 올트먼 14일 방한…삼성·네이버·카카오와 회동(종합2보) | 오픈AI 샘 올트먼 CEO, 삼성전자·카카오·네이버 만난다 | 샘 올트먼 오픈AI CEO, 15일 삼성·네이버·카카오 만난다 | 오픈AI 샘 올트먼, 다음 주 방한⋯네이버·카카오와 연쇄 회동 [종합] | '방한' 오픈AI 샘 올트먼, 삼성·네이버·카카오 연쇄 회동",연합뉴스 | 전자신문 | 이데일리 | 아이뉴스24 | 파이낸셜뉴스,"오픈AI CEO의 방한과 국내 주요 IT 기업들과의 회동은 AI 기술 협력 및 투자 동향 파악에 중요한 기회가 될 수 있음. / 오픈AI CEO의 방한 및 삼성전자, 카카오, 네이버와의 만남은 한국 AI 생태계의 발전 가능성을 보여줌. / 샘 올트먼 오픈AI CEO의 방한 및 삼성, 네이버, 카카오와의 회동은 한국 AI 산업 발전 및 협력 가능성을 보여줌. / 오픈AI CEO의 방한 및 네이버와의 회동은 한국 AI 생태계 전반에 대한 관심 증대를 의미하며, 향후 AI 관련 협력 및 투자 기회를 모색할 수 있음. / 오픈AI CEO의 방한 및 삼성, 네이버, 카카오와의",로컬 보조 라벨,False,False,29.0,business_change,global_incident:ai_security_policy:kakao:openai_security_access,False,False,no_public_actor_action_domain,False,True,,True,"industry_basis_pass:actor=True,change=True,bridge=True",3
I019,샘 올트먼 오픈AI CEO 방한 및 국내 주요 IT 기업과의 회동,AI 사업 협력 및 경쟁,SELF_AFFILIATE_BUSINESS,자사_및_계열사_이슈,STRATEGIC_REFERENCE,,COMP_DOMESTIC_AI_PLATFORM,mixed,516.05,1,1,5,6,2616,"2616,3758,2671,2554,3705,362","젠슨 황 가자마자 이번엔 샘 올트먼 오픈AI CEO 방한...1박 2일 일정에 네이버·카카오 만난다 | 샘 올트먼 오픈AI CEO, 15일 삼성·네이버·카카오 만난다 | 오픈AI 샘 올트먼 14일 방한…삼성·네이버·카카오와 회동(종합2보) | 오픈AI 샘 올트먼 내주 방한…삼성·네이버 등과 회동 | 오픈 AI 올트먼 8개월 만에 방한, 삼성·네이버·카카오 경영진과 회동",조선일보 | 이데일리TV | 매일경제 마켓 | 경향신문 | 뉴데일리,"샘 올트먼 오픈AI CEO의 방한은 국내 AI 시장 판도에 큰 영향을 미칠 수 있으며, 카카오가 AI 기술 개발 및 사업 전략을 수립하는 데 중요한 참고 자료가 됨. 특히 삼성, 네이버 등과의 연쇄 회동은 협력 및 경쟁 구도를 파악하는 데 필수적임. / 샘 올트먼 오픈AI CEO의 방한은 국내 AI 시장 판도에 큰 영향을 미칠 수 있으며, 카카오가 AI 기술 개발 및 사업 전략을 수립하는 데 있어 중요한 참고 자료가 됨. 특히 삼성, 네이버 등과의 연쇄 회동은 협력 및 경쟁 구도를 파악하는 데 필수적임.","오픈AI CEO의 방한은 국내 AI 생태계에 미칠 영향이 크며, 카카오의 AI 전략 수립에 직접적인 참고가 될 수 있어 최우선 순위로 분류함. / 오픈AI CEO의 방한은 국내 AI 생태계에 미칠 영향이 크며, 카카오의 AI 전략 수립에 직접적인 참고가 될 수 있어 최우선 순위로 분류함. / v23_category_reassign:v26_2_self_without_direct_kakao_entity",False,False,29.0,business_change,global_incident:ai_security_policy:kakao:openai_security_access,False,False,no_public_actor_action_domain,False,True,,True,"industry_basis_pass:actor=True,change=False,bridge=True",2
I020,"네이버 D2SF, AI 보안 스타트업 투자",AI 보안/투자,COMPETITOR_AI_STRATEGY,경쟁사_해외이슈,,,COMP_DOMESTIC_AI_PLATFORM,domestic,506.5,2,2,2,3,2698,"2698,2647,2663","네이버 D2SF, AI 보안 스타트업에 신규 투자…네이버 보안 조직과 협력 논의 | 네이버 D2SF, AI 보안 스타트업 에임인텔리전스에 투자 ""학생창업팀의 이례적 도전"" | AI 보안, 선택 아닌 인프라로…에임인텔리전스, 네이버 D2SF 투자 유치",전자신문 | ER 이코노믹리뷰 | 비즈트리뷴,"네이버 D2SF의 AI 보안 스타트업 투자는 국내 AI 생태계 성장을 보여주며, 카카오의 스타트업 투자 및 협력 전략 수립에 참고할 수 있습니다. / 네이버 D2SF가 AI 보안 스타트업 에임인텔리전스에 투자하는 것은 AI 보안 시장의 성장성과 기술 트렌드를 보여주며, 카카오의 AI 보안 전략 수립 및 기술 동향 파악에 참고할 수 있습니다.",네이버의 AI 보안 스타트업 투자는 카카오의 AI 보안 전략 수립에 대한 중요한 경쟁 정보입니다. / 로컬 보조 라벨 / v26.2: overseas structural industry candidate / 로컬 보조 라벨 / v26.2: overseas structural industry candidate / v23_guardrail_fail:simple_mou_pr_or_low_materiality,False,False,14.0,direct_risk,global_incident:ai_security_policy:naver:ai_security_policy,False,False,no_public_actor_action_domain,False,True,,True,"industry_basis_pass:actor=True,change=True,bridge=True",3
I021,네이버-엔비디아 AI 팩토리 구축,AI 기술 및 인프라,COMPETITOR_AI_STRATEGY,경쟁사_해외이슈,OFF_TOPIC,,COMP_DOMESTIC_AI_PLATFORM,domestic,504.5,1,2,1,1,2603,2603,"네이버, 엔비디아와 AI 팩토리 구축…""30만원대 간다""[애널리스트의 시각]",v.daum.net,네이버가 엔비디아와 AI 팩토리 구축을 추진하며 주가 상승을 기대하는 것은 AI 인프라 투자에 대한 시장의 관심과 기대감을 보여줌.,v26: 카카오 직접 주체가 없어 자사 섹션 제외/재분류 / v26.2: overseas structural industry candidate,False,False,24.0,business_change,event:네이버:ai_infrastructure_security,False,False,no_public_actor_action_domain,False,True,,True,"industry_basis_pass:actor=True,change=True,bridge=True",3
I022,SKT-NTT AI 펀드 조성,AI 펀드/투자,COMPETITOR_AI_STRATEGY,경쟁사_해외이슈,,,COMP_DOMESTIC_AI_PLATFORM,mixed,502.5,2,1,2,1,4305,4305,"SKT, 日 NTT와 7600억 AI 펀드 조성",서울경제TV,"SKT가 일본 NTT와 AI 펀드를 조성하는 것은 글로벌 AI 시장에서의 투자 동향 및 협력 사례를 파악하는 데 중요하며, 카카오의 AI 투자 전략 수립에 참고할 수 있습니다.",로컬 보조 라벨,False,False,14.0,business_change,event:SKT:ai_infrastructure_security,False,False,no_public_actor_action_domain,False,False,,True,"industry_basis_pass:actor=True,change=True,bridge=False",2
I023,네이버 뉴스 제휴 관련 법원 판결,뉴스 제휴 및 법적 이슈,COMPETITOR_PLATFORM_RISK,경쟁사_해외이슈,,,COMP_DOMESTIC_STRATEGY,domestic,499.5,2,2,3,1,2548,2548,법원 “지상파3사와 뉴스제휴해 온 네이버 최고책임자 증인 신문할 것”,미디어오늘,네이버와 지상파 3사 간 뉴스 제휴 관련 법원 판결은 카카오의 콘텐츠 유통 및 제휴 정책 수립에 영향을 미칠 수 있음. 언론사와의 관계 및 콘텐츠 수급 방안을 검토하는 데 참고해야 함.,네이버의 뉴스 제휴 관련 법원 판결은 카카오의 콘텐츠 유통 및 제휴 정책 수립에 참고할 만한 법적 쟁점을 제시함.,False,False,24.0,general,event:네이버:legal_regulatory_enforcement,False,False,no_public_actor_action_domain,False,True,,True,"industry_basis_pass:actor=True,change=True,bridge=True",3
I024,쿠팡 개인정보 유출 관련 정부 입장,개인정보 유출 및 제재,GOV_PLATFORM_REGULATION,경쟁사_해외이슈,,GOV_PLATFORM_MARKET_RULE,COMP_DOMESTIC_DIRECT_RISK,domestic,499.0,2,2,3,2,2688,"2688,2652","[속보]개인정보위 ""쿠팡 과징금 처분, 美 통상이슈와 무관"" | [속보]개인정보위 ""쿠팡 과징금 처분, 美 통상이슈와 무관""",뉴시스 | 네이트,"개인정보보호위원회가 쿠팡 과징금 처분이 미국의 통상이슈와 무관함을 명확히 함으로써, 국내 플랫폼 사업자의 개인정보 보호 규제 적용에 대한 정부의 확고한 입장을 확인할 수 있음. 이는 카카오의 개인정보 보호 정책 수립에 영향을 미침.","정부가 쿠팡 과징금 처분이 통상이슈와 무관하다고 밝힌 것은 국내 플랫폼 사업자에 대한 규제 집행 의지를 보여주며, 카카오의 개인정보 보호 정책 수립에 중요한 참고가 됨.",False,False,29.0,official_action,v27:platform_enforcement:coupang:privacy_data_violation,False,True,platform_obligation,False,True,platform_enforcement:coupang:privacy_data_violation,True,"industry_basis_pass:actor=True,change=False,bridge=True",2
I025,5G 광고 관련 법원 판결 (SKT),광고/규제,SELF_DIRECT_RISK,경쟁사_해외이슈,DIRECT_RISK,,COMP_DOMESTIC_DIRECT_RISK,domestic,491.5,3,3,1,1,900,900,"'20배 빠른 5G' 광고가 가입 결정적 요인은 아냐…법원 판결, 공정위 과징금 불복소송 새 국면",전자신문,"5G 광고 관련 법원 판결은 카카오의 광고 정책 수립 시 참고 자료가 될 수 있으나, 카카오와의 직접적인 관련성은 낮음.",카카오와의 직접적인 영향 경로가 명확하지 않아 우선순위 낮음 / v23_category_reassign:v26_2_self_without_direct_kakao_entity,False,True,14.0,official_action,global_incident:platform_regulation:skt:platform_algorithm_ad_obligation,False,True,public_actor_official_action,False,True,,True,"industry_basis_pass:actor=True,change=True,bridge=True",3
I026,네이버클라우드 국방 AI 전략,AI 국방/플랫폼,COMPETITOR_AI_STRATEGY,경쟁사_해외이슈,,,COMP_DOMESTIC_AI_PLATFORM,domestic,488.0,2,1,2,7,2539,"2539,2581,2585,2606,2719,2718,2626","[테크스냅] 네이버클라우드, 국방 AI 전략…옴니모달 전진 배치 | [테크스냅] 네이버클라우드, 국방 AI 전략…옴니모달 전진 배치 | 네이버클라우드, 국방 AI 전략 공개…'전장 AI' 전력화 추진 | 네이버클라우드 ""국방 AI, 개발 넘어 전장 전력화""…소버린 AI 전략 공개 - 머니투데이 | 네이버클라우드의 국방 AI 전략은 ‘옴니모달·현장 엔지니어’",연합뉴스 | 연합뉴스 한민족센터 | 서울경제TV | 머니투데이 | 매일경제,"네이버클라우드의 국방 AI 전략 발표는 국내 AI 기술의 국방 분야 적용 및 관련 시장 동향을 보여주며, 카카오의 AI 기술 활용 및 사업 확장 가능성 탐색에 참고할 수 있습니다.",로컬 보조 라벨 / v26.2: overseas structural industry candidate,False,False,24.0,business_change,event:네이버:ai_infrastructure_security+policy_legislation,False,False,no_public_actor_action_domain,False,True,,True,"industry_basis_pass:actor=True,change=True,bridge=True",3
I027,global_incident:platform_regulation:toss:platform_operator_obligation,comp_domestic_public_infra,COMPETITOR_PLATFORM_RISK,경쟁사_해외이슈,,,COMP_DOMESTIC_PUBLIC_INFRA,mixed,481.5,4,4,5,1,3454,3454,앤트로픽 “위험한 AI는 정부가 막아야”…미토스 공개 제한 뒤 규제론 제시 [팩플],중앙일보,카카오가 경쟁사 전략·리스크·AI/플랫폼 대응을 비교 참고할 이슈,로컬 보조 라벨 / v26.2: overseas structural industry candidate,False,False,24.0,business_change,global_incident:platform_regulation:toss:platform_operator_obligation,False,False,no_public_actor_action_domain,False,True,,True,"industry_basis_pass:actor=True,change=True,bridge=True",3
I028,쿠팡 개인정보 유출 관련 제재,개인정보 유출/과징금,COMPETITOR_PLATFORM_RISK,경쟁사_해외이슈,,GOV_REGULATORY_ENFORCEMENT,COMP_DOMESTIC_DIRECT_RISK,domestic,479.5,2,2,1,5,1124,"1124,1139,1136,1145,1152","[일지] 쿠팡, 개인정보 유출부터 개인정보위 과징금까지 | 쿠팡 역대 최대 과징금 나오나…개인정보위원회, 제재 심의 'D-데이' | 개인정보위, 쿠팡 제재안 심의…과징금 규모 관심 | '개인정보 유출' 쿠팡, 오늘 제재안 심의…SKT 1348억 과징금 기록 깰까 | '개인정보 유출' 쿠팡, 오늘 제재안 심의…SKT 1348억 과징금 기록 깰까",연합뉴스 | 오피니언뉴스 | TBS 서울 | 뉴스1 | 네이트,"쿠팡의 개인정보 유출 관련 과징금 부과는 카카오를 포함한 모든 플랫폼 사업자에게 정보보호 강화 및 관련 법규 준수의 중요성을 시사합니다. / 쿠팡에 대한 개인정보 유출 관련 제재 심의는 플랫폼 사업자의 개인정보 보호 책임 강화 추세를 보여주며, 카카오의 개인정보 관리 및 보안 강화 전략 수립에 중요한 참고 자료가 됩니다.","쿠팡의 대규모 개인정보 유출 및 과징금 부과는 카카오에도 적용될 수 있는 규제 이슈이며, 정보보호 강화의 중요성을 보여줍니다. / 로컬 보조 라벨 / v26.2: no central Korean public actor/action for Government section: no_public_actor_action_domain / v26.2: overseas structural industry candidate / v23_guardrail_fail:v26_2_government_without_central_public_actor_action:no_public_actor_action_domain",False,False,32.0,official_action,v27:platform_enforcement:coupang:privacy_data_violation,False,True,platform_obligation,False,True,platform_enforcement:coupang:privacy_data_violation,True,"industry_basis_pass:actor=True,change=False,bridge=True",2
I029,국내 AI 보안 스타트업 투자,AI 보안/투자,COMPETITOR_AI_STRATEGY,경쟁사_해외이슈,,,COMP_DOMESTIC_AI_PLATFORM,domestic,479.5,2,1,2,1,2708,2708,LG전자·현대차·네이버도 투자…`차세대 AI 보안` 주목받은 이 기업은?,디지털데일리,"LG전자, 현대차, 네이버 등이 AI 보안 스타트업에 투자하는 것은 AI 보안 시장의 성장 가능성과 투자 동향을 보여주며, 카카오의 AI 보안 전략 수립 및 잠재적 투자 기회 발굴에 참고할 수 있습니다.",로컬 보조 라벨 / v26.2: overseas structural industry candidate,False,False,14.0,direct_risk,global_incident:ai_security_policy:naver:ai_security_policy,False,False,no_public_actor_action_domain,False,True,,True,"industry_basis_pass:actor=True,change=True,bridge=True",3
I030,샘 올트먼 방한 및 AI 협력 논의,AI 협력,SELF_AFFILIATE_BUSINESS,자사_및_계열사_이슈,STRATEGIC_REFERENCE,,COMP_OVERSEAS_PLATFORM_AI,mixed,476.05,1,1,1,8,6,"6,45,85,101,41,360,385,66","샘 알트먼, 네이버·카카오 연쇄 회동…AI 협력 모색 | [종합] 샘 올트먼 韓 다시 온다…삼성·카카오·네이버와 AI 협력 논의 | 엔비디아 가고 오픈AI 온다...14일 샘 올트먼 방한, 삼성·카카오 만나 | 샘 올트먼 8개월 만에 방한…삼성·네이버·카카오 AI 협력 확대 주목 | 젠슨 황 이어 샘 올트먼도 한국 온다 삼성·카카오·네이버와 AI 협력 논의",지디넷코리아 | 뉴스핌 | KBC광주방송 | 이지경제 | 중소기업신문,샘 올트먼의 방한과 국내 주요 IT 기업들과의 AI 협력 논의는 카카오의 AI 전략 및 기술 개발 방향에 대한 인사이트를 제공합니다.,오픈AI CEO의 방한과 국내 주요 기업들과의 AI 협력 논의는 카카오의 AI 전략 수립에 직접적인 영향을 줄 수 있는 전략적 정보입니다.,False,False,29.0,business_change,event:네이버+카카오:ai_infrastructure_security,True,False,roundup_without_central_public_actor,False,False,,False,roundup,0
I031,카카오페이 vs 쿠팡 과징금 형평성 논란,과징금/규제,SELF_DIRECT_RISK,자사_및_계열사_이슈,DIRECT_RISK,,COMP_DOMESTIC_DIRECT_RISK,other,450.3,2,2,1,1,672,672,"카카오페이는 59억원인데, 쿠팡은 6300억?... 개보위 과징금, ‘형평성 논란’ 일었다",insight.co.kr,개인정보 보호 위반으로 인한 과징금 부과 관련 형평성 논란은 향후 규제 당국의 제재 결정에 영향을 미칠 수 있음.,로컬 보조 라벨 / v26: 오늘 새 직접 사건·진전,False,False,24.0,official_action,global_incident:platform_regulation:kakao:platform_operator_obligation,False,True,public_actor_official_action,False,True,,True,"industry_basis_pass:actor=True,change=True,bridge=True",3
I032,global_incident:platform_regulation:coupang:platform_operator_obligation,comp_domestic_direct_risk,COMPETITOR_PLATFORM_RISK,경쟁사_해외이슈,,GOV_GENERAL_LOW_RELEVANCE,COMP_DOMESTIC_DIRECT_RISK,mixed,444.5,4,4,5,3,3722,"3722,3631,1398","개보위, 쿠팡에 6246억원 과징금 부과 의결 | “기본 보안도 안 지켜” vs “사실관계 반영 안 돼”…쿠팡 제재, 소송 확전 전망 | 정부 쿠팡 과징금 6000억원대,괘씸죄 형평성 논란,쿠팡 법적절차 밟겠다",테크M | dt.co.kr | 피치원미디어,카카오가 경쟁사 전략·리스크·AI/플랫폼 대응을 비교 참고할 이슈 / 정부/국회 기사이나 카카오 플랫폼·AI·디지털금융과 연결 경로가 약함,로컬 보조 라벨 / v26.2: overseas structural industry candidate,False,False,24.0,"analysis_with_direct_risk,official_action",global_incident:platform_regulation:coupang:platform_operator_obligation,False,True,public_actor_official_action,False,True,,True,"industry_basis_pass:actor=True,change=False,bridge=True",2
I033,global_incident:ai_security_policy:openai:openai_security_access,comp_overseas_regulation_data,COMPETITOR_PLATFORM_RISK,경쟁사_해외이슈,,,COMP_OVERSEAS_REGULATION_DATA,overseas,442.5,4,3,4,1,3759,3759,"오픈AI, 엔비디아 지원으로 美 연방부지에 대규모 데이터센터 구축 나서…완공시 세계 ...",마켓인,카카오가 경쟁사 전략·리스크·AI/플랫폼 대응을 비교 참고할 이슈,로컬 보조 라벨 / v26.2: overseas structural industry candidate,False,False,14.0,business_change,global_incident:ai_security_policy:openai:openai_security_access,False,False,foreign_public_policy,False,True,,True,"industry_basis_pass:actor=True,change=True,bridge=True",3
I034,"금감원·네이버페이, 모험자본 플랫폼 추진",플랫폼 규제,GOV_PLATFORM_REGULATION,경쟁사_해외이슈,,GOV_REGULATORY_ENFORCEMENT,COMP_DOMESTIC_FINANCE_COMMERCE,domestic,423.5,1,1,1,1,1735,1735,"금감원·네이버페이, 모험자본 플랫폼 추진…7월 출범 목표",디지털데일리,"금감원과 네이버페이가 모험자본 플랫폼을 추진하는 것은 금융 당국이 플랫폼과의 협력을 통해 금융 혁신을 모색하려는 움직임을 보여주며, 카카오뱅크 등 경쟁사의 움직임과 정책 방향을 파악하는 데 중요함.",금감원과 경쟁사인 네이버페이가 모험자본 플랫폼을 추진하는 것은 카카오의 금융 사업 관련 정책 및 경쟁 환경을 파악하는 데 중요함.,False,False,24.0,general,global_incident:platform_regulation:naver:platform_regulation,False,True,public_actor_official_action,False,True,,True,"industry_basis_pass:actor=True,change=True,bridge=True",3
I035,global_incident:platform_regulation:google:platform_content_moderation_obligation,comp_overseas_regulation_data,COMPETITOR_PLATFORM_RISK,경쟁사_해외이슈,OFF_TOPIC,,COMP_OVERSEAS_REGULATION_DATA,overseas,420.0,4,3,4,2,3629,"3629,3508","X, 구글 앱마켓서 ‘청소년 이용불가’…한국만 적용 | X, 구글 앱마켓서 ‘청소년 이용불가’…한국만 적용",헤럴드경제 | v.daum.net,카카오가 경쟁사 전략·리스크·AI/플랫폼 대응을 비교 참고할 이슈,로컬 보조 라벨 / v26.2: overseas structural industry candidate / v26: 카카오 직접 주체가 없어 자사 섹션 제외/재분류 / v26.2: overseas structural industry candidate,False,False,14.0,general,global_incident:platform_regulation:google:platform_content_moderation_obligation,False,False,no_public_actor_action_domain,False,True,,True,"industry_basis_pass:actor=True,change=False,bridge=True",2
I036,global_incident:platform_regulation:openai:platform_algorithm_ad_obligation,comp_overseas_regulation_data,COMPETITOR_PLATFORM_RISK,경쟁사_해외이슈,,,COMP_OVERSEAS_REGULATION_DATA,overseas,418.5,4,3,4,1,3733,3733,"챗GPT 대화가 광고로? 오픈AI, 22일부터 개인화 광고 적용",디지털투데이,카카오가 경쟁사 전략·리스크·AI/플랫폼 대응을 비교 참고할 이슈,로컬 보조 라벨 / v26.2: overseas structural industry candidate,False,False,24.0,business_change,global_incident:platform_regulation:openai:platform_algorithm_ad_obligation,False,False,no_public_actor_action_domain,False,True,,True,"industry_basis_pass:actor=True,change=False,bridge=True",2
I037,global_incident:platform_regulation:google:platform_algorithm_ad_obligation,comp_overseas_platform_ai,COMPETITOR_AI_STRATEGY,경쟁사_해외이슈,,,COMP_OVERSEAS_PLATFORM_AI,overseas,412.5,4,3,4,1,3513,3513,"독일 법원 ""구글 'AI 개요'는 구글 자신의 말""...허위 답변에 직접 책임 묻는다...뮌헨지법, 검색엔진 면책 논리는 AI에 적용 안 돼",한국정보기술진흥원,카카오가 경쟁사 전략·리스크·AI/플랫폼 대응을 비교 참고할 이슈,로컬 보조 라벨 / v26.2: overseas structural industry candidate,False,False,14.0,business_change,global_incident:platform_regulation:google:platform_algorithm_ad_obligation,False,False,no_public_actor_action_domain,False,True,,True,"industry_basis_pass:actor=True,change=False,bridge=True",2
I038,불법 촬영물 유통 방지 의무 강화,플랫폼 콘텐츠 규제,COMPETITOR_AI_STRATEGY,경쟁사_해외이슈,,,COMP_DOMESTIC_STRATEGY,mixed,411.5,1,1,1,1,2572,2572,불법 촬영물 차단 의무 이미지까지 확대…구글·네이버 적용,강원도민일보,불법 촬영물 차단 의무가 이미지까지 확대 적용된다는 점은 플랫폼 사업자의 콘텐츠 관리 범위를 넓힘.,로컬 보조 라벨 / v26.2: overseas structural industry candidate,False,False,24.0,general,global_incident:platform_regulation:naver:platform_content_moderation_obligation,False,False,no_public_actor_action_domain,False,True,,True,"industry_basis_pass:actor=True,change=True,bridge=True",3
I039,주요 IT 기업 동향,IT 소식 모음,SELF_DIRECT_RISK,자사_및_계열사_이슈,STRATEGIC_REFERENCE,,COMP_DOMESTIC_AI_PLATFORM,domestic,402.3,5,5,1,1,430,430,"[IT소식] NHN, 양철웅 CTO 신규 선임 / 카카오톡 '카톡응원전' 진행 / 네이버 치지직, 월드컵 전경기 생중계 / 네이버클라우드, 국방 AX 전략 공개",웹이코노미,"NHN CTO 선임, 카카오톡 '카톡응원전' 진행, 네이버 치지직 월드컵 중계, 네이버클라우드 국방 AX 전략 공개 등은 IT 업계 전반의 기술 트렌드와 경쟁사의 움직임을 파악하는 데 참고 자료가 됨.","카카오 관련 소식(카톡응원전)이 포함되어 있으나, 다른 기사 대비 영향력이 낮고 경쟁사 소식이 혼재됨. 카카오 내부 소식만 별도 분리하여 처리 가능.",False,False,24.0,direct_risk,global_incident:leadership_service:kakao:executive_change,False,False,no_public_actor_action_domain,False,True,,True,"industry_basis_pass:actor=True,change=True,bridge=True",3
I040,쿠팡 '상시 회원가' 관련 공정위 과징금 및 시정명령,규제/제재,SELF_DIRECT_RISK,경쟁사_해외이슈,DIRECT_RISK,GOV_REGULATORY_ENFORCEMENT,COMP_DOMESTIC_DIRECT_RISK,domestic,396.0,2,2,1,2,1400,"1400,1405","‘상시 회원가’ 라더니 1회성 쿠폰… 공정위, 쿠팡에 5억 과징금-시정명령 | ‘상시 회원가’ 라더니 1회성 쿠폰… 공정위, 쿠팡에 5억 과징금-시정명령",v.daum.net | 동아일보,"쿠팡에 대한 과징금 부과는 플랫폼 사업자의 광고 및 할인 정책 관련 규제 강화 추세를 보여주며, 카카오의 관련 정책 수립에 참고가 됨.",v26: 카카오 직접 주체가 없어 자사 섹션 제외/재분류 / 로컬 보조 라벨,False,False,14.0,official_action,v27:platform_enforcement:coupang:deceptive_membership_price_ad,False,True,public_actor_official_action,False,True,platform_enforcement:coupang:deceptive_membership_price_ad,True,"industry_basis_pass:actor=True,change=True,bridge=True",3
I041,"티빙, CU 개인정보 유출 사고와 쿠팡 과징금 선례",개인정보 유출/보안,COMPETITOR_PLATFORM_RISK,경쟁사_해외이슈,,GOV_REGULATORY_ENFORCEMENT,COMP_DOMESTIC_DIRECT_RISK,domestic,393.5,2,2,1,1,1171,1171,"KT 해킹 보상으로 '티빙' 가입했는데 또 유출 사고.. ""쿠팡 6247억 과징금 선례.. 우린 얼마나?""",잡포스트,"티빙, CU 등 다른 플랫폼의 개인정보 유출 사고와 쿠팡의 과징금 선례는 카카오의 개인정보 보호 및 보안 시스템 강화 필요성을 재확인시킴.",v26.2: no central Korean public actor/action for Government section: no_public_actor_action_domain / v26.2: overseas structural industry candidate / v23_guardrail_fail:v26_2_government_without_central_public_actor_action:no_public_actor_action_domain,False,True,24.0,official_action,v27:platform_enforcement:coupang:privacy_data_violation,False,True,public_actor_official_action,False,True,platform_enforcement:coupang:privacy_data_violation,True,"industry_basis_pass:actor=True,change=True,bridge=True",3
I042,"개인정보위, 쿠팡 개인정보 유출 제재안 심의",개인정보 유출,GOV_PLATFORM_REGULATION,경쟁사_해외이슈,DIRECT_RISK,GOV_REGULATORY_ENFORCEMENT,COMP_DOMESTIC_DIRECT_RISK,other,375.0,2,2,1,8,1135,"1135,1138,1142,1137,1140,1150,1151,1144","개인정보위, 쿠팡 제제안 오늘 심의, 역대 최대 과징금 나올까 | 개인정보위, 오늘 쿠팡 제재안 심의…역대 최대 과징금 가능성 | 개인정보위, 오늘 쿠팡 제재안 심의…역대 최대 과징금 '촉각' | 개인정보위, 오늘 쿠팡 정보유출 제재안 심의…역대 최대 과징금 때릴까 | 개인정보위, 오늘 쿠팡 제재안 심의···역대 최대 과징금 가능성",v.daum.net | 연합뉴스 | SBSBiz | 경향신문 | 서울파이낸스,"개인정보보호위원회의 쿠팡 대상 제재 심의는 카카오를 포함한 플랫폼 사업자들의 개인정보보호 관리에 대한 경각심을 높이며, 향후 규제 동향을 파악하는 데 중요한 참고 자료가 됩니다.","쿠팡의 개인정보 유출 사태 심의는 카카오에도 적용될 수 있는 규제적 위험을 보여주며, 정보보호 강화의 필요성을 제기합니다.",False,False,32.0,official_action,v27:platform_enforcement:coupang:privacy_data_violation,False,True,platform_obligation,False,True,platform_enforcement:coupang:privacy_data_violation,True,"industry_basis_pass:actor=True,change=False,bridge=True",2
I043,카카오엔터테인먼트 vs KT지니뮤직 정보보호 투자 비교,정보보호 투자,SELF_AFFILIATE_BUSINESS,자사_및_계열사_이슈,FILLER_REFERENCE,,COMP_DOMESTIC_STRATEGY,domestic,374.8,3,3,1,1,840,840,카카오엔터는 늘었는데···KT지니뮤직 정보보호 투자 60% 뚝↓,시사저널e,카카오엔터테인먼트와 KT지니뮤직의 정보보호 투자 규모 비교는 업계 트렌드를 파악하는 데 도움이 될 수 있음.,자사 이슈가 부족한 날 참고할 만한 낮은 강도의 운영 소식,False,False,14.0,general,,False,False,no_public_actor_action_domain,False,True,,True,"industry_basis_pass:actor=True,change=True,bridge=True",3
I044,"공정위, 쿠팡에 법정 최대 과징금 부과",개인정보 유출,GOV_PLATFORM_REGULATION,경쟁사_해외이슈,DIRECT_RISK,GOV_REGULATORY_ENFORCEMENT,COMP_DOMESTIC_DIRECT_RISK,other,369.5,2,2,1,3,1396,"1396,1399,1421","공정위, 쿠팡에 법정 최대 과징금…정보 유출도 '1兆 폭탄' 현실화되나 | 공정위, 쿠팡에 법정 최대 과징금…정보 유출도 '1兆 폭탄' 현실화되나 | 공정위, 쿠팡에 법정 최대 과징금…정보 유출도 '1兆 폭탄' 현실화되나",v.daum.net | 아시아경제 | 네이트,"공정거래위원회의 쿠팡 대상 과징금 부과는 개인정보보호법 위반에 대한 경제적 제재 수위를 보여주며, 카카오의 정보보호 관련 투자 및 관리 강화의 필요성을 시사합니다.","쿠팡에 대한 법정 최대 과징금 부과는 카카오에도 적용될 수 있는 규제적 위험을 보여주며, 정보보호 강화의 필요성을 제기합니다.",False,False,14.0,official_action,v27:platform_enforcement:coupang:privacy_data_violation,False,True,platform_obligation,False,True,platform_enforcement:coupang:privacy_data_violation,True,"industry_basis_pass:actor=True,change=False,bridge=True",2
I045,퍼플렉시티 상장 추진,AI 기업 상장/경쟁,COMPETITOR_AI_STRATEGY,경쟁사_해외이슈,,,COMP_OVERSEAS_PLATFORM_AI,overseas,368.5,2,3,2,1,3756,3756,"퍼플렉시티, 2028년 상장 추진…앤트로픽·오픈AI와 무관",지디넷코리아,"퍼플렉시티와 같은 AI 검색 스타트업의 상장 추진 동향은 AI 기술 경쟁 환경 및 투자 동향을 파악하는 데 중요하며, 카카오의 AI 서비스 경쟁력 강화 전략 수립에 참고할 수 있습니다.",로컬 보조 라벨 / v26.2: overseas structural industry candidate,False,False,14.0,direct_risk,global_incident:ai_security_policy:openai:anthropic_glasswing_security,False,False,no_public_actor_action_domain,False,True,,True,"industry_basis_pass:actor=True,change=False,bridge=True",2
I046,"개인정보위, 쿠팡 개인정보 유출 사태 심의",개인정보 유출,GOV_PLATFORM_REGULATION,경쟁사_해외이슈,DIRECT_RISK,GOV_REGULATORY_ENFORCEMENT,COMP_DOMESTIC_DIRECT_RISK,other,368.0,2,2,1,2,1177,"1177,1175","개보위, 오늘 쿠팡 ‘개인정보 유출’ 사태 심의한다···역대 최대 과징금 관측도 | 개보위, 오늘 쿠팡 '개인정보 유출' 사태 심의한다···역대 최대 과징금 관측도",v.daum.net | 네이트,"개인정보보호위원회의 쿠팡 대상 제재 심의는 카카오를 포함한 플랫폼 사업자들의 개인정보보호 관리에 대한 경각심을 높이며, 향후 규제 동향을 파악하는 데 중요한 참고 자료가 됩니다.","쿠팡의 개인정보 유출 사태 심의는 카카오에도 적용될 수 있는 규제적 위험을 보여주며, 정보보호 강화의 필요성을 제기합니다.",False,False,32.0,official_action,v27:platform_enforcement:coupang:privacy_data_violation,False,True,platform_obligation,False,True,platform_enforcement:coupang:privacy_data_violation,True,"industry_basis_pass:actor=True,change=False,bridge=True",2
I047,"쿠팡, 규제당국·협력업체·소비자 배신행위로 1조원대 과징금 가능성",규제/제재,COMPETITOR_PLATFORM_RISK,경쟁사_해외이슈,,GOV_REGULATORY_ENFORCEMENT,COMP_DOMESTIC_DIRECT_RISK,domestic,365.5,2,2,1,1,1122,1122,이쯤되면 쿠팡은 규제당국·협력업체·소비자 배신행위...1조원대 과징금 ‘철퇴’(?),세정일보,"쿠팡에 대한 대규모 과징금 부과는 플랫폼 사업자 전반에 대한 규제 강화로 이어질 수 있으며, 카카오의 사업 운영에 영향을 미칠 수 있음.",v26.2: no central Korean public actor/action for Government section: no_public_actor_action_domain / v26.2: overseas structural industry candidate / v23_guardrail_fail:v26_2_government_without_central_public_actor_action:no_public_actor_action_domain,False,True,14.0,official_action,global_incident:platform_regulation:coupang:platform_operator_obligation,False,True,public_actor_official_action,False,True,,True,"industry_basis_pass:actor=True,change=True,bridge=True",3
I048,쿠팡 대상 정부 제재 (역대급 과징금),규제/제재,COMPETITOR_PLATFORM_RISK,경쟁사_해외이슈,,GOV_REGULATORY_ENFORCEMENT,COMP_DOMESTIC_DIRECT_RISK,domestic,358.5,2,2,1,1,1341,1341,'7879억원 청구서' 받은 쿠팡…정부 제재 역대급,뉴스피릿,"쿠팡에 대한 대규모 과징금 부과는 플랫폼 사업자 전반에 대한 규제 강화로 이어질 수 있으며, 카카오의 사업 운영에 영향을 미칠 수 있음.",로컬 보조 라벨 / v26.2: overseas structural industry candidate,False,False,24.0,official_action,global_incident:platform_regulation:coupang:platform_operator_obligation,False,True,public_actor_official_action,False,True,,True,"industry_basis_pass:actor=True,change=True,bridge=True",3
I049,쿠팡 '와우회원가' 관련 공정위 과징금 부과,규제/제재,GOV_PLATFORM_REGULATION,경쟁사_해외이슈,,GOV_REGULATORY_ENFORCEMENT,COMP_DOMESTIC_DIRECT_RISK,domestic,358.5,2,2,1,1,1393,1393,쿠팡 ‘와우회원가’ 알고 보니 1회용 쿠폰값…공정위 과징금 5억 철퇴,대한경제,"쿠팡에 대한 과징금 부과는 플랫폼 사업자의 광고 및 할인 정책 관련 규제 강화 추세를 보여주며, 카카오의 관련 정책 수립에 참고가 됨.",로컬 보조 라벨,False,False,14.0,official_action,v27:platform_enforcement:coupang:deceptive_membership_price_ad,False,True,public_actor_official_action,False,True,platform_enforcement:coupang:deceptive_membership_price_ad,True,"industry_basis_pass:actor=True,change=True,bridge=True",3
I050,"공정위, 쿠팡에 과징금 5억 부과",규제/제재,COMPETITOR_PLATFORM_RISK,경쟁사_해외이슈,,GOV_REGULATORY_ENFORCEMENT,COMP_DOMESTIC_DIRECT_RISK,domestic,358.5,2,2,1,1,1428,1428,"공정위, 쿠팡에 과징금 5억",아시아뉴스통신,"쿠팡에 대한 과징금 부과는 플랫폼 사업자의 광고 및 할인 정책 관련 규제 강화 추세를 보여주며, 카카오의 관련 정책 수립에 참고가 됨.",로컬 보조 라벨 / v26.2: overseas structural industry candidate,False,False,14.0,official_action,global_incident:platform_regulation:coupang:platform_operator_obligation,False,True,public_actor_official_action,False,True,,True,"industry_basis_pass:actor=True,change=True,bridge=True",3
I051,"미국 EPA, 데이터센터 환경 규제",AI 인프라 환경 규제,GOV_AI_DIGITAL_POLICY,경쟁사_해외이슈,,GOV_AI_CORE_POLICY,COMP_GENERAL_LOW_RELEVANCE,overseas,358.5,2,2,1,1,4067,4067,"美 EPA, 데이터센터 연방 환경규제 선 긋기…전력난엔 핵융합 로드맵 제시",임팩트온,"미국 EPA의 데이터센터 환경 규제 동향은 AI 인프라 구축 및 운영에 대한 글로벌 규제 환경 변화를 보여주며, 카카오의 해외 사업 및 투자 시 고려 사항이 될 수 있습니다.",AI 인프라의 환경 규제 관련 동향은 카카오의 데이터센터 전략 및 ESG 경영에 중요한 영향을 미칠 수 있습니다.,False,False,24.0,general,,False,False,foreign_public_policy,False,True,,True,"industry_basis_pass:actor=True,change=True,bridge=True",3
I052,오픈AI 요금 인하 검토,AI 서비스 가격 경쟁,COMPETITOR_AI_STRATEGY,경쟁사_해외이슈,,,COMP_OVERSEAS_PLATFORM_AI,overseas,352.0,2,2,2,6,3668,"3668,3671,3641,3706,3676,3664","오픈AI, 상장 전쟁 격화 속 앤트로픽 저격할 ‘요금 인하’ 검토 중: 보도 | 상장 앞두고 ‘제 살 깎기’ 치킨게임…""오픈AI, 앤트로픽 견제하려 '요금 인하' 만지작"" | 오픈AI 요금 대폭 인하 검토…앤트로픽과 기업시장 경쟁 | 오픈AI 요금 대폭 인하 검토…앤트로픽과 기업시장 경쟁 | 오픈AI, 요금 인하 검토…""앤트로픽 맞선다""",Benzinga | AI포스트 | 연합뉴스 | 한국경제TV | 뉴시스,"오픈AI의 요금 인하 검토는 AI 서비스 가격 경쟁의 시작을 알리며, 이는 카카오 AI 서비스의 가격 전략 및 수익성 분석에 영향을 미칠 수 있습니다. / 오픈AI의 요금 인하 검토는 AI 서비스 시장의 가격 경쟁 심화를 예고하며, 카카오의 AI 서비스 가격 정책 수립 및 수익 모델 개발에 중요한 참고 자료가 될 수 있습니다. / 오픈AI가 요금 인하를 검토하며 앤트로픽과 경쟁하는 것은 AI 서비스 시장의 가격 경쟁 심화를 보여주며, 카카오의 AI 서비스 가격 정책 수립 및 수익 모델 개발에 중요한 참고 자료가 될 수 있습니다. / 오픈AI가 앤트로픽 견제를 위해 구",AI 서비스 시장의 가격 경쟁 심화는 카카오의 가격 전략 및 수익성에 영향을 미칠 수 있는 중요한 이슈입니다. / 로컬 보조 라벨 / v26.2: overseas structural industry candidate,False,False,24.0,"business_change,direct_risk",global_incident:ai_security_policy:openai:anthropic_glasswing_security,False,False,no_public_actor_action_domain,False,True,,True,"industry_basis_pass:actor=True,change=False,bridge=True",2
I053,쿠팡 개인정보 유출 관련 대규모 과징금 부과,개인정보 유출/과징금,COMPETITOR_PLATFORM_RISK,경쟁사_해외이슈,,GOV_REGULATORY_ENFORCEMENT,COMP_DOMESTIC_DIRECT_RISK,domestic,347.5,1,1,1,1,1128,1128,쿠팡 개인정보 유출 과징금 6247억원 ‘역대 최대’…SKT 4배 넘어,리더스팩트,"쿠팡에 대한 역대 최대 규모의 과징금 부과는 플랫폼 사업자의 개인정보 유출에 대한 규제 강화 추세를 보여주며, 카카오의 개인정보 관리 및 보안 강화 정책 수립에 중요한 참고 자료가 됩니다.",v26.2: no central Korean public actor/action for Government section: no_public_actor_action_domain / v26.2: overseas structural industry candidate / v23_guardrail_fail:v26_2_government_without_central_public_actor_action:no_public_actor_action_domain,False,True,24.0,official_action,v27:platform_enforcement:coupang:privacy_data_violation,False,True,public_actor_official_action,False,True,platform_enforcement:coupang:privacy_data_violation,True,"industry_basis_pass:actor=True,change=False,bridge=True",2
I054,"쿠팡, 역대 최대 과징금 부과 (SKT 제재액 5배)",규제/제재,COMPETITOR_PLATFORM_RISK,경쟁사_해외이슈,,GOV_REGULATORY_ENFORCEMENT,COMP_DOMESTIC_DIRECT_RISK,domestic,346.5,2,2,1,1,2148,2148,"쿠팡, 역대 최대 6247억 과징금...SKT 제재액 5배",한스경제,"쿠팡에 대한 대규모 과징금 부과는 플랫폼 사업자 전반에 대한 규제 강화로 이어질 수 있으며, 카카오의 사업 운영에 영향을 미칠 수 있음.",v26.2: no central Korean public actor/action for Government section: no_public_actor_action_domain / v26.2: overseas structural industry candidate / v23_guardrail_fail:v26_2_government_without_central_public_actor_action:no_public_actor_action_domain,False,True,24.0,official_action,global_incident:platform_regulation:coupang:platform_operator_obligation,False,False,no_public_actor_action_domain,False,True,,True,"industry_basis_pass:actor=True,change=True,bridge=True",3
I055,배달의민족 매각 논란 및 사업 지속성,배달의민족 매각,COMPETITOR_PLATFORM_RISK,경쟁사_해외이슈,,,COMP_DOMESTIC_FINANCE_COMMERCE,domestic,345.5,2,2,2,3,3408,"3408,3448,3418","[기획] 배달의민족 ‘고심’…매각 나선 독일 본사 어떻게 만족 시킬까 | 배민 매각 우려에 … 자영업자들 ""공공성 강화·배달앱 시장 정상화"" 청원 | 배민 매각 8조 본입찰 임박, 우버 변수에 안갯속",코리아리포트 | 뉴데일리 | jabon.co.kr,배달의민족의 매각 과정 및 잠재적 인수 주체 변화는 국내 배달 시장 경쟁 구도에 영향을 미칠 수 있다. / 배달의민족의 매각 과정에 대한 자영업자들의 우려와 청원은 국내 플랫폼 서비스의 공공성에 대한 사회적 논의를 환기시킬 수 있다.,"배달의민족 매각 관련 기사로, 국내 경쟁사의 주요 사업 변동은 카카오에게 직접적인 영향은 아니지만 시장 경쟁 구도 파악에 필요하다. / 배달의민족 매각 관련 이슈로, 자영업자들의 공공성 강화 요구는 카카오에게도 시사하는 바가 있다.",False,False,24.0,"analysis_with_direct_risk,direct_risk",global_incident:platform_regulation:baemin:delivery_app_fee_policy,False,False,no_public_actor_action_domain,False,True,,True,"industry_basis_pass:actor=True,change=False,bridge=True",2
I056,global_incident:platform_regulation:financial_authority:platform_content_moderation_obligation,government_ai_core_policy,GOV_AI_DIGITAL_POLICY,정부_국회,,GOV_AI_CORE_POLICY,,other,341.0,5,4,5,2,1597,"1597,1626","금융위 “AI 공격은 AI로 방어”…망분리 완화·피싱 대응 강화 | 금융위 ""AI 공격은 AI로 방어""…AX시대 해킹·보이스피싱 대응 강화",KBS 뉴스 | 메트로신문,카카오 AI agent/AI 서비스 전략과 연결되는 핵심 정책환경,로컬 보조 라벨,False,False,14.0,direct_risk,global_incident:platform_regulation:financial_authority:platform_content_moderation_obligation,False,True,public_actor_official_action,False,False,,False,"insufficient_industry_basis:actor=False,change=True,bridge=False",1
I057,government_ai_core_policy:방미통위 과기정통부 ai 미디어 분야 협력 정책협의체 출범,government_ai_core_policy,GOV_AI_DIGITAL_POLICY,정부_국회,,GOV_AI_CORE_POLICY,,other,339.5,5,4,5,1,988,988,"방미통위-과기정통부, AI·미디어 분야 협력...정책협의체 출범",YTN 사이언스,카카오 AI agent/AI 서비스 전략과 연결되는 핵심 정책환경,로컬 보조 라벨,False,False,24.0,business_change,event:과기정통부+방미통위:ai_infrastructure_security+policy_legislation,False,True,public_actor_official_action,False,False,,False,"insufficient_industry_basis:actor=False,change=False,bridge=False",0
I058,government_ai_core_policy:금융위 ai 기반 보험사기 방지체계 구축 tf 출범 9월 종합대책 마련,government_ai_core_policy,GOV_AI_DIGITAL_POLICY,정부_국회,,GOV_AI_CORE_POLICY,,other,339.5,5,4,5,1,1512,1512,"금융위, ‘AI 기반 보험사기 방지체계 구축 TF’ 출범…9월 종합대책 마련",thedailyeconomy.kr,카카오 AI agent/AI 서비스 전략과 연결되는 핵심 정책환경,로컬 보조 라벨,False,False,29.0,business_change,event:금융위:ai_infrastructure_security+policy_legislation,False,True,public_actor_official_action,False,False,,False,"insufficient_industry_basis:actor=False,change=True,bridge=False",1
I059,government_ai_core_policy:방미통위 국방부 군장병 ai 미디어 교육 확대 협약,government_ai_core_policy,GOV_AI_DIGITAL_POLICY,정부_국회,,GOV_AI_CORE_POLICY,,other,339.5,5,4,5,1,1191,1191,"방미통위·국방부, 군장병 AI·미디어 교육 확대 협약",디지털투데이,카카오 AI agent/AI 서비스 전략과 연결되는 핵심 정책환경,로컬 보조 라벨,False,False,24.0,business_change,event:방미통위:ai_infrastructure_security,False,True,public_actor_official_action,False,False,,False,"weak_form_without_full_basis:actor=False,change=True,bridge=False",1
I060,government_ai_core_policy:국방부 방미통위 장병 대상 ai 미디어 교육 확대 불법도박 예방도,government_ai_core_policy,GOV_AI_DIGITAL_POLICY,정부_국회,,GOV_AI_CORE_POLICY,,other,339.5,5,4,5,1,1238,1238,"국방부-방미통위, 장병 대상 AI·미디어 교육 확대‥불법도박 예방도",MBC 뉴스,카카오 AI agent/AI 서비스 전략과 연결되는 핵심 정책환경,로컬 보조 라벨,False,False,24.0,business_change,event:방미통위:ai_infrastructure_security,False,True,public_actor_official_action,False,False,,False,"insufficient_industry_basis:actor=False,change=True,bridge=False",1
I061,government_ai_core_policy:국방부 방미통위 장병 ai 미디어 역량 강화 협약,government_ai_core_policy,GOV_AI_DIGITAL_POLICY,정부_국회,,GOV_AI_CORE_POLICY,,other,339.5,5,4,5,1,1183,1183,"국방부-방미통위, 장병 AI·미디어 역량 강화 협약",BBS불교방송,카카오 AI agent/AI 서비스 전략과 연결되는 핵심 정책환경,로컬 보조 라벨,False,False,24.0,business_change,event:방미통위:ai_infrastructure_security,False,True,public_actor_official_action,False,False,,False,"weak_form_without_full_basis:actor=False,change=False,bridge=False",0
I062,government_ai_core_policy:금융위 금융권 ai 빗장 푼다 망분리 완화 본격 추진,government_ai_core_policy,GOV_AI_DIGITAL_POLICY,정부_국회,,GOV_AI_CORE_POLICY,,other,339.5,5,4,5,1,1572,1572,"금융위, 금융권 AI 빗장 푼다…망분리 완화 본격 추진",비즈월드,카카오 AI agent/AI 서비스 전략과 연결되는 핵심 정책환경,로컬 보조 라벨,False,False,24.0,business_change,event:금융위:ai_infrastructure_security,False,True,public_actor_official_action,False,False,,False,"insufficient_industry_basis:actor=False,change=False,bridge=False",0
I063,government_ai_core_policy:세이지 과기정통부 글로벌 ict 미래 유니콘 선정 제조 ai 기업 성장성 인정,government_ai_core_policy,GOV_AI_DIGITAL_POLICY,정부_국회,,GOV_AI_CORE_POLICY,,other,339.5,5,4,5,1,978,978,"세이지, 과기정통부 ‘글로벌 ICT 미래 유니콘’ 선정… 제조 AI 기업 성장성 인정",스타트업엔,카카오 AI agent/AI 서비스 전략과 연결되는 핵심 정책환경,로컬 보조 라벨,False,False,24.0,business_change,event:과기정통부:ai_infrastructure_security,False,True,public_private_project,False,False,,False,"insufficient_industry_basis:actor=True,change=False,bridge=False",1
I064,global_incident:platform_regulation:science_ict_ministry:platform_regulation,government_ai_core_policy,GOV_AI_DIGITAL_POLICY,정부_국회,,GOV_AI_CORE_POLICY,,other,339.5,5,4,5,1,1006,1006,"과기정통부·방미통위, AI·OTT·플랫폼 정책 공조 본격화 - 머니투데이",머니투데이,카카오 AI agent/AI 서비스 전략과 연결되는 핵심 정책환경,로컬 보조 라벨,False,False,14.0,business_change,global_incident:platform_regulation:science_ict_ministry:platform_regulation,False,True,public_actor_official_action,False,False,,False,"generic_platform_without_digital_business_context:actor=False,change=False,bridge=False",0
I065,데이터센터 전력 규제 및 AI 보고서,데이터센터 전력 규제,COMPETITOR_AI_STRATEGY,경쟁사_해외이슈,,,COMP_OVERSEAS_PLATFORM_AI,overseas,334.0,2,2,1,2,3779,"3779,3723","""데이터센터, 전기료 폭탄"" SNS 배후에 중국이…오픈AI 보고서 파장 - 머니투데이 | ""데이터센터, 전기료 폭탄"" SNS 배후에 중국이…오픈AI 보고서 파장",머니투데이 | 네이트,AI 데이터센터의 전력 소비 문제와 관련된 해외 논의는 카카오의 AI 인프라 구축 및 운영 계획 수립 시 에너지 효율성 및 규제 준수 측면에서 고려해야 할 중요한 요소입니다.,AI 데이터센터의 전력 소비 및 규제 문제는 카카오의 AI 인프라 전략 수립에 직접적인 영향을 미치는 핵심 과제입니다.,False,False,24.0,business_change,global_incident:platform_regulation:openai:platform_data_protection_obligation,False,False,no_public_actor_action_domain,False,True,,True,"industry_basis_pass:actor=True,change=True,bridge=True",3
I066,독일 법원 AI 생성 콘텐츠 책임 판결,AI 책임,COMPETITOR_AI_STRATEGY,경쟁사_해외이슈,,,COMP_OVERSEAS_PLATFORM_AI,overseas,332.5,2,2,1,1,3459,3459,"독일 법원 ""AI 개요도 구글 책임""…허위 정보 생성에 첫 직접 책임 판결",AI타임스,AI가 생성한 콘텐츠에 대한 법적 책임을 묻는 판결은 AI 서비스 개발 및 운영에 있어 책임 범위와 가이드라인 설정에 중요한 참고가 됩니다.,AI 서비스의 법적 책임에 대한 해외 판례는 향후 국내 AI 서비스 관련 법규 및 정책 수립에 영향을 줄 수 있는 중요한 참고 자료입니다.,False,False,24.0,direct_risk,event:구글:ai_infrastructure_security+legal_regulatory_enforcement,False,False,no_public_actor_action_domain,False,True,,True,"industry_basis_pass:actor=True,change=False,bridge=True",2
I067,"개인정보위, 쿠팡 개인정보 유출 관련 과징금 부과",개인정보 유출,GOV_PLATFORM_REGULATION,경쟁사_해외이슈,,GOV_REGULATORY_ENFORCEMENT,COMP_DOMESTIC_DIRECT_RISK,other,332.0,2,2,1,2,1129,"1129,1131","개보위, 개인정보 유출 ‘쿠팡’ 과징금 6천억 부과 | [일지] 쿠팡, 개인정보 유출부터 개인정보위 과징금까지",이뉴스투데이 | 네이트,"개인정보보호위원회의 쿠팡 대상 과징금 부과는 카카오를 포함한 모든 플랫폼 사업자에게 개인정보보호 법규 준수의 중요성을 강조하며, 관련 규제 강화의 가능성을 시사합니다.","개인정보위의 쿠팡 대상 과징금 부과는 카카오에도 적용될 수 있는 규제적 위험을 보여주며, 정보보호 강화의 필요성을 제기합니다.",False,False,24.0,official_action,v27:platform_enforcement:coupang:privacy_data_violation,False,True,platform_obligation,False,True,platform_enforcement:coupang:privacy_data_violation,True,"industry_basis_pass:actor=True,change=False,bridge=True",2
I068,"공정위, 쿠팡 와우회원가 기만광고 제재",기만 광고,GOV_PLATFORM_REGULATION,경쟁사_해외이슈,,GOV_REGULATORY_ENFORCEMENT,COMP_DOMESTIC_DIRECT_RISK,other,332.0,2,2,1,2,1366,"1366,1408","쿠팡 ‘와우회원가’ 기만광고… 공정위, 과징금 5억·시정명령 | 쿠팡 ‘와우회원가’ 기만광고 제재…공정위, 과징금 최고액 5억원 부과",산업종합저널 | 메디컬투데이,"공정위의 쿠팡 와우회원가 기만광고 제재는 플랫폼 사업자의 광고 및 프로모션 관련 표시·광고법 준수의 중요성을 강조하며, 카카오 서비스의 마케팅 활동에 대한 점검 필요성을 제기합니다.",플랫폼 사업자의 기만 광고에 대한 공정위 제재는 카카오의 마케팅 및 광고 정책 수립에 중요한 참고 자료가 됩니다.,False,False,19.0,official_action,v27:platform_enforcement:coupang:deceptive_membership_price_ad,False,True,public_actor_official_action,False,True,platform_enforcement:coupang:deceptive_membership_price_ad,True,"industry_basis_pass:actor=True,change=False,bridge=True",2
I069,"쿠팡 판결을 기준으로 티빙, CU 등도 제재 수위 긴장",규제/제재,COMPETITOR_PLATFORM_RISK,경쟁사_해외이슈,,GOV_REGULATORY_ENFORCEMENT,COMP_DOMESTIC_DIRECT_RISK,domestic,330.5,2,2,1,1,1174,1174,“쿠팡 판결이 기준선”…개보위 과징금 결정에 티빙·CU도 긴장,마이데일리,"쿠팡에 대한 대규모 과징금 부과는 유사한 위반 사례가 있는 티빙, CU 등 다른 기업들에게도 강화된 규제 적용 가능성을 시사하며, 카카오 계열사의 규제 리스크를 높임.",로컬 보조 라벨 / v26.2: overseas structural industry candidate,False,False,14.0,official_action,global_incident:platform_regulation:coupang:platform_operator_obligation,False,True,public_actor_official_action,False,True,,True,"industry_basis_pass:actor=True,change=True,bridge=True",3
I070,"개인정보위, 쿠팡에 6249억 과징금 부과",개인정보 유출,GOV_PLATFORM_REGULATION,경쟁사_해외이슈,,GOV_REGULATORY_ENFORCEMENT,COMP_DOMESTIC_DIRECT_RISK,other,330.5,2,2,1,1,1383,1383,"[속보] 개인정보위, 쿠팡에 6249억 과징금 부과…역대 최고",프레시안,"개인정보보호위원회의 쿠팡 대상 과징금 부과는 카카오를 포함한 모든 플랫폼 사업자에게 개인정보보호 법규 준수의 중요성을 강조하며, 관련 규제 강화의 가능성을 시사합니다.","개인정보위의 쿠팡 대상 과징금 부과는 카카오에도 적용될 수 있는 규제적 위험을 보여주며, 정보보호 강화의 필요성을 제기합니다.",False,False,29.0,official_action,v27:platform_enforcement:coupang:privacy_data_violation,False,True,platform_obligation,False,True,platform_enforcement:coupang:privacy_data_violation,True,"industry_basis_pass:actor=True,change=False,bridge=True",2
I071,"세이지, 과기정통부 ICT 미래 유니콘 육성기업 선정",ICT 유니콘 육성,GOV_PLATFORM_REGULATION,경쟁사_해외이슈,,GOV_REGULATORY_ENFORCEMENT,,other,328.5,3,3,1,1,966,966,"세이지, 과기정통부 ‘글로벌 ICT 미래 유니콘 육성기업’ 선정",보안뉴스,"정부의 ICT 유니콘 육성 기업 선정은 국내 ICT 산업 생태계 활성화에 기여하며, 카카오의 사업 투자 및 협력 기회 발굴에 참고할 수 있습니다.",정부의 유니콘 육성 정책 관련 소식은 카카오의 신규 사업 및 투자 전략 수립에 대한 참고 자료로 활용될 수 있습니다.,False,False,24.0,direct_risk,event:과기정통부:phishing_security+privacy_security_reliability,False,True,public_private_project,False,False,,False,"insufficient_industry_basis:actor=False,change=False,bridge=True",1
I072,global_incident:platform_regulation:financial_authority:platform_regulation,government_regulatory_enforcement,GOV_PLATFORM_REGULATION,정부_국회,,GOV_REGULATORY_ENFORCEMENT,,other,324.0,4,5,4,4,1733,"1733,2072,1787,1763","금감원, 모험자본 플랫폼 간담회 개최…시장 활성화 위한 인프라 마련 | 벤처기업·투자자 한곳에 모은다…금감원, 모험자본 플랫폼 다음달 출범 | 금감원, 투자 플랫폼 출범 추진…내달 '모험자본 플랫폼' 나온다 | 모험자본 공급·수요 연결한다…금감원, 투자 플랫폼 출범 추진",아시아투데이 | 네이트 | 포인트데일리 | 메트로신문,카카오 플랫폼·AI·대관 대응 경로에 영향을 줄 수 있는 정책/감독 이슈,로컬 보조 라벨,False,False,24.0,general,global_incident:platform_regulation:financial_authority:platform_regulation,False,True,public_actor_official_action,False,False,,False,"generic_platform_without_digital_business_context:actor=False,change=True,bridge=False",1
I073,"카카오뱅크, 윤호영 대표 글로벌 전략 및 김우주 영입",인선/글로벌 전략,SELF_AFFILIATE_BUSINESS,자사_및_계열사_이슈,FILLER_REFERENCE,,,domestic,322.8,3,3,1,1,329,329,윤호영 카카오뱅크 글로벌 전략 '기술&플랫폼 수출'에 'M&A 역량' 더한다 : 현대차그룹 출신 김우주 영입이 넓힌 투자 선택지,허프포스트코리아,카카오뱅크의 글로벌 전략 및 신규 영입은 향후 사업 방향에 대한 참고 정보임.,낮은 강도의 운영/서비스 소식,False,False,14.0,business_change,global_incident:platform_regulation:kakao:platform_regulation,False,False,no_public_actor_action_domain,False,True,,True,"industry_basis_pass:actor=True,change=True,bridge=True",3
I074,"카카오뱅크, 현대차 투자통 영입으로 글로벌 확장 박차",인선/글로벌 전략,SELF_AFFILIATE_BUSINESS,자사_및_계열사_이슈,FILLER_REFERENCE,,,domestic,322.8,3,3,1,1,324,324,"카카오뱅크, 현대차 투자통 영입…글로벌 확장 박차",서울경제TV,카카오뱅크의 글로벌 전략 및 신규 영입은 향후 사업 방향에 대한 참고 정보임.,낮은 강도의 운영/서비스 소식,False,False,14.0,general,,False,False,no_public_actor_action_domain,False,True,,True,"industry_basis_pass:actor=True,change=True,bridge=True",3
I075,오픈AI 토큰 비용 인하 검토,AI 서비스 가격 경쟁,COMPETITOR_AI_STRATEGY,경쟁사_해외이슈,,,COMP_OVERSEAS_PLATFORM_AI,overseas,320.5,2,1,2,1,3755,3755,"오픈AI, 토큰 비용 낮추나…앤트로픽과 가격 경쟁 시동",지디넷코리아,"오픈AI가 토큰 비용 인하를 검토하는 것은 AI 서비스 시장의 가격 경쟁 심화를 보여주며, 카카오의 AI 서비스 가격 정책 및 수익 모델 수립에 중요한 참고 자료가 될 수 있습니다.",로컬 보조 라벨 / v26.2: overseas structural industry candidate,False,False,24.0,business_change,global_incident:ai_security_policy:openai:anthropic_glasswing_security,False,False,no_public_actor_action_domain,False,True,,True,"industry_basis_pass:actor=True,change=False,bridge=True",2
I076,"MS AI 수장, 앤트로픽 의식론 경고",AI 안전/윤리,COMPETITOR_AI_STRATEGY,경쟁사_해외이슈,,,COMP_OVERSEAS_PLATFORM_AI,overseas,320.5,2,1,2,1,3802,3802,"MS AI 수장 술레이만, 앤트로픽 ‘클로드 의식론’에 “매우 위험”",AI 매터스,"MS AI 수장이 앤트로픽의 '클로드 의식론'에 대해 경고하는 것은 AI 안전 및 윤리 논의의 중요성을 부각시키며, 카카오의 AI 윤리 정책 수립 및 책임감 있는 AI 개발에 중요한 시사점을 제공합니다.",로컬 보조 라벨 / v26.2: overseas structural industry candidate,False,False,24.0,business_change,global_incident:ai_security_policy:sector:anthropic_glasswing_security,False,False,no_public_actor_action_domain,False,True,,True,"industry_basis_pass:actor=True,change=False,bridge=True",2
I077,오픈AI CEO 방한 및 카카오 대표 회동,AI 협력/인선,SELF_DIRECT_RISK,자사_및_계열사_이슈,STRATEGIC_REFERENCE,,COMP_OVERSEAS_REGULATION_DATA,mixed,314.3,1,1,1,3,373,"373,21,401","오픈AI 샘 올트먼 다음 주 방한⋯15일 정신아 카카오 대표 회동 | 오픈AI 샘 올트먼, 15일 카카오 방문…정신아 대표 회동 | 오픈AI 샘 올트먼 다음 주 방한⋯15일 정신아 카카오 대표 회동",아이뉴스24 | KBS 뉴스 | 네이트,글로벌 AI 선도 기업인 오픈AI CEO와의 만남은 카카오의 AI 사업 전략 및 기술 협력 방안 논의에 중요한 기회가 될 수 있음.,로컬 보조 라벨 / v26: 오늘 새 직접 사건·진전,False,False,24.0,direct_risk,global_incident:ai_security_policy:kakao:openai_security_access,False,False,no_public_actor_action_domain,False,True,,True,"industry_basis_pass:actor=True,change=False,bridge=True",2
I078,불법 촬영물 유통 방지 의무화,플랫폼 규제/콘텐츠 차단,COMPETITOR_AI_STRATEGY,경쟁사_해외이슈,FILLER_REFERENCE,,COMP_OVERSEAS_PLATFORM_AI,overseas,314.0,2,1,2,2,3489,"3489,3472","엑스, 구글 앱 마켓서 ‘청소년 이용불가’ 등급 조정 | 구글·메타·네카오 등, 불법 촬영된 이미지 기술적 차단 의무화",중앙일보 | v.daum.net,"구글 앱 마켓의 '청소년 이용 불가' 등급 조정은 불법 촬영물 등 유해 콘텐츠 유통 방지를 위한 플랫폼 사업자의 책임 강화 추세를 보여주며, 카카오의 콘텐츠 정책 및 서비스 운영에 참고할 수 있습니다. / 구글, 메타, 네카오 등의 플랫폼에 불법 촬영물 유통 방지 기술적 차단 의무가 부과되는 것은 디지털 플랫폼 사업자에 대한 규제 강화 추세를 보여주며, 카카오 서비스 운영에 중요한 참고 자료가 됩니다.",로컬 보조 라벨 / v26.2: overseas structural industry candidate / v26: 카카오 직접 주체가 없어 자사 섹션 제외/재분류 / v26.2: overseas structural industry candidate,False,False,24.0,general,global_incident:platform_regulation:google:platform_content_moderation_obligation,False,False,no_public_actor_action_domain,False,True,,True,"industry_basis_pass:actor=True,change=True,bridge=True",3
I079,"앤트로픽 최상위 AI 모델 출시와 오픈AI, 구글 신모델 경쟁",AI 경쟁,COMPETITOR_AI_STRATEGY,경쟁사_해외이슈,STRATEGIC_REFERENCE,,COMP_DOMESTIC_AI_PLATFORM,overseas,313.5,1,1,1,3,3549,"3549,3574,3560","앤트로픽, '미토스 클래스' 첫 상용화…오픈AI·구글 신모델 압박 | 앤트로픽, '미토스 클래스' 첫 상용화…오픈AI·구글 신모델 압박 | 앤트로픽, 미토스 클래스 첫 상용화…오픈AI·구글 신모델 압박",v.daum.net | 네이트 | 아주경제,AI 모델 경쟁 심화는 카카오 AI 기술 개발 및 서비스 전략 수립에 중요한 참고 자료가 됨.,v26: 카카오 직접 주체가 없어 자사 섹션 제외/재분류 / v26.2: overseas structural industry candidate / 로컬 보조 라벨 / v26.2: overseas structural industry candidate,False,False,14.0,business_change,global_incident:ai_security_policy:toss:anthropic_glasswing_security,False,False,no_public_actor_action_domain,False,True,,True,"industry_basis_pass:actor=True,change=True,bridge=True",3
I080,"삼성전자, 3대 AI 모델 수용 및 AX 혁신 가동",AI 도입,COMPETITOR_AI_STRATEGY,경쟁사_해외이슈,,,COMP_OVERSEAS_PLATFORM_AI,mixed,309.5,1,1,1,1,3481,3481,"오픈AI·구글·앤트로픽 3대 AI 전격 수용… 삼성전자, DX부문 ‘AX 혁신’ 업무 환경 공식 가동",블록체인투데이,"삼성전자의 주요 AI 모델 수용 및 AI 전환(AX) 가동은 국내 기업들의 AI 도입 확산 추세를 보여주며, 카카오의 AI 기술 접목 및 서비스 혁신에 대한 시사점을 제공합니다.",국내 주요 기업의 AI 도입 가속화는 카카오의 AI 전략 및 서비스 개발 방향 설정에 중요한 시사점을 제공합니다.,False,False,24.0,business_change,global_incident:ai_security_policy:google:anthropic_glasswing_security,False,False,no_public_actor_action_domain,False,True,,True,"industry_basis_pass:actor=True,change=True,bridge=True",3
I081,알리페이 고객정보 유출 및 카카오페이 과징금,개인정보 유출/제재,COMPETITOR_PLATFORM_RISK,경쟁사_해외이슈,DIRECT_RISK,,COMP_OVERSEAS_REGULATION_DATA,overseas,303.5,2,1,2,1,4049,4049,"알리페이에 고객정보 유출…法 ""카카오페이, 60억 과징금 정당""",이데일리,"알리페이 고객정보 유출 사건과 관련하여 카카오페이에 부과된 과징금은 개인정보 보호 규제 및 제재 동향을 보여주며, 카카오의 개인정보 관리 및 보안 강화 전략에 중요한 참고 자료가 됩니다.",로컬 보조 라벨 / v26: 오늘 새 직접 사건·진전,False,False,24.0,official_action,v27:platform_enforcement:kakao:privacy_data_violation,False,False,no_public_actor_action_domain,False,True,platform_enforcement:kakao:privacy_data_violation,True,"industry_basis_pass:actor=True,change=False,bridge=True",2
I082,카카오페이 고객 정보 유출 관련 법원 판결,정보 유출,SELF_DIRECT_RISK,자사_및_계열사_이슈,DIRECT_RISK,GOV_DIRECT_PLATFORM_OBLIGATION,,other,303.3,1,1,1,1,2,2,"법원 “카카오페이, 고객 정보유출” 판결…개보위 제재 유지",전자신문,카카오페이의 고객 정보 유출 관련 법원 판결은 카카오 전체의 정보보호 및 보안 시스템에 대한 신뢰도에 영향을 미칠 수 있습니다.,카카오페이의 직접적인 법적 판결은 카카오의 정보보안 및 개인정보 보호 이슈와 직결되는 직접적인 리스크입니다.,False,False,24.0,official_action,v27:platform_enforcement:kakao:privacy_data_violation,False,True,platform_obligation,False,True,platform_enforcement:kakao:privacy_data_violation,True,"industry_basis_pass:actor=True,change=False,bridge=True",2
I083,"카카오페이, 알리페이 고객정보 이전 관련 과징금",카카오페이 개인정보 유출,SELF_DIRECT_RISK,자사_및_계열사_이슈,DIRECT_RISK,,,other,301.8,1,1,3,8,1,"1,14,582,420,59,49,628,629","中알리페이에 고객정보 넘긴 카카오페이…法 ""과징금 60억원 적법"" | [뉴스줌인]카카오페이 판결 후폭풍…금융권 위수탁 관행 흔들린다 | 법원 ""알리페이에 고객정보 넘긴 카카오페이, 과징금 처분 정당"" | 알리페이에 고객정보 넘긴 카카오페이…법원 “과징금 60억 원 적법” | 법원 ""알리페이에 고객정보 준 카카오페이 과징금 60억 적법""",연합뉴스 | 전자신문 | 뉴스1 | KBS 뉴스 | TV서울,"카카오페이가 알리페이에 고객정보를 이전한 건에 대한 법원의 과징금 60억원 부과 판결은 개인정보보호 규정 위반에 대한 직접적인 법적 제재이다. / 카카오페이가 알리페이에 고객정보를 이전한 건에 대한 법원의 과징금 60억원 부과 판결은 개인정보보호 규정 위반에 대한 직접적인 법적 제재이며, 금융권 위수탁 관행에 대한 논의를 촉발할 수 있다.","카카오페이의 과징금 부과 판결은 직접적인 법적 리스크이며, 카카오 그룹 전체의 컴플라이언스에 대한 경각심을 높인다. / 카카오페이의 과징금 부과 판결은 직접적인 법적 리스크이며, 카카오 그룹 전체의 컴플라이언스 및 금융권 관행에 대한 시사점을 준다.",False,False,24.0,"direct_risk,official_action",v27:platform_enforcement:kakao:privacy_data_violation,False,False,no_public_actor_action_domain,False,True,platform_enforcement:kakao:privacy_data_violation,True,"industry_basis_pass:actor=True,change=False,bridge=True",2
I084,캐나다의 청소년 SNS 및 AI 챗봇 규제 추진,청소년 SNS 규제,GOV_AI_DIGITAL_POLICY,경쟁사_해외이슈,,GOV_AI_CORE_POLICY,,other,299.5,2,2,2,5,2244,"2244,2250,2381,2248,2246","캐나다도 16세 미만 SNS 가입 제한 추진…AI 챗봇도 규제 대상 | 캐나다, 16세 미만 소셜미디어 제한 추진…AI 챗봇도 규제 | 캐나다도 16세 미만 SNS 금지 추진…AI챗봇 규제 도입도 | 캐나다도 청소년 SNS 규제 추진…AI도 포함 | 캐나다 '안전한 소셜미디어법' 발의…아동 SNS·AI 챗봇 함께 규제",아시아투데이 | 네이트 | 매일경제 마켓 | 네이트 | 디지털투데이,캐나다의 16세 미만 SNS 가입 제한 및 AI 챗봇 규제 추진은 글로벌 플랫폼 및 AI 서비스 관련 규제 동향을 보여준다.,"캐나다의 청소년 SNS 및 AI 챗봇 규제 추진 관련 기사로, 글로벌 플랫폼 및 AI 규제 동향 파악에 유용하다. / v23_category_reassign:v26_2_foreign_policy_to_competitor_overseas",False,False,24.0,business_change,global_incident:platform_regulation:platform_sector:platform_content_moderation_obligation,False,False,foreign_public_policy,False,False,,False,"generic_platform_without_digital_business_context:actor=False,change=True,bridge=True",2
I085,앤트로픽 최상위 AI 모델 출시 및 구글의 다국어 동시통역 기능 도입,AI 경쟁,COMPETITOR_AI_STRATEGY,경쟁사_해외이슈,,,COMP_DOMESTIC_AI_PLATFORM,overseas,296.5,1,1,1,1,3558,3558,"[Tech & Now] 앤트로픽, 최상위 AI '미토스5' 출시…구글은 70개 언어 '동시통역' 도입",ebn.co.kr,AI 모델 경쟁 심화 및 신기능 도입은 카카오 AI 기술 개발 및 서비스 전략 수립에 중요한 참고 자료가 됨.,로컬 보조 라벨 / v26.2: overseas structural industry candidate,False,False,14.0,business_change,global_incident:ai_security_policy:toss:anthropic_glasswing_security,False,False,no_public_actor_action_domain,False,True,,True,"industry_basis_pass:actor=True,change=True,bridge=True",3
I086,"앤트로픽, 클로드 마이토스 5 출시와 가격 경쟁",AI 경쟁,COMPETITOR_AI_STRATEGY,경쟁사_해외이슈,,,COMP_DOMESTIC_AI_PLATFORM,overseas,296.5,1,1,1,1,3393,3393,"앤트로픽, 클로드 마이토스 5를 백만 토큰당 10달러에 출시… “지금까지 가장 강력한 모델” 주장",Yellow.com,AI 모델 경쟁 심화 및 가격 정책 변화는 카카오 AI 기술 개발 및 서비스 전략 수립에 중요한 참고 자료가 됨.,로컬 보조 라벨 / v26.2: overseas structural industry candidate,False,False,14.0,general,global_incident:ai_security_policy:toss:anthropic_glasswing_security,False,False,no_public_actor_action_domain,False,True,,True,"industry_basis_pass:actor=True,change=True,bridge=True",3
I087,"오픈AI CEO 방한 및 삼성, 카카오 만남",AI 협력/인선,SELF_AFFILIATE_BUSINESS,자사_및_계열사_이슈,STRATEGIC_REFERENCE,,COMP_OVERSEAS_PLATFORM_AI,mixed,293.3,1,1,1,5,29,"29,54,392,368,20","오픈AI 샘 올트먼, 14~15일 방한…삼성·카카오 만난다 | 오픈AI CEO 샘 올트먼 14~15일 방한…삼성·카카오 만난다 | 오픈AI 샘 올트먼, 14~15일 방한…삼성·카카오 만난다 | 오픈AI 샘 올트먼, 14~15일 방한‥삼성·카카오 만난다 | 오픈AI 샘 올트먼, 14~15일 방한‥삼성·카카오 만난다",디지털데일리 | KBS 뉴스 | 네이트 | v.daum.net | MBC 뉴스,글로벌 AI 선도 기업인 오픈AI CEO와의 만남은 카카오의 AI 사업 전략 및 기술 협력 방안 논의에 중요한 기회가 될 수 있음.,로컬 보조 라벨,False,False,24.0,business_change,global_incident:ai_security_policy:kakao:openai_security_access,False,False,no_public_actor_action_domain,False,True,,True,"industry_basis_pass:actor=True,change=False,bridge=True",2
I088,카카오 AI 보안 관련 동향,IT 신기술/서비스,SELF_AFFILIATE_BUSINESS,자사_및_계열사_이슈,STRATEGIC_REFERENCE,,,other,292.3,5,4,1,1,387,387,"[Game & Now] 넷마블 ‘스톰랜드’, 카카오 한복, 넥써쓰 AI 보안…3색 성장 카드",ebn.co.kr,"넷마블의 게임 신작, 카카오의 한복 관련 사업, 넥써쓰의 AI 보안 솔루션 등 다양한 IT 분야의 신규 동향은 카카오의 사업 확장 및 기술 동향 파악에 참고가 됨.","카카오의 특정 사업(한복) 언급과 더불어 AI 보안 등 IT 업계 동향을 포함하여 전략적 참고가 될 수 있으나, 직접적인 리스크는 아님.",False,False,24.0,direct_risk,global_incident:ai_security_policy:kakao:ai_security_policy,False,False,no_public_actor_action_domain,False,True,,True,"industry_basis_pass:actor=True,change=False,bridge=True",2
I089,캐나다 SNS 및 AI 챗봇 규제 추진,AI 규제,COMPETITOR_PLATFORM_RISK,경쟁사_해외이슈,,,COMP_OVERSEAS_REGULATION_DATA,overseas,291.5,2,1,2,1,3697,3697,캐나다도 16세 미만 SNS 금지 추진…AI챗봇 규제 도입도,연합뉴스,"캐나다에서 16세 미만 SNS 이용 제한 및 AI 챗봇 규제 도입을 추진하는 것은 AI 서비스 및 플랫폼 운영에 대한 국제적인 규제 동향을 보여주며, 카카오의 글로벌 서비스 운영 및 규제 대응 전략 수립에 중요한 참고 자료가 됩니다.",로컬 보조 라벨 / v26.2: overseas structural industry candidate,False,False,24.0,business_change,global_incident:platform_regulation:platform_sector:platform_operator_obligation,False,False,foreign_public_policy,False,True,,True,"industry_basis_pass:actor=True,change=True,bridge=True",3
I090,"오픈AI CEO 방한 및 삼성, 카카오와 AI 협력 논의",AI 협력/인선,SELF_AFFILIATE_BUSINESS,자사_및_계열사_이슈,STRATEGIC_REFERENCE,,COMP_OVERSEAS_PLATFORM_AI,mixed,288.8,1,1,1,2,378,"378,361","샘 올트먼 오픈AI CEO 방한, 삼성·카카오와 AI 협력 논의 | 샘 올트먼 오픈AI CEO, 14일 방한…삼성·카카오와 AI 협력 논의",네이트 | ebn.co.kr,글로벌 AI 선도 기업인 오픈AI CEO와의 만남은 카카오의 AI 사업 전략 및 기술 협력 방안 논의에 중요한 기회가 될 수 있음.,로컬 보조 라벨,False,False,24.0,business_change,global_incident:ai_security_policy:kakao:openai_security_access,False,False,no_public_actor_action_domain,False,True,,True,"industry_basis_pass:actor=True,change=False,bridge=True",2
I091,"오픈AI CEO 방한 및 삼성전자, 카카오 회동",AI 협력/인선,SELF_AFFILIATE_BUSINESS,자사_및_계열사_이슈,STRATEGIC_REFERENCE,,COMP_OVERSEAS_PLATFORM_AI,mixed,287.3,1,1,1,1,40,40,샘 올트먼 오픈AI CEO 8개월 만 방한…삼성전자·카카오 찾는다,JTBC,글로벌 AI 선도 기업인 오픈AI CEO와의 만남은 카카오의 AI 사업 전략 및 기술 협력 방안 논의에 중요한 기회가 될 수 있음.,로컬 보조 라벨,False,False,24.0,business_change,global_incident:ai_security_policy:kakao:openai_security_access,False,False,no_public_actor_action_domain,False,True,,True,"industry_basis_pass:actor=True,change=False,bridge=True",2
I092,"오픈AI CEO 방한 및 삼성전자, 카카오와 AI 협력 다짐",AI 협력/인선,SELF_AFFILIATE_BUSINESS,자사_및_계열사_이슈,STRATEGIC_REFERENCE,,COMP_OVERSEAS_PLATFORM_AI,mixed,287.3,1,1,1,1,389,389,오픈AI 샘 올트먼 14일 방한…삼성전자·카카오와 AI 협력 다진다,딜라이트닷넷,글로벌 AI 선도 기업인 오픈AI CEO와의 만남은 카카오의 AI 사업 전략 및 기술 협력 방안 논의에 중요한 기회가 될 수 있음.,로컬 보조 라벨,False,False,24.0,business_change,global_incident:ai_security_policy:kakao:openai_security_access,False,False,no_public_actor_action_domain,False,True,,True,"industry_basis_pass:actor=True,change=False,bridge=True",2
I093,"오픈AI CEO 방한, 삼성·카카오와 AI 협력 논의",AI 협력/인선,SELF_AFFILIATE_BUSINESS,자사_및_계열사_이슈,STRATEGIC_REFERENCE,,COMP_OVERSEAS_PLATFORM_AI,mixed,287.3,1,1,1,1,71,71,"샘 올트먼 오픈AI CEO 방한, 삼성·카카오와 AI 협력 논의 By 알파경제 alphabiz",Investing.com 한국어,글로벌 AI 선도 기업인 오픈AI CEO와의 만남은 카카오의 AI 사업 전략 및 기술 협력 방안 논의에 중요한 기회가 될 수 있음.,로컬 보조 라벨,False,False,24.0,business_change,global_incident:ai_security_policy:kakao:openai_security_access,False,False,no_public_actor_action_domain,False,True,,True,"industry_basis_pass:actor=True,change=False,bridge=True",2
I094,"오픈AI CEO 방한 및 삼성전자, 카카오 만남",AI 협력/인선,SELF_AFFILIATE_BUSINESS,자사_및_계열사_이슈,STRATEGIC_REFERENCE,,COMP_OVERSEAS_PLATFORM_AI,mixed,287.3,1,1,1,1,405,405,"오픈AI 샘 올트먼, 내주 방한…삼성전자·카카오 만난다",네이트,글로벌 AI 선도 기업인 오픈AI CEO와의 만남은 카카오의 AI 사업 전략 및 기술 협력 방안 논의에 중요한 기회가 될 수 있음.,로컬 보조 라벨,False,False,24.0,business_change,global_incident:ai_security_policy:kakao:openai_security_access,False,False,no_public_actor_action_domain,False,True,,True,"industry_basis_pass:actor=True,change=False,bridge=True",2
I095,젠슨 황에 이어 오픈AI 샘 올트먼도 방한…삼성·카카오와 만남,AI 협력/인선,SELF_AFFILIATE_BUSINESS,자사_및_계열사_이슈,STRATEGIC_REFERENCE,,COMP_OVERSEAS_PLATFORM_AI,mixed,287.3,1,1,1,1,393,393,젠슨 황에 이어 오픈AI 샘 올트먼도 방한...14~15일 삼성·카카오 만나,생생비즈플러스,글로벌 AI 선도 기업인 오픈AI CEO와의 만남은 카카오의 AI 사업 전략 및 기술 협력 방안 논의에 중요한 기회가 될 수 있음.,로컬 보조 라벨,False,False,24.0,business_change,global_incident:ai_security_policy:kakao:openai_security_access,False,False,no_public_actor_action_domain,False,True,,True,"industry_basis_pass:actor=True,change=False,bridge=True",2
I096,"오픈AI 샘 올트먼 방한, 삼성전자·카카오와 챗GPT 협력 확대 주목",AI 협력/인선,SELF_AFFILIATE_BUSINESS,자사_및_계열사_이슈,STRATEGIC_REFERENCE,,COMP_OVERSEAS_PLATFORM_AI,mixed,287.3,1,1,1,1,397,397,"오픈AI 샘 알트먼, 삼성전자·카카오 찾는다…챗GPT 협력 확대 주목",네이트,글로벌 AI 선도 기업인 오픈AI CEO와의 만남은 카카오의 AI 사업 전략 및 기술 협력 방안 논의에 중요한 기회가 될 수 있음.,로컬 보조 라벨,False,False,24.0,business_change,global_incident:ai_security_policy:kakao:openai_security_access,False,False,no_public_actor_action_domain,False,True,,True,"industry_basis_pass:actor=True,change=True,bridge=True",3
I097,"앤트로픽, 신규 AI 모델 출시 및 오픈AI 성능 비교",AI 경쟁,COMPETITOR_AI_STRATEGY,경쟁사_해외이슈,,,COMP_OVERSEAS_PLATFORM_AI,overseas,286.5,1,1,1,1,3682,3682,"[글로벌] 앤트로픽, IPO 앞두고 '페이블5' '미토스5' 출시...오픈AI 성능 격차 벌렸다",테크M,앤트로픽의 신규 AI 모델 출시와 오픈AI와의 성능 경쟁 심화는 AI 기술 발전 속도 및 시장 경쟁 구도 변화에 대한 중요한 정보를 제공합니다.,주요 AI 기업 간의 기술 경쟁 심화는 카카오의 AI 기술 전략 수립에 중요한 참고 자료가 됩니다.,False,False,24.0,direct_risk,global_incident:ai_security_policy:toss:anthropic_glasswing_security,False,False,no_public_actor_action_domain,False,True,,True,"industry_basis_pass:actor=True,change=True,bridge=True",3
I098,쿠팡 개인정보 유출 관련 과징금 산출 공식,개인정보 유출/과징금,COMPETITOR_PLATFORM_RISK,경쟁사_해외이슈,,GOV_REGULATORY_ENFORCEMENT,COMP_DOMESTIC_DIRECT_RISK,domestic,286.0,1,1,1,2,1884,"1884,1905",쿠팡 3건 통합해 6246억…개보위가 적용한 '과징금 산출 공식' | 쿠팡 3건 통합해 6246억…개보위가 적용한 ‘과징금 산출 공식’,네이트 | 이투데이,"쿠팡에 부과된 과징금 규모 및 산출 공식은 개인정보 유출 관련 제재의 기준 및 동향을 보여주며, 카카오의 개인정보 보호 강화 전략 수립 및 리스크 관리에 중요한 참고 자료가 됩니다.",로컬 보조 라벨 / v26.2: overseas structural industry candidate,False,False,24.0,official_action,v27:platform_enforcement:coupang:privacy_data_violation,False,True,public_actor_official_action,False,True,platform_enforcement:coupang:privacy_data_violation,True,"industry_basis_pass:actor=True,change=False,bridge=True",2
I099,쿠팡 개인정보 유출 관련 과징금 부과,개인정보 유출/과징금,COMPETITOR_PLATFORM_RISK,경쟁사_해외이슈,,GOV_REGULATORY_ENFORCEMENT,COMP_DOMESTIC_DIRECT_RISK,domestic,284.5,1,1,1,1,1178,1178,"개보위, 쿠팡에 과징금 6247억원…쿠팡 “2차 피해 방지 노력 반영 안돼”",인더뉴스,"쿠팡에 대한 과징금 부과는 플랫폼 사업자의 개인정보 보호 책임 강화 추세를 보여주며, 카카오의 개인정보 관리 및 보안 강화 전략 수립에 중요한 참고 자료가 됩니다.",로컬 보조 라벨 / v26.2: overseas structural industry candidate,False,False,24.0,official_action,v27:platform_enforcement:coupang:privacy_data_violation,False,True,public_actor_official_action,False,True,platform_enforcement:coupang:privacy_data_violation,True,"industry_basis_pass:actor=True,change=False,bridge=True",2
I100,"트럼프, AI 기업 지분 국민에게 분배 주장 (AI 배당 논쟁)",AI 정책,GOV_AI_DIGITAL_POLICY,경쟁사_해외이슈,,GOV_AI_CORE_POLICY,COMP_GENERAL_LOW_RELEVANCE,overseas,277.5,3,3,1,1,4099,4099,트럼프 “AI 기업 지분 국민에게”···‘AI 배당’ 논쟁 확산,경향신문,"트럼프 전 대통령의 AI 관련 정책 제안은 미국 내 AI 산업 정책 방향에 영향을 줄 수 있으나, 카카오의 직접적인 정책 환경과는 거리가 있음.",카카오와의 직접적인 영향 경로가 명확하지 않아 우선순위 낮음,False,True,24.0,direct_risk,,False,False,no_public_actor_action_domain,False,True,,True,"industry_basis_pass:actor=True,change=True,bridge=False",2
I101,대만·미국의 중국 AI 칩 수출 통제 검토,AI 칩 수출 규제,GOV_PLATFORM_REGULATION,경쟁사_해외이슈,,GOV_REGULATORY_ENFORCEMENT,COMP_OVERSEAS_REGULATION_DATA,mixed,276.75,1,1,3,1,4216,4216,"""대만, AI 칩 중국수출 전면 통제 검토""…미국은 중국 빅테크에 ‘블랙리스트’ 저격",JTBC,"대만과 미국의 중국 AI 칩 수출 통제 움직임은 글로벌 AI 반도체 공급망에 큰 영향을 미쳐, 관련 기술 개발 및 사업 전략에 영향을 줄 수 있다.","AI 칩 수출 규제 관련 기사로, AI 기술 발전 및 공급망에 대한 중대한 영향을 시사하여 카카오의 AI 전략에 중요한 참고가 된다.",False,False,14.0,business_change,,False,False,no_public_actor_action_domain,False,False,,True,"industry_basis_pass:actor=True,change=True,bridge=False",2
I102,카카오페이 고객정보 유출 및 과징금,개인정보 유출,SELF_DIRECT_RISK,자사_및_계열사_이슈,DIRECT_RISK,,,other,274.55,1,1,1,3,572,"572,58,60","알리페이에 고객정보 넘긴 카카오페이…법원 “과징금 60억원 적당” | 法 ""알리페이에 고객정보 유출 카카오페이, 60억 과징금 정당""(종합) | 법원 ""알리페이에 개인정보 유출한 카카오페이에 60억 과징금 정당""",서울경제 | 뉴시스 | 뉴시스,"법원의 카카오페이 60억 과징금 확정은 개인정보 관리 소홀에 대한 직접적인 제재이며, 향후 유사 사고 방지를 위한 보안 강화 및 관련 법규 준수에 대한 경각심을 높임.","법원에서 카카오페이의 고객정보 유출에 대한 60억 과징금이 정당하다는 판결은 직접적인 법적, 금전적 리스크임.",False,False,29.0,official_action,v27:platform_enforcement:kakao:privacy_data_violation,False,False,no_public_actor_action_domain,False,True,platform_enforcement:kakao:privacy_data_violation,True,"industry_basis_pass:actor=True,change=False,bridge=True",2
I103,오픈AI CEO 방한 및 국내 빅테크 면담,AI 협력/방문,SELF_AFFILIATE_BUSINESS,자사_및_계열사_이슈,STRATEGIC_REFERENCE,,COMP_OVERSEAS_PLATFORM_AI,overseas,266.55,1,1,1,1,19,19,"오픈AI 샘 올트먼, 14~15일 방한…삼성·카카오 만난다(종합)",연합뉴스,"오픈AI CEO의 방한 및 삼성, 카카오와의 만남은 국내 AI 시장에서의 협력 가능성을 시사하며, 향후 카카오의 AI 전략 및 파트너십 구축에 대한 중요한 인사이트를 제공합니다.",로컬 보조 라벨,False,False,29.0,business_change,global_incident:ai_security_policy:kakao:openai_security_access,False,False,no_public_actor_action_domain,False,True,,True,"industry_basis_pass:actor=True,change=False,bridge=True",2
I104,"日 NTT, 韓·美·臺와 광네트워크 펀드 조성 (데이터 센터 전력 문제 해결)",인프라/데이터센터,GOV_AI_DIGITAL_POLICY,경쟁사_해외이슈,,GOV_ADJACENT_DIGITAL_POLICY,COMP_OVERSEAS_PLATFORM_AI,overseas,260.5,3,3,1,1,4303,4303,"日 NTT, 韓·美·臺 손잡고 ‘광네트워크 펀드’ 조성… 데이터 센터 전력 쇼크 해결한다",글로벌이코노믹,데이터센터 전력 문제 해결을 위한 국제적 협력은 카카오의 인프라 투자 및 운영 계획 수립에 간접적인 참고가 될 수 있음.,카카오와의 직접적인 영향 경로가 명확하지 않아 우선순위 낮음,False,True,14.0,general,,False,False,no_public_actor_action_domain,False,False,,True,"industry_basis_pass:actor=True,change=True,bridge=True",3
I105,캐나다 16세 미만 SNS 금지 및 AI 챗봇 규제 추진,SNS/AI 규제,COMPETITOR_PLATFORM_RISK,경쟁사_해외이슈,,,COMP_OVERSEAS_REGULATION_DATA,overseas,257.5,1,1,1,1,3728,3728,캐나다도 16세 미만 SNS 금지 추진…AI챗봇 규제 도입도,KBS 뉴스,카카오는 글로벌 IT 서비스 기업으로서 해외의 개인정보 및 AI 관련 규제 동향을 참고해야 함.,로컬 보조 라벨 / v26.2: overseas structural industry candidate,False,False,24.0,business_change,global_incident:platform_regulation:platform_sector:platform_operator_obligation,False,False,foreign_public_policy,False,True,,True,"industry_basis_pass:actor=True,change=True,bridge=True",3
I106,금감원 모험자본 플랫폼 간담회,플랫폼 규제,GOV_PLATFORM_REGULATION,경쟁사_해외이슈,,GOV_REGULATORY_ENFORCEMENT,,other,238.0,1,1,1,2,1710,"1710,2087","""생산적 금융 확대""…금감원, 모험자본 플랫폼 간담회 개최 | ""생산적 금융 확대""…금감원, 모험자본 플랫폼 간담회 개최",데일리안 | 네이트,"금감원의 모험자본 플랫폼 간담회 개최는 금융 당국의 플랫폼 생태계 육성 및 규제 정책 방향을 보여주며, 이는 카카오뱅크 등 금융 관련 사업에 영향을 줄 수 있음.",금융감독원의 모험자본 플랫폼 간담회는 카카오의 금융 관련 사업 전략에 영향을 줄 수 있는 정책 동향임.,False,False,24.0,general,global_incident:platform_regulation:financial_authority:platform_operator_obligation,False,True,public_actor_official_action,False,False,,False,"generic_platform_without_digital_business_context:actor=False,change=True,bridge=True",2
I107,YMT ENEPIG 사업,신규 기술 사업화,COMPETITOR_PLATFORM_RISK,경쟁사_해외이슈,,,COMP_DOMESTIC_STRATEGY,domestic,235.5,4,4,5,1,2640,2640,"[기업탐방] 와이엠티, “ENEPIG는 이미 중국 V사를 통해 북미 고객사 승인을 확보한 상태이며, 태국과 베트남 증설 효과를 활용해 추가 매출 확대를 기대”",네이버 프리미엄콘텐츠,YMT의 ENEPIG 사업 성과는 신소재 기술을 활용한 사업 확장 가능성을 보여줌.,"카카오와의 영향 경로를 명확히 설명하기 어렵고, 직접적인 관련성이 낮음.",False,True,24.0,general,global_incident:platform_regulation:naver:platform_content_moderation_obligation,False,False,no_public_actor_action_domain,False,True,,True,"industry_basis_pass:actor=True,change=True,bridge=True",3
I108,카카오 AI 보안 전략 및 성장 카드,AI 보안 및 성장 전략,SELF_AFFILIATE_BUSINESS,자사_및_계열사_이슈,STRATEGIC_REFERENCE,,COMP_DOMESTIC_AI_PLATFORM,domestic,234.3,2,2,2,1,403,403,"[Game & Now] 넷마블 '스톰랜드', 카카오 한복, 넥써쓰 AI 보안…3색 성장 카드",네이트,"카카오의 AI 보안 전략은 서비스 경쟁력 강화 및 신뢰도 확보에 중요하며, 넷마블, 넥써쓰 등과의 비교를 통해 사업 방향을 점검할 수 있다.","카카오의 AI 보안 전략은 회사의 핵심 경쟁력이며, 경쟁사의 사례와 비교하여 전략적 참고가 가능하다.",False,False,24.0,direct_risk,global_incident:ai_security_policy:kakao:ai_security_policy,False,False,no_public_actor_action_domain,False,True,,True,"industry_basis_pass:actor=True,change=False,bridge=True",2
I109,미 뉴욕 금융당국의 스테이블코인 규제안 발표,스테이블코인 규제,GOV_FINANCIAL_DIGITAL_POLICY,경쟁사_해외이슈,,GOV_DIGITAL_FINANCE_POLICY,,other,232.0,2,2,2,1,2290,2290,"美 뉴욕 금융당국, 스테이블코인 규제안 공개…""지니어스법 반영""",블루밍비트,"미국 뉴욕 금융당국의 스테이블코인 규제안 발표는 글로벌 디지털 자산 시장의 규제 환경 변화를 보여주며, 카카오의 관련 사업 진출 및 운영에 영향을 줄 수 있다.","미국 스테이블코인 규제 관련 기사로, 카카오의 디지털 자산 사업 진출 시 참고할 수 있다. / v23_category_reassign:v26_2_foreign_policy_to_competitor_overseas",False,False,14.0,general,global_incident:digital_asset_policy:digital_asset_sector:stablecoin_policy,False,False,foreign_public_policy,False,False,,False,"insufficient_industry_basis:actor=False,change=True,bridge=False",1
I110,"과기정통부, EU와 AI·디지털 협력 확대",AI 정책,GOV_AI_DIGITAL_POLICY,정부_국회,,GOV_AI_CORE_POLICY,COMP_OVERSEAS_REGULATION_DATA,overseas,228.5,5,4,1,1,964,964,"과기정통부, EU와 AI·디지털 협력 확대…호라이즌 유럽 성과도 확인",디지털데일리,"과기정통부와 EU의 AI·디지털 협력 확대는 국제적인 AI 정책 동향 및 기술 표준 논의를 파악하는 데 도움이 되나, 카카오의 직접적인 영향 경로는 명확하지 않음.",국제적인 AI 정책 협력은 카카오의 직접적인 정책 환경에 미치는 영향이 제한적이므로 우선순위를 낮게 평가함.,False,True,24.0,business_change,event:과기정통부:ai_infrastructure_security,False,True,public_actor_official_action,False,False,,False,"insufficient_industry_basis:actor=False,change=True,bridge=False",1
I111,중국 빅테크의 AI 입시 비서 경쟁,중국 AI 교육 서비스,GOV_AI_DIGITAL_POLICY,경쟁사_해외이슈,,GOV_AI_CORE_POLICY,COMP_OVERSEAS_PLATFORM_AI,overseas,214.0,2,2,2,2,4177,"4177,4183","1290만 수험생 잡아라… 中 빅테크 ‘AI 입시비서’ 경쟁 - 조선비즈 | 1290만명 가오카오 잡아라 中 빅테크, AI 입시 비서 경쟁 돌입",Chosunbiz | 아주경제,중국 빅테크 기업들이 AI 입시 비서를 개발하며 교육 시장을 공략하는 것은 국내 AI 교육 서비스 시장에도 영향을 줄 수 있다.,"중국 빅테크 기업의 AI 교육 서비스 관련 기사로, 카카오의 AI 사업 전략 및 교육 분야 진출 가능성에 대한 참고 자료로 활용될 수 있다.",False,False,24.0,business_change,,False,False,no_public_actor_action_domain,False,False,,False,"insufficient_industry_basis:actor=True,change=False,bridge=False",1
I112,self_strategic_reference:국방부 방미통위 장병 대상 ai 미디어 교육 확대 불법도박 예방도,self_strategic_reference,SELF_AFFILIATE_BUSINESS,정부_국회,OFF_TOPIC,GOV_AI_CORE_POLICY,,other,213.5,2,2,4,1,1197,1197,"국방부-방미통위, 장병 대상 AI·미디어 교육 확대‥불법도박 예방도",v.daum.net,카카오 현직자가 사업 방향과 외부 질의 가능성을 참고할 실질 변화,v26: 카카오 직접 주체가 없어 자사 섹션 제외/재분류,False,False,24.0,business_change,event:방미통위:ai_infrastructure_security,False,True,public_actor_official_action,False,False,,False,"insufficient_industry_basis:actor=False,change=True,bridge=False",1
I113,"SMTNT, 스미싱 차단 앱 '모바' 출시 (카카오톡 포함)",보안/서비스,SELF_AFFILIATE_BUSINESS,자사_및_계열사_이슈,FILLER_REFERENCE,,,domestic,212.3,3,3,1,1,422,422,"SMTNT, 스미싱 차단 앱 '모바' 출시···문자·카카오톡·SNS 위험 링크 실시간 탐지",전자신문,카카오톡을 포함한 스미싱 차단 앱 출시 소식은 카카오의 보안 서비스 강화 노력과 관련하여 참고할 수 있음.,낮은 강도의 운영/서비스 소식,False,False,24.0,general,privacy_security:kakao:phishing_or_account_takeover,False,False,no_public_actor_action_domain,False,True,,True,"industry_basis_pass:actor=True,change=True,bridge=True",3
I114,군 장병 AI·미디어 교육,AI 정책,GOV_AI_DIGITAL_POLICY,정부_국회,,GOV_AI_CORE_POLICY,,other,211.5,5,4,1,1,1184,1184,"방미통위-국방부, 군 장병 AI·미디어 교육 시행",지디넷코리아,"방미통위와 국방부의 군 장병 AI·미디어 교육 시행은 AI 기술의 사회 전반 확산 움직임을 보여주지만, 카카오의 직접적인 사업이나 정책 환경에 미치는 영향은 제한적임.","군 장병 대상 AI 교육은 일반적인 AI 확산 동향으로 볼 수 있으나, 카카오의 사업이나 정책 환경에 미치는 영향이 미미함.",False,True,24.0,business_change,event:방미통위:ai_infrastructure_security,False,True,public_actor_official_action,False,False,,False,"insufficient_industry_basis:actor=False,change=True,bridge=False",1
I115,군 장병 AI 교육,AI 정책,GOV_AI_DIGITAL_POLICY,정부_국회,,GOV_AI_CORE_POLICY,,other,211.5,5,4,1,1,1187,1187,"""4만 군 장병에 AI 교육""…방미통위, 국방부와 MOU",뉴스1,"방미통위와 국방부의 군 장병 AI 교육 시행은 AI 기술의 사회 전반 확산 움직임을 보여주지만, 카카오의 직접적인 사업이나 정책 환경에 미치는 영향은 제한적임.","군 장병 대상 AI 교육은 일반적인 AI 확산 동향으로 볼 수 있으나, 카카오의 사업이나 정책 환경에 미치는 영향이 미미함.",False,True,24.0,business_change,event:방미통위:ai_infrastructure_security,False,True,public_private_project,False,False,,False,"weak_form_without_full_basis:actor=False,change=False,bridge=False",0
I116,AI 신뢰성 혁신 실증사업,AI 정책,GOV_AI_DIGITAL_POLICY,정부_국회,,GOV_AI_CORE_POLICY,,other,211.5,5,4,1,1,1117,1117,"정동영 국회의원, 전북 ‘AI 신뢰성 혁신 실증사업’ 착수보고회 개최",전북도민일보,"전북 지역의 AI 신뢰성 혁신 실증사업 착수는 AI 기술의 실질적인 적용 및 검증 노력의 일환으로 볼 수 있으나, 카카오의 사업 전반에 미치는 영향은 제한적임.",지역 기반 AI 실증 사업은 카카오의 핵심 사업과의 직접적인 연관성이 낮아 우선순위가 낮음.,False,True,24.0,business_change,,False,True,public_private_project,False,False,,False,"insufficient_industry_basis:actor=False,change=False,bridge=False",0
I117,"카카오게임즈, '도깨비의세계' 인게임 이미지 공개",신규 게임 출시,SELF_AFFILIATE_BUSINESS,자사_및_계열사_이슈,FILLER_REFERENCE,,,domestic,207.8,3,3,1,1,877,877,카카오게임즈 〈도깨비의세계〉 인게임 이미지 최초 공개,글로벌E,카카오게임즈의 신규 게임 공개는 게임 사업 부문의 동향 파악에 참고가 됨.,낮은 강도의 운영/서비스 소식,False,False,14.0,general,,False,False,no_public_actor_action_domain,False,True,,True,"industry_basis_pass:actor=True,change=True,bridge=True",3
I118,"오픈AI CEO 방한, 삼성전자·카카오와 회동 예정",AI 협력/인선,SELF_AFFILIATE_BUSINESS,자사_및_계열사_이슈,STRATEGIC_REFERENCE,,COMP_OVERSEAS_PLATFORM_AI,mixed,207.3,1,1,1,1,46,46,"'오픈AI' 샘 올트먼 방한, 삼성전자·카카오와 연쇄 회동 예정",이코노미스트,글로벌 AI 선도 기업인 오픈AI CEO와의 만남은 카카오의 AI 사업 전략 및 기술 협력 방안 논의에 중요한 기회가 될 수 있음.,로컬 보조 라벨 / v23_guardrail_fail:simple_mou_pr_or_low_materiality,False,True,24.0,business_change,global_incident:ai_security_policy:kakao:openai_security_access,False,False,no_public_actor_action_domain,False,True,,True,"industry_basis_pass:actor=True,change=False,bridge=True",2
I119,미국 정치인의 SNS 활용,미국 정치,GOV_PLATFORM_REGULATION,경쟁사_해외이슈,,OFF_TOPIC,COMP_GENERAL_LOW_RELEVANCE,other,199.25,3,3,1,1,4163,4163,은둔은 이제 그만…SNS서 스타 된 '바이든의 아픈손가락',연합뉴스,미국 정치인의 SNS 활용 방식은 소셜 미디어 플랫폼의 사회적 역할 및 정치적 영향력에 대한 이해를 높일 수 있다.,"미국 정치 관련 기사로, 카카오와의 연관성이 낮아 OFF_TOPIC에 해당.",False,True,14.0,general,,False,False,no_public_actor_action_domain,False,False,,False,"insufficient_industry_basis:actor=False,change=False,bridge=False",0
I120,카카오 노조 임단협/파업 및 내부 갈등,노조 파업,SELF_DIRECT_RISK,자사_및_계열사_이슈,DIRECT_RISK,,COMP_OVERSEAS_PLATFORM_AI,other,196.4,1,1,3,45,126,"126,169,104,308,296,107,129,70,176,195","카카오 오늘 창사 첫 파업…노조 600명 판교 행진 | 카카오 오늘 창사 첫 파업…노조 600명 판교 행진 | 카카오 오늘 첫 파업...노조 ""참여 인원 1000명 돌파"" | 카카오, 오늘 창사 첫 부분파업…5개 법인 노조 판교 집결 | 삼성전자도 안했는데…카카오 오늘 첫 파업",연합뉴스 | 연합뉴스TV | 조선일보 | 마이데일리 | 한국경제,"카카오 노조의 파업은 내부 갈등을 심화시키고, 서비스 운영에 차질을 빚을 수 있으며, 다른 플랫폼 업계로의 파업 확산 가능성에 대한 주목이 필요하다. / 카카오의 첫 파업에 대한 외신 보도는 국제적인 기업 이미지에 영향을 미칠 수 있으며, 'AI 시대 성과 분배 전쟁'이라는 프레임은 향후 인력 관리 및 보상 정책에 대한 사회적 논의를 촉발할 수 있음. / 카카오 노조의 창사 첫 본사 부분파업은 성과급 갈등의 지속성을 보여주며, 막판 교섭 돌파구 마련 시도가 무산될 경우 파업이 확대될 가능성이 있음. / 막판 교섭 결렬로 인한 카카오의 첫 파업은 성과급 갈등의 심각성을","카카오의 첫 파업은 직접적인 경영 및 서비스 리스크이며, 업계 전반의 노동 이슈로 확산될 가능성도 있다. / 카카오 첫 파업에 대한 외신 보도를 통해 AI 시대의 성과 분배라는 더 넓은 맥락을 제시함. / 카카오 노조의 창사 첫 본사 부분파업 소식과 함께 막판 교섭 상황을 전달함. / 카카오가 막판 교섭 결렬 후 첫 파업에 돌입했으며, 삼성전자와 비교하며 이례성을 강조함. / 카카오 노조 파업으로 인한 카카오톡 서비스 차질 가능성을 언급하는 핵심 기사. / 성과급 갈등으로 인한 카카오 파업 가능성을 언급하며, 이는 경영진의 의사결정에 직접적인 영향을 미침. / 카카오 노조 파업이 장기화될 경우 카카오톡 서비스에 대한 우려를 제기하는 기사",False,False,32.0,direct_risk,global_incident:labor_ir:kakao:strike_negotiation,False,True,public_private_project,False,True,,True,"industry_basis_pass:actor=True,change=True,bridge=True",3
I121,"삼성전자, 임직원 대상 챗GPT 등 AI 도구 공식 도입",AI 활용/도입,GOV_AI_DIGITAL_POLICY,산업동향,,GOV_AI_CORE_POLICY,COMP_DOMESTIC_AI_PLATFORM,domestic,189.5,1,1,1,1,4326,4326,"삼성전자, 임직원에 챗GPT·제미나이·클로드 공식 도입…AI 업무 혁신 시동",내외뉴스통신,삼성전자의 AI 업무 혁신 시도는 카카오의 AI 기반 업무 효율화 전략 수립에 참고가 됨.,v26.2: no central Korean public actor/action for Government section: no_public_actor_action_domain / v26.2: overseas structural industry candidate,False,False,24.0,business_change,event:구글+앤트로픽:ai_infrastructure_security,False,False,no_public_actor_action_domain,False,True,,True,"industry_basis_pass:actor=True,change=True,bridge=True",3
I122,"우버의 '이중 지위', 배달의민족 매각 변수",커머스/매각,COMPETITOR_PLATFORM_RISK,경쟁사_해외이슈,,,COMP_DOMESTIC_FINANCE_COMMERCE,domestic,181.5,3,3,1,1,3419,3419,"우버의 '이중 지위', 배민 매각 변수",뉴스톱,"배달의민족 매각 관련 변수는 국내 배달 플랫폼 시장 경쟁 구도 변화 가능성을 시사하지만, 카카오와의 직접적인 관련성은 낮음.",카카오와의 직접적인 영향 경로가 명확하지 않아 우선순위 낮음,False,True,24.0,direct_risk,global_incident:platform_regulation:baemin:delivery_app_fee_policy,False,False,no_public_actor_action_domain,False,True,,True,"industry_basis_pass:actor=True,change=False,bridge=True",2
I123,"금융위, 넷플릭스 정보 이용 SBS 직원 제재",내부자 거래,GOV_PLATFORM_REGULATION,정부_국회,,GOV_REGULATORY_ENFORCEMENT,COMP_OVERSEAS_PLATFORM_AI,overseas,178.5,2,2,1,1,1685,1685,금융위 “넷플릭스 대박” 미리 알고 주식 샀던 SBS 직원에 과징금 10억,MSN,금융 당국의 내부자 정보 이용에 대한 제재 사례는 카카오 내부 임직원의 정보 이용 관련 규정 준수 및 윤리 교육의 중요성을 강조합니다.,금융 당국의 내부자 거래 관련 제재 사례는 카카오 임직원의 정보 보안 및 윤리 준수와 관련된 중요한 참고 정보입니다.,False,False,24.0,official_action,global_incident:platform_regulation:financial_authority:platform_regulation,False,True,public_actor_official_action,False,True,,True,"industry_basis_pass:actor=True,change=False,bridge=True",2
I124,"카카오페이, 알리페이 고객정보 이전 관련 행정소송 1심 패소",카카오페이 개인정보 유출,SELF_DIRECT_RISK,자사_및_계열사_이슈,DIRECT_RISK,,,other,178.3,1,1,3,1,13,13,"'中 알리페이 정보 유출' 카카오페이, 개인정보위와 행정소송 1심 패소",v.daum.net,카카오페이가 알리페이에 고객정보를 이전한 건에 대한 행정소송 1심 패소는 개인정보보호 규정 위반에 대한 직접적인 법적 제재이다.,"카카오페이의 개인정보 유출 관련 소송 패소는 직접적인 법적 리스크이며, 카카오 그룹 전체의 컴플라이언스에 대한 경각심을 높인다.",False,False,24.0,direct_risk,privacy_security:kakao:data_leak,False,False,no_public_actor_action_domain,False,True,,True,"industry_basis_pass:actor=True,change=False,bridge=True",2
I125,global_incident:platform_enforcement:coupang:deceptive_membership_price_ad,government_general_low_relevance,GOV_PLATFORM_REGULATION,경쟁사_해외이슈,,GOV_GENERAL_LOW_RELEVANCE,COMP_GENERAL_LOW_RELEVANCE,domestic,167.5,2,2,1,1,2651,2651,"[속보] 개보위 ""쿠팡 5만원 쿠폰팩, 과징금 감경 반영됐지만…집행 규모 확인 어려워""",뉴시스,정부/국회 기사이나 카카오 플랫폼·AI·디지털금융과 연결 경로가 약함,로컬 보조 라벨,False,True,29.0,official_action,v27:platform_enforcement:coupang:deceptive_membership_price_ad,False,True,public_actor_official_action,False,True,platform_enforcement:coupang:deceptive_membership_price_ad,True,"industry_basis_pass:actor=True,change=False,bridge=True",2
I126,AI 저작권 침해 관련 정책보험 도입,AI 정책,GOV_AI_DIGITAL_POLICY,경쟁사_해외이슈,,GOV_AI_CORE_POLICY,,other,155.5,1,1,1,1,1082,1082,"[AI 정부정책] ""AI가 저작권 침해하면 어쩌지""…정부, 정책보험으로 리스크 덜어준다 |",AI라이프경제,"정부의 AI 저작권 침해 관련 정책보험 도입 검토는 AI 서비스 개발 및 운영 과정에서 발생할 수 있는 법적 리스크를 완화하려는 움직임으로, 카카오의 AI 서비스 개발 및 상용화에 긍정적인 영향을 줄 수 있음.",AI 저작권 침해 리스크에 대한 정부의 정책보험 도입 검토는 카카오의 AI 서비스 운영에 영향을 줄 수 있음.,False,False,24.0,business_change,,False,True,public_actor_official_action,False,False,,False,"insufficient_industry_basis:actor=False,change=True,bridge=False",1
I127,공정위 중점조사기획단 신설 및 플랫폼 규제 강화,플랫폼 규제 강화,GOV_PLATFORM_REGULATION,정부_국회,,GOV_REGULATORY_ENFORCEMENT,,other,121.5,1,1,1,1,1264,1264,"공정위, ‘중점조사기획단’ 신설 – 플랫폼 및 대기업집단 규제 강화 본격화",법률신문,"공정위의 '중점조사기획단' 신설은 플랫폼 및 대기업 집단에 대한 규제 강화 움직임을 보여주며, 카카오와 같은 대형 플랫폼 기업에게는 향후 규제 준수 및 사업 전략 수립에 있어 중요한 정책 변화 신호임.",공정위의 플랫폼 및 대기업 집단 규제 강화 움직임은 카카오와 같은 대형 플랫폼 기업에 직접적인 영향을 미침.,False,False,24.0,analysis_with_direct_risk,global_incident:platform_regulation:fair_trade_authority:platform_operator_obligation,False,True,public_actor_official_action,False,False,,False,"generic_platform_without_digital_business_context:actor=False,change=True,bridge=True",2
I128,지방정부 산재예방 활동,안전 정책,GOV_PLATFORM_REGULATION,정부_국회,,GOV_ADJACENT_DIGITAL_POLICY,,other,109.5,3,3,1,1,1952,1952,"“지방정부 산재예방 활동, 정책 인지도 및 효과성 다소 부족”",안전신문,"지방정부의 산재예방 활동에 대한 정책 인지도 및 효과성 부족 지적은 일반적인 행정 및 안전 정책 관련 이슈로, 카카오의 직접적인 사업이나 정책 환경에 미치는 영향은 미미함.","카카오의 사업과는 직접적인 관련이 적은 지방정부의 안전 정책 관련 이슈로, 우선순위가 낮음.",False,True,24.0,general,,False,True,public_actor_official_action,False,False,,False,"insufficient_industry_basis:actor=False,change=False,bridge=False",0
I129,"미국 연방 대법원, 트럼프 핵심 정책 판결 대기",정치/정책,GOV_PLATFORM_REGULATION,경쟁사_해외이슈,,GOV_GENERAL_LOW_RELEVANCE,COMP_GENERAL_LOW_RELEVANCE,overseas,97.5,3,2,1,1,4094,4094,"연방 대법원, 트럼프 핵심 정책 판결 줄줄이 대기",미주한국일보,"트럼프 행정부 관련 정책 이슈는 미국 내 사업 활동에 영향을 줄 수 있으나, 카카오와의 직접적인 연관성은 낮음.",카카오와의 직접적인 영향 경로가 명확하지 않아 우선순위 낮음,False,True,24.0,direct_risk,,False,False,foreign_public_policy,False,False,,False,"insufficient_industry_basis:actor=False,change=False,bridge=False",0
I130,금융권 사회공헌 광고 집행 현장점검,금융 정책,GOV_PLATFORM_REGULATION,정부_국회,,GOV_GENERAL_LOW_RELEVANCE,,other,79.5,4,2,2,3,1704,"1704,1698,1769","금감원, 금융권 사회공헌 광고 집행 현장점검 | 금감원, 우리금융 사회공헌·광고 실태조사 착수…긴장하는 금융권 | 금감원, 금융권 사회공헌 광고 집행 현장점검",뉴시스 | 경인방송 뉴스 | 네이트,"금감원의 금융권 사회공헌 광고 집행 현장점검은 금융 산업 전반의 규제 및 감독 강화 움직임으로 볼 수 있으나, 카카오의 직접적인 사업과 연관성은 낮음.",카카오와의 영향 경로가 명확하지 않은 금융권 대상의 일반적인 감독 활동 기사.,False,True,24.0,official_action,event:금감원:legal_regulatory_enforcement,False,True,public_actor_official_action,False,False,,False,"insufficient_industry_basis:actor=False,change=False,bridge=True",1
I131,AI 정책 컨트롤타워 인선/공백,딥페이크 법적 판단,GOV_PLATFORM_REGULATION,경쟁사_해외이슈,,GOV_GENERAL_LOW_RELEVANCE,,other,75.5,2,2,2,1,2461,2461,"[이슈&논란] 법원, 미성년 K팝 아이돌 딥페이크 누드 구매자에 무죄 판결…“몸은 가짜라 무죄?” 법적 공백 '논란'",뉴스스페이스,"딥페이크 관련 법적 판단 결과는 향후 온라인 콘텐츠 제작 및 유통, 플랫폼 사업자의 책임 범위에 대한 논의에 영향을 줄 수 있다.",딥페이크 관련 법적 판결은 카카오의 콘텐츠 정책 및 책임 범위에 대한 시사점을 줄 수 있다. / v23_guardrail_fail:v26_2_government_without_central_public_actor_action:no_public_actor_action_domain,False,True,14.0,direct_risk,global_incident:platform_regulation:platform_sector:platform_regulation,False,False,no_public_actor_action_domain,False,False,,False,"insufficient_industry_basis:actor=False,change=False,bridge=False",0
I132,금융소비자보호 체계 강화,금융소비자보호,GOV_PLATFORM_REGULATION,경쟁사_해외이슈,,GOV_GENERAL_LOW_RELEVANCE,,other,57.5,2,2,2,1,1646,1646,"금융소비자보호, 규제에서 문화로…당국 ‘사전예방 체계’ 강화",금융경제플러스,금융당국의 금융소비자보호 체계 강화 노력은 카카오뱅크 등 금융 관련 계열사의 서비스 운영 및 컴플라이언스에 영향을 줄 수 있다.,"금융소비자보호 관련 기사로, 카카오뱅크 등 금융 계열사의 컴플라이언스에 영향을 줄 수 있다. / v23_guardrail_fail:v26_2_government_without_central_public_actor_action:no_public_actor_action_domain",False,True,14.0,general,global_incident:platform_regulation:platform_sector:platform_transaction_user_protection_obligation,False,False,no_public_actor_action_domain,False,False,,False,"insufficient_industry_basis:actor=False,change=True,bridge=False",1
