"date","section","rank","title","press","url","issue_group","issue_family","body_status","qa_overall","title_hash","url_hash","summary","selected","article_id","canonical_url","event_key","event_stage","article_form","todayness_score","todayness_reason","source_version","briefing_summary","final_source"
"2026.6.5","자사_및_계열사_이슈","1","카카오게임즈, 22일 임시주총…공동대표 전환 시동","SBSBiz","https://biz.sbs.co.kr/amp/article/20000314511","카카오게임즈 최대주주 변경 및 공동대표 체제","경영권/인선","본문추출성공","양호","카카오게임즈 22일 임시주총 공동대표 전환 시동","https://biz.sbs.co.kr/amp/article/20000314511","카카오게임즈, 22일 임시주총…공동대표 전환 시동 SBS Biz 안지혜 입력2026.06.04 17:22 수정2026.06.04 17:27 [경기 성남시 카카오게임즈 사옥의 로고 (연합뉴스 자료사진)] 일본 라인야후가 출자한 특수목적법인(SPC)에 인수 절차가 진행 중인 카카오게임즈가 이달 말 임시 주주총회를 열고 외부 인사를 이사로 영입합니음.","True","1","","","","","","","","",""
"2026.6.5","자사_및_계열사_이슈","2","카카오, 구글 딥마인드 손잡고 AI 콘텐츠 워터마크 도입","공유경제신문","https://www.seconomy.kr/news/articleView.html?idxno=139744","카카오-구글 딥마인드 AI 콘텐츠 워터마크 도입","AI_기술_협력","본문추출성공","양호","카카오 구글 딥마인드 손잡고 ai 콘텐츠 워터마크 도입","https://www.seconomy.kr/news/articleView.html?idxno=139744","자체 AI 모델 ‘카나나’ 이미지·영상에 신스ID 적용 하반기부터 비가시적 워터마크 삽입···AI 생성물 신뢰성 강화 카카오가 구글 딥마인드와 손잡고 자체 생성형 AI 콘텐츠에 디지털 워터마크를 도입하며 AI 서비스 신뢰도 확보에 나선음. 카카오는 지난달 20일 구글 딥마인드와 AI 생성 콘텐츠의 투명성 강화를 위한 기술 파트너십을 체결했다고 밝힘.","True","2","","","","","","","","",""
"2026.6.5","자사_및_계열사_이슈","3","스타벅스 결제액 130억원 줄어…카톡 선물 1위는 탈환","연합뉴스TV","https://www.yonhapnewstv.co.kr/news/MYH20260604231801STQ","카톡 선물하기 내 스타벅스 교환권/소비 변화","카카오톡 선물하기","본문추출성공","양호","스타벅스 결제액 130억원 줄어 카톡 선물 1위는 탈환","https://www.yonhapnewstv.co.kr/news/MYH20260604231801STQ","경제 스타벅스 결제액 130억원 줄어…카톡 선물 1위는 탈환 오주현 기자 입력 2026-06-04 23:18:03 기사 읽어주기 서비스는 크롬기반의 브라우저에서만 사용하실 수 있습니음. 공유하기 카카오톡 페이스북메신저 페이스북 X 네이버블로그 네이버밴드 글자크기 가 가 가 가 가 오주현 기자 입력 2026-06-04 23:18:03 기사 읽어주기 서비스는 크롬기반의 브라우저에서만 사용하실 수 있습니음.","True","3","","","","","","","","",""
"2026.6.5","정부_국회","4","""불법촬영 이미지도 7월부터 '차단 의무'""…방미통위 설명회","연합뉴스","https://www.yna.co.kr/amp/view/AKR20260604139200017","플랫폼 불법촬영 이미지 차단 의무 확대","유통방지_조치","본문추출성공","양호","불법촬영 이미지도 7월부터 차단 의무 방미통위 설명회","https://www.yna.co.kr/amp/view/AKR20260604139200017","(서울=연합뉴스) 유현민 기자 = 불법촬영물 유통방지 의무 대상이 다음.","True","4","","","","","","","","",""
"2026.6.5","정부_국회","5","[AI 3강의 꿈, 중간성적표]①AIDC특별법·GPU 확보 긍정적…부처간 협업은 '지지부진'","v.daum.net","https://v.daum.net/v/20260605064300584","국가 AI 인프라/AIDC/GPU 정책","AI 인프라 및 정책","본문추출성공","양호","ai 3강의 꿈 중간성적표 aidc특별법 gpu 확보 긍정적 부처간 협업은 지지부진","https://v.daum.net/v/20260605064300584","[AI 3강의 꿈, 중간성적표]①AIDC특별법·GPU 확보 긍정적…부처간 협업은 '지지부진' 공병선 2026임. 06:43 음성재생 설정 이동 통신망에서 음성 재생 시 데이터 요금이 발생할 수 있습니음.","True","5","","","","","","","","",""
"2026.6.5","정부_국회","6","금융위 안창국 상임위원, 금융안정위 총회…AI도입 등 논의","네이트","https://news.nate.com/view/20260605n09878","금융권 AI 도입 가이드라인/모범사례","AI 도입 논의","본문추출성공","양호","금융위 안창국 상임위원 금융안정위 총회 ai도입 등 논의","https://news.nate.com/view/20260605n09878","재판매 및 DB 금지] (서울=연합뉴스) 배영경 기자 = 금융위원회 안창국 상임위원이 영국 런던에서 열린 금융안정위원회(FSB) 총회에 참석해 금융권의 인공지능(AI) 도입 문제 등을 논의했다고 5일 금융위는 밝힘. 지난 1일 열린 금융안정위원회 총회에서는 '금융기관의 책임.","True","6","","","","","","","","",""
"2026.6.5","정부_국회","7","공정위, 이달부터 AI가상모델 표시 의무화…업계도 주의해야","fn아이포커스","https://www.fneyefocus.com/news/articleView.html?idxno=20701","AI 가상모델 표시 의무화","AI 윤리 및 규제","본문추출성공","양호","공정위 이달부터 ai가상모델 표시 의무화 업계도 주의해야","https://www.fneyefocus.com/news/articleView.html?idxno=20701","AI( 인공지능 ) 가 우리 생활 전반에 깊숙이 파고든 가운데 , 정부가 최근 소비자 보호를 위해 ‘AI 가상인물 표시 의무화 ’ 에 나선음. 공정거래위원회 ( 위원장 주병기 · 이하 공정위 ) 는 ‘ 추천 · 보증 등에 관한 표시 · 광고 심사지침 ’ 을 개정해 AI 로 생성된 가상인물이 광고에 등장할 경우 소비자가 쉽게 인지할 수 있도록 ‘ 가상인물 ’ 임을 의무적으로 표시하도록 했음.","True","7","","","","","","","","",""
"2026.6.5","정부_국회","8","금융당국, 가상자산 해외 거래 규제 완화… 사업자 자금세탁방지 책임 강화","tokenpost.kr","https://www.tokenpost.kr/amp/news/cryptocurrency/366382","가상자산 이전거래/AML 규제 조정","가상자산 규제 완화","본문추출성공","양호","금융당국 가상자산 해외 거래 규제 완화 사업자 자금세탁방지 책임 강화","https://www.tokenpost.kr/amp/news/cryptocurrency/366382","금융당국, 가상자산 해외 거래 규제 완화… 사업자 자금세탁방지 책임. 5일 금융당국과 가상자산 업계에 따르면 금융위원회 산하 금융정보분석원(FIU)은 전날 가상자산 거래소 대표들과 만나 특정금융정보법 시행령 개정안에 대한 의견을 들은 뒤 이같이 가닥을 잡았음.","True","8","","","","","","","","",""
"2026.6.5","경쟁사_해외이슈","9","네이버페이, 안드로이드 기기 호환성 오류 긴급 복구 완료… ""앱 업데이트 필요""","이데일리","https://www.edaily.co.kr/News/Read?newsId=04113126645478768&mediaCodeNo=257","네이버페이 앱 장애/복구","서비스_장애","본문추출성공","양호","네이버페이 안드로이드 기기 호환성 오류 긴급 복구 완료 앱 업데이트 필요","https://www.edaily.co.kr/News/Read?newsId=04113126645478768&mediaCodeNo=257","장애 시간 동안 일부 사용자들은 앱 접속 등에 일시적인 불편을 겪었다.이번 오류는 최근 진행된 구글 안드로이드 운영체제(OS)의 특정 기기 대상 업데이트와 네이버페이 앱 간의 호환성 충돌로 인해 발생한 것으로 분석됨.","True","9","","","","","","","","",""
"2026.6.5","경쟁사_해외이슈","10","[단독]금감원, '쿠팡페이' 제재 절차 돌입…'원아이디' 적정성 쟁점","아이뉴스24","https://www.inews24.com/view/1974121","쿠팡페이 제재 절차 돌입","전자금융 규제 및 제재","본문추출성공","양호","금감원 쿠팡페이 제재 절차 돌입 원아이디 적정성 쟁점","https://www.inews24.com/view/1974121","[아이뉴스24 박은경 기자] 금융감독원이 쿠팡페이에 대한 검사 의견 정리를 마무리하고 제재 절차에 착수했음. 5일 금융권에 따르면 금감원은 쿠팡페이에 대한 검사 의견을 정리하고 제재를 위한 법리 검토를 진행 중임.","True","10","","","","","","","","",""
"2026.6.5","경쟁사_해외이슈","11","네이버 창작자 지원, AI 검색 활용 영역까지 확대","smartbizn.com","https://www.smartbizn.com/news/articleView.html?idxno=145507","네이버_AI_검색_기능_확대","AI_검색_및_창작자_지원","본문추출성공","양호","네이버 창작자 지원 ai 검색 활용 영역까지 확대","https://www.smartbizn.com/news/articleView.html?idxno=145507","네이버가 창작자 지원 프로그램을 블로그와 숏폼, 유료 콘텐츠 영역에서 AI 검색 환경으로 넓히고 있음. / 사진=네이버 | 스마트비즈 = 신동현 기자 | 네이버가 창작자 지원 프로그램을 블로그와 숏폼, 유료 콘텐츠 영역에서 AI 검색 환경으로 넓히고 있음.","True","11","","","","","","","","",""
"2026.6.5","경쟁사_해외이슈","12","애플 ""매출상위 앱 100개 중 40개가 AI 탑재…거래액성장률 4배""","v.daum.net","https://v.daum.net/v/20260605052701536","애플_앱스토어_AI_탑재_앱_현황","AI_앱_및_결제","본문추출성공","양호","애플 매출상위 앱 100개 중 40개가 ai 탑재 거래액성장률 4배","https://v.daum.net/v/20260605052701536","애플 ""매출상위 앱 100개 중 40개가 AI 탑재…거래액성장률 4배"" 이한나 기자 2026임. 05:27 글자크기 설정 파란원을 좌우로 움직이시면 글자크기가 변경 됩니음.","True","12","","","","","","","","",""
"2026.6.5","산업동향","13","[AI는 지금] 모델보다 플랫폼…기업 AI 에이전트 전략 바뀐다","v.daum.net","https://v.daum.net/v/pJV3IfMVka","AI 에이전트와 IT 인프라","AI_에이전트_전략","본문추출성공","양호","ai는 지금 모델보다 플랫폼 기업 ai 에이전트 전략 바뀐다","https://v.daum.net/v/pJV3IfMVka","플랫폼…기업 AI 에이전트 전략 바뀐음. 15:48 음성재생 설정 이동 통신망에서 음성 재생 시 데이터 요금이 발생할 수 있습니음.","True","13","","","","","","","","",""
"2026.6.8","자사_및_계열사_이슈","1","카카오 파업 예고에 정부 촉각…비상대응체계 점검","연합뉴스","https://www.yna.co.kr/amp/view/AKR20260608070700017","카카오 노조 임단협/파업 및 내부 갈등","노조 파업","본문추출성공","주의","카카오 파업 예고에 정부 촉각 비상대응체계 점검","https://www.yna.co.kr/amp/view/AKR20260608070700017","(서울=연합뉴스) 권하영 기자 = 과학기술정보통신부는 오는 10일로 예고된 카카오[035720] 노조 파업에 대비해 카카오 측과 점검 회의를 개최했다고 8일 밝힘. 최우혁 과기정통부 정보보호네트워크정책실장과 카카오 서영훈 부사장이 참석한 이 자리에서 양측은 카카오톡·카카오맵 등 국민 생활과 밀접한 주요임.","True","1","","","","","","","","",""
"2026.6.8","자사_및_계열사_이슈","2","카카오뱅크, 501조 퇴직연금 시장 진입 채비…AI 연금서비스 검토","MTN 머니투데이방송","https://news.mtn.co.kr/news-detail/2026060812405474516","카카오뱅크 퇴직연금 시장 진입","금융 서비스","본문추출성공","주의","카카오뱅크 501조 퇴직연금 시장 진입 채비 ai 연금서비스 검토","https://news.mtn.co.kr/news-detail/2026060812405474516","8일 카카오뱅크가 퇴직연금 사업 진출을 준비하며 연금·자산관리 영역으로 보폭을 넓히고 있음. / 제공=뉴스1 카카오뱅크가 500조원을 넘어선 퇴직연금 시장 진입을 준비하고 있음.","True","2","","","","","","","","",""
"2026.6.8","자사_및_계열사_이슈","3","챗GPT의 다음 목표는 ‘슈퍼앱’…카카오·삼성·SK와 맞물린 오픈AI 한국 전략","테크42","https://www.tech42.co.kr/%EC%B1%97gpt%EC%9D%98-%EB%8B%A4%EC%9D%8C-%EB%AA%A9%ED%91%9C%EB%8A%94-%EC%8A%88%ED%8D%BC%EC%95%B1%EC%B9%B4%EC%B9%B4%EC%98%A4%C2%B7%EC%82%BC%EC%84%B1%C2%B7sk%EC%99%80","챗GPT의 슈퍼앱 전략 및 오픈AI 한국 전략","AI 슈퍼앱","본문추출성공","주의","챗gpt의 다음 목표는 슈퍼앱 카카오 삼성 sk와 맞물린 오픈ai 한국 전략","https://www.tech42.co.kr/%EC%B1%97gpt%EC%9D%98-%EB%8B%A4%EC%9D%8C-%EB%AA%A9%ED%91%9C%EB%8A%94-%EC%8A%88%ED%8D%BC%EC%95%B1%EC%B9%B4%EC%B9%B4%EC%98%A4%C2%B7%EC%82%BC%EC%84%B1%C2%B7sk%EC%99%80","외신 “OpenAI, 챗GPT에 코딩·AI 에이전트·외부 서비스 연동 강화” 카카오와 AI 제품 개발, 삼성·SK와 스타게이트 협력…한국 사업 이미 다층화 국내 플랫폼 기업엔 기회이자 압박…AI 비서가 사용자 접점 재편 챗GPT를 중심으로 메시징·검색·예약·쇼핑·문서·코딩·결제 서비스가 연결되는 AI 슈퍼앱 가상 이미지임. (이미지=AI로 생성) 생성형 AI 경쟁의 무게중심이 다시 이동하고 있음.","True","3","","","","","","","","",""
"2026.6.8","정부_국회","4","방미심위, 청소년 노출 성인 웹툰 광고 1천여건 제재","매일경제 마켓","https://stock.mk.co.kr/news/view/1100378","방심위, 청소년 노출 성인 웹툰 광고 제재","방송통신위원회 제재","본문추출성공","주의","방미심위 청소년 노출 성인 웹툰 광고 1천여건 제재","https://stock.mk.co.kr/news/view/1100378","방미심위, 청소년 노출 성인 웹툰 광고 1천여건 제재 유현민 입력 : 2026.06.08 13:05:58 (서울=연합뉴스) 유현민 기자 = 방송미디어통신심의위원회는 청소년 접근 제한 조치 없이 유통된 성인 웹툰 광고 1천81건에 대해 삭제·접속차단 등의 시정 요구를 의결했다고 8일 밝힘.","True","4","","","","","","","","",""
"2026.6.8","정부_국회","5","올해 국가정보보호백서 살펴보니…""AI가 스스로 해킹하는 시대 왔다""","뉴스웍스","https://www.newsworks.co.kr/news/articleView.html?idxno=843135","국가정보보호백서, AI 기반 해킹 시대 도래","국가 정보보호","본문추출성공","주의","올해 국가정보보호백서 살펴보니 ai가 스스로 해킹하는 시대 왔다","https://www.newsworks.co.kr/news/articleView.html?idxno=843135","AI가 스스로 표적을 분석하고 침투하는 '에이전틱 AI' 공격이 현실로 다가오자, 정부는 국가정보원에 국가인공지능안보센터를 신설하고 '국가·공공기관 AI 보안 가이드북'을 배포했음. 국가정보원, 과학기술정보통신부, 행정안전부, 개인정보보호위원회, 금융위원회, 외교부는 8일 이 같은 내용을 담은 '2026 국가정보보호백서'를 공개했음.","True","5","","","","","","","","",""
"2026.6.8","정부_국회","6","AI 서버 랙 하나가 65가구분 전력을 삼킨다, 미국 30개 주 300건 법안의 경고","한국데이터경제신문","https://www.dataeconomy.co.kr/news/articleView.html?idxno=40506","AI 서버 전력 소비 규제","AI 에너지 소비","본문추출성공","주의","ai 서버 랙 하나가 65가구분 전력을 삼킨다 미국 30개 주 300건 법안의 경고","https://www.dataeconomy.co.kr/news/articleView.html?idxno=40506","본지가 4월 29일 보도한 미국 메인주 데이터센터 모라토리엄 법안 및 14개 주 규제 동향에 이어, 2026년 상반기 미국의 데이터센터 전력 규제가 전국적 규모로 확산되고 있습니음.","True","6","","","","","","","","",""
"2026.6.8","정부_국회","7","뉴엔AI-한국에너지정보문화재단, AI 기반 에너지 이슈 분석·정보 검증 협력","디지틀조선일보","https://digitalchosun.dizzo.com/site/data/html_dir/2026/06/08/2026060880043.html","AI 기반 에너지 이슈 분석·정보 검증 협력","AI 에너지 이슈","본문추출성공","주의","뉴엔ai 한국에너지정보문화재단 ai 기반 에너지 이슈 분석 정보 검증 협력","https://digitalchosun.dizzo.com/site/data/html_dir/2026/06/08/2026060880043.html","- 산업 맞춤형 AI 분석 기업 뉴엔AI가 한국에너지정보문화재단과 에너지 관련 정보의 신뢰성 제고를 위한 협력 사업을 추진한다고 8일 밝힘. 배성환 뉴엔AI 대표는 “에너지 이슈는 국가 정책의 핵심이자 국민 삶에 직결된 사안인 만큼 정확한 데이터에 기반한 소통이 필수적”이라며 “재단과 협력해 AI 기반 분석 기술을 활용한 정보 검증 체계를 구축하고, 신뢰할 수 있는 에너지 정보 제공에 기여하겠다”고 말했음.","True","7","","","","","","","","",""
"2026.6.8","정부_국회","8","지선 끝났는데 또 미뤄진 디지털자산기본법…업계 ""답답함 넘어 분통""","네이트","https://news.nate.com/view/20260608n00073","디지털자산기본법 제정 지연","디지털자산기본법","본문추출성공","주의","지선 끝났는데 또 미뤄진 디지털자산기본법 업계 답답함 넘어 분통","https://news.nate.com/view/20260608n00073","6·3 지방선거가 마무리되면서 디지털자산기본법 논의 재개 기대감이 커지고 있지만, 정치권의 법안 발의와 핵심 쟁점 조율은 여전히 지연되면서 업계의 피로감이 커지고 있음. /국회=남윤호 기자 [더팩트ㅣ박지웅 기자] 6·3 지방선거가 마무리되면서 그동안 정치 일정에 밀려 있던 디지털자산기본법(가상자산 2단계 법안) 논의가 본격화될 것이라는 기대감이 커지고 있음.","True","8","","","","","","","","",""
"2026.6.8","경쟁사_해외이슈","9","‘통신사→AI 인프라 기업’…SKT, 그룹 AI 전략 핵심축 부상","서울경제","https://www.sedaily.com/article/20052980?ref=sedailyEng","국가 AI 인프라/AIDC/GPU 정책","AI 인프라","본문추출성공","주의","통신사 ai 인프라 기업 skt 그룹 ai 전략 핵심축 부상","https://www.sedaily.com/article/20052980?ref=sedailyEng","그동안 엔비디아의 SK그룹 내 협력이 고성능 메모리 공급을 맡은 SK하이닉스를 중심으로 이뤄졌다면, 앞으로는 SK텔레콤이 AI를 실제 산업 현장에 공급·활용하는 인프라 구축의 핵심 파트너로 부상할 전망임. 이번에 양 기업이 발표한 AI 팩토리는 기존 데이터센터를 넘어 GPU, 고성능 메모리, 네트워크, 전력, 운영 소프트웨어가 결합된 차세대 AI 생산 기반을 의미한음.","True","9","","","","","","","","",""
"2026.6.8","경쟁사_해외이슈","10","[분석_AI플랫폼 ②네이버] 최수연 체제 네이버, AI 투자 확대에 순이익 급감... 플랫폼 성장 이어갔지만 수익성 방어 시험대 올라","뉴스워커","http://www.newsworker.co.kr/news/articleView.html?idxno=430132","네이버 AI 투자 확대 및 수익성 시험대","네이버 AI 전략","본문추출성공","주의","분석 ai플랫폼 네이버 최수연 체제 네이버 ai 투자 확대에 순이익 급감 플랫폼 성장 이어갔지만 수익성 방어 시험대 올라","http://www.newsworker.co.kr/news/articleView.html?idxno=430132","[분석_AI플랫폼 ②네이버] 최수연 체제 네이버, AI 투자 확대에 순이익 급감임. 스크롤 이동 상태바 [분석_AI플랫폼 ②네이버] 최수연 체제 네이버, AI 투자 확대에 순이익 급감임.","True","10","","","","","","","","",""
"2026.6.8","경쟁사_해외이슈","11","CU편의점·티빙 등 대형서비스 3곳 해킹… 개인정보 줄줄 새","v.daum.net","https://v.daum.net/v/QWQVIgEoWj?f=p","CU편의점·티빙 등 해킹","개인정보보호","본문추출성공","주의","cu편의점 티빙 등 대형서비스 3곳 해킹 개인정보 줄줄 새","https://v.daum.net/v/QWQVIgEoWj?f=p","CU편의점·티빙 등 대형서비스 3곳 해킹… 개인정보 줄줄 새 김강우 기자 2026임. 17:48 음성재생 설정 이동 통신망에서 음성 재생 시 데이터 요금이 발생할 수 있습니음.","True","11","","","","","","","","",""
"2026.6.8","경쟁사_해외이슈","12","美 정부, AI기업 지분 보유 검토… 오픈AI와 논의","v.daum.net","https://v.daum.net/v/20260607163817116?f=p","미국 정부, AI 기업 지분 보유 검토 (오픈AI 논의)","AI_정부정책_해외","본문추출성공","주의","정부 ai기업 지분 보유 검토 오픈ai와 논의","https://v.daum.net/v/20260607163817116?f=p","美 정부, AI기업 지분 보유 검토… 오픈AI와 논의 팽동현 2026임. 16:38 음성재생 설정 이동 통신망에서 음성 재생 시 데이터 요금이 발생할 수 있습니음.","True","12","","","","","","","","",""
"2026.6.8","산업동향","13","'새만금 AI·수소도시' 속도…김윤덕 장관, 베이징·내몽골 수소생태계 점검","네이트","https://news.nate.com/view/20260608n24097","새만금 AI·수소도시 추진","AI 수소도시","본문추출성공","주의","새만금 ai 수소도시 속도 김윤덕 장관 베이징 내몽골 수소생태계 점검","https://news.nate.com/view/20260608n24097","국토교통부는 김윤덕 장관을 단장으로 한 출장단이 8일부터 10일까지 3일간 중국을 방문해 수소 생산·이송·저장·활용 등 전 주기 수소 기반 시설 구축 현황과 관련 정책 동향을 점검한다고 밝힘. 이번 방문은 지난 2월 정부와 현대차그룹이 체결한 9조원 규모의 새만금 투자 협약을 뒷받침하기 위한 차원임.","True","13","","","","","","","","",""
"2026.6.9","자사_및_계열사_이슈","1","카카오 파업 예고에 정부 촉각…비상대응체계 점검","연합뉴스","https://www.yna.co.kr/amp/view/AKR20260608070700017","카카오 노조 임단협/파업 및 내부 갈등","노사갈등","본문추출성공","주의","카카오 파업 예고에 정부 촉각 비상대응체계 점검","https://www.yna.co.kr/amp/view/AKR20260608070700017","(서울=연합뉴스) 권하영 기자 = 과학기술정보통신부는 오는 10일로 예고된 카카오[035720] 노조 파업에 대비해 카카오 측과 점검 회의를 개최했다고 8일 밝힘. 최우혁 과기정통부 정보보호네트워크정책실장과 카카오 서영훈 부사장이 참석한 이 자리에서 양측은 카카오톡·카카오맵 등 국민 생활과 밀접한 주요임.","True","1","","","","","","","","",""
"2026.6.9","자사_및_계열사_이슈","2","실적 좋은데 카카오는 날 수 없다, 왜?","네이트","https://news.nate.com/view/20260605n33662","카카오 실적 대비 주가 부진","카카오톡_경영/실적","본문추출실패_대체없음_제목링크만","주의","실적 좋은데 카카오는 날 수 없다 왜","https://news.nate.com/view/20260605n33662","실적 좋은데 카카오는 날 수 없다, 왜? 네이트","True","2","","","","","","","","",""
"2026.6.9","자사_및_계열사_이슈","3","카카오 준신위, 'AI 기본법' 대응 워크숍 개최","뉴시스","https://www.newsis.com/view/NISX20260609_0003661784","카카오 준신위, AI 기본법 대응 워크숍 개최","AI 법제화","본문추출실패_대체없음_제목링크만","주의","카카오 준신위 ai 기본법 대응 워크숍 개최","https://www.newsis.com/view/NISX20260609_0003661784","카카오 준신위, 'AI 기본법' 대응 워크숍 개최 뉴시스","True","3","","","","","","","","",""
"2026.6.9","자사_및_계열사_이슈","4","캐피털업계 지형 변화 일어날까, 1조 규모 애큐온캐피탈 인수전 뜨겁고 카카오뱅크도 진출 예고","비즈니스포스트","https://www.businesspost.co.kr/BP?command=article_view&num=439495","애큐온캐피탈 인수전 및 카카오뱅크 진출","인수합병","본문추출성공","주의","캐피털업계 지형 변화 일어날까 1조 규모 애큐온캐피탈 인수전 뜨겁고 카카오뱅크도 진출 예고","https://www.businesspost.co.kr/BP?command=article_view&num=439495","<카카오뱅크> [비즈니스포스트] 메리츠금융그룹, 한화생명, 카카오뱅크 등이 국내 캐피털시장 진출의 문을 두드리면서 캐피털업계에 지형변화가 일어날 가능성이 나온다.메리츠금융그룹과 한화생명은 1조 원 규모 애큐온캐피탈·저축은행 인수전에 나서 캐피털업계 규모의 변화 기대감을 키우고 있음.","True","4","","","","","","","","",""
"2026.6.9","정부_국회","5","개인정보 유출한 티빙·CU…쿠팡 최종 제재 수위만 기다린다","v.daum.net","https://v.daum.net/v/pcudYb8BWV?f=p","티빙·CU 개인정보 유출, 쿠팡 제재 수위 주목","개인정보 유출","본문추출성공","주의","개인정보 유출한 티빙 cu 쿠팡 최종 제재 수위만 기다린다","https://v.daum.net/v/pcudYb8BWV?f=p","개인정보 유출한 티빙·CU…쿠팡 최종 제재 수위만 기다린음. 18:16 음성재생 설정 이동 통신망에서 음성 재생 시 데이터 요금이 발생할 수 있습니음.","True","5","","","","","","","","",""
"2026.6.9","정부_국회","6","“아동·청소년 디지털 성범죄 대응체계 개선 방안 모색”…여성가족부·방통위·경찰청 및 법조·시민사회 모여 플랫폼 규제와 공조 체계 진단:동아경제신문 & daenews.co.kr","동아경제","https://www.daenews.co.kr/25441","global_incident:platform_regulation:platform_sector:platform_regulation","government_regulatory_enforcement","본문추출성공","주의","아동 청소년 디지털 성범죄 대응체계 개선 방안 모색 여성가족부 방통위 경찰청 및 법조 시민사회 모여 플랫폼 규제와 공조 체계 진단 동아경제신문 daenews co kr","https://www.daenews.co.kr/25441","/ 자료=김한규·황정아 국회의원실·한국여성변호사회 [동아경제신문=동아경제신문 기자] 온라인 채팅 플랫폼과 소셜네트워크서비스(SNS)를 매개로 한 아동·청소년 대상 디지털 성범죄 및 그루밍 성착취 기법이 갈수록 지능화·고도화되는 가운데 피해자 지원 체계의 사각지대를 진단하고 사법·행정당국의 실효성 있는 규제 방안을 마련하기 위한 입법 정책 토론의 장이 국회에서 열린음.","True","6","","","","","","","","",""
"2026.6.9","정부_국회","7","스테이블코인 감독권 갈등에 막힌 '디지털 자산 기본법'…원화 스테이블코인·현물 ETF로 돌파구 모색","뉴스N연합","https://newsyonhap.com/news/107786","스테이블코인 감독권 갈등에 막힌 '디지털 자산 기본법'","디지털 자산/스테이블코인 규제","본문추출성공","주의","스테이블코인 감독권 갈등에 막힌 디지털 자산 기본법 원화 스테이블코인 현물 etf로 돌파구 모색","https://newsyonhap.com/news/107786","금융위원회와 한국은행이 스테이블코인 감독 권한을 놓고 팽팽한 이견을 좁히지 못하면서, '디지털 자산 기본법'의 시행이 2026년으로 연기됐음. 정부는 이 공백을 메우기 위해 원화 기반 스테이블코인 개발과 디지털 자산 현물 상장지수펀드(ETF) 도입을 2026년 경제 성장 전략의 핵심 축으로 동시에 추진 중임.","True","7","","","","","","","","",""
"2026.6.9","정부_국회","8","중국, ‘뒷광고·가짜 리뷰’ 겨냥…온라인 제품평가 규제 강화","법치뉴스","http://www.bubb.co.kr/news/articleView.html?idxno=4886","중국, 온라인 제품평가 규제 강화","플랫폼 규제_표시/광고","본문추출성공","주의","중국 뒷광고 가짜 리뷰 겨냥 온라인 제품평가 규제 강화","http://www.bubb.co.kr/news/articleView.html?idxno=4886","중국 정부가 온라인 제품 리뷰와 비교평가 시장에 대한 규제를 대폭 강화한음. 중국 정부는 최근 온라인 리뷰·비교평가 산업이 급성장하면서 소비자 구매 결정에 미치는 영향력이 커졌지만, 일부 플랫폼과 인플루언서들이 과장 광고와 허위 리뷰, 협찬 은폐, 광고와 평가의 경계가 불분명한 콘텐츠 등을 양산하고 있다고 지적했음.","True","8","","","","","","","","",""
"2026.6.9","경쟁사_해외이슈","9","오픈AI도 IPO 비공개 신청서 제출…""시기 아직 결정 안해""","뉴시스","https://www.newsis.com/view/NISX20260609_0003661376","오픈AI IPO 추진","오픈AI","본문추출성공","주의","오픈ai도 ipo 비공개 신청서 제출 시기 아직 결정 안해","https://www.newsis.com/view/NISX20260609_0003661376","등록 2026.06.09 09:20:19 수정 2026.06.09 09:52:24 [보스턴=AP/뉴시스] 챗GPT 개발사 오픈AI가 미 증권거래위원회(SEC)에 비공개 상장 신청서를 제출하면서 기업공개(IPO) 절차에 본격 착수했음. 사진은 2023년 3월9일 미국 보스턴에서 컴퓨터 화면 앞 휴대전화에 오픈AI 로고가 있는 모습임.","True","9","","","","","","","","",""
"2026.6.9","경쟁사_해외이슈","10","삼성SDS, 과기정통부 첨단 GPU 사업 선정에 주가 강세","디지털데일리","https://www.ddaily.co.kr/page/view/2026060909393680546","국가 AI 인프라/AIDC/GPU 정책","government_ai_core_policy","본문추출성공","주의","삼성sds 과기정통부 첨단 gpu 사업 선정에 주가 강세","https://www.ddaily.co.kr/page/view/2026060909393680546","삼성SDS, 과기정통부 첨단 GPU 사업 선정에 주가 강세 [디지털데일리 김보민기자] 삼성SDS가 정부 대규모 그래픽처리장치(GPU) 확보·구축·운용 지원 사업 참여 기업으로 선정되며 주가 강세를이어가고 있음. 이번 주가 상승은 전날 과학기술정보통신부가 발표한 첨단 GPU 확보·구축·운용 지원 사업 참여 기업 선정 결과가 영향을 미친 것으로 풀이됨.","True","10","","","","","","","","",""
"2026.6.9","경쟁사_해외이슈","11","일베금지법 완벽정리 처벌부터 위헌 논란까지, 정말 커뮤니티 폐쇄가 가능할까","네이버 프리미엄콘텐츠","https://contents.premium.naver.com/ahnlaw/anlaw/contents/260608115043751vx","global_incident:platform_regulation:naver:platform_content_moderation_obligation","comp_domestic_direct_risk","본문추출성공","주의","일베금지법 완벽정리 처벌부터 위헌 논란까지 정말 커뮤니티 폐쇄가 가능할까","https://contents.premium.naver.com/ahnlaw/anlaw/contents/260608115043751vx","일베금지법 완벽정리 처벌부터 위헌 논란까지, 정말 커뮤니티 폐쇄가 가능할까 언제나 의뢰인과 함께하는 안영진 변호사입니음. 2026년 6월, 이른바 '일베금지법'이 국회에 발의되면서 온라인이 뜨겁게 달아오르고 있습니음.","True","11","","","","","","","","",""
"2026.6.9","경쟁사_해외이슈","12","배민 1:1 맞춤 컨설팅 통했다…외식업주 주문·매출 두 자릿수 성장","thefairnews.co.kr","https://www.thefairnews.co.kr/news/articleView.html?idxno=78988","배민 1:1 맞춤 컨설팅 효과","플랫폼 사업자 성장 지원","본문추출성공","주의","배민 1 1 맞춤 컨설팅 통했다 외식업주 주문 매출 두 자릿수 성장","https://www.thefairnews.co.kr/news/articleView.html?idxno=78988","[더페어] 임세희 기자 = 배달의민족 운영사 우아한형제들이 외식업주를 대상으로 운영하는 ‘배민가게 성장 컨설팅’이 실질적인 경영 개선 성과를 내며 자영업자 지원 프로그램으로 자리매김하고 있음. 지난해 2월 시작된 배민가게 성장 컨설팅은 매출 정체나 운영상의 어려움을 겪는 외식업주를 대상으로 외식업 전문가가 1대 1로 맞춤형 컨설팅을 제공하는 프로그램임.","True","12","","","","","","","","",""
"2026.6.9","산업동향","13","[마켓+]엔비디아 생태계 올라탄 'K-로봇'…'피지컬 AI' 시대 글로벌 격전지 부상","비즈니스플러스","https://www.businessplus.kr/news/articleView.html?idxno=112663","K-로봇, 피지컬 AI 시대 글로벌 격전지 부상","AI 기술","본문추출성공","주의","마켓+ 엔비디아 생태계 올라탄 k 로봇 피지컬 ai 시대 글로벌 격전지 부상","https://www.businessplus.kr/news/articleView.html?idxno=112663","한국 로봇 산업이 단순 공장 자동화용 하드웨어 제조를 넘어 인공지능(AI)과 결합한 '피지컬 AI'(Physical AI)와 휴머노이드 중심으로 패러다임을 전환하며 글로벌 핵심 생태계로 부상하고 있음. 과거 산업용 협동로봇 중심이었던 국내 로봇 생태계는 최근 휴머노이드, 자율주행 로봇(AMR), 스마트팩토리 및 디지털 트윈 분야로 영역을 급속히 확장하는 추세음.","True","13","","","","","","","","",""
"2026-06-10","자사_및_계열사_이슈","1","""카톡 멈추진 않겠지""...카카오 노조, 오늘 부분 파업한다","파이낸셜뉴스","https://www.fnnews.com/ampNews/202606091638497938","카카오 노조 임단협/파업 및 내부 갈등","노조_파업","본문추출성공","주의","카톡 멈추진 않겠지 카카오 노조 오늘 부분 파업한다","https://www.fnnews.com/ampNews/202606091638497938","""카톡 멈추진 않겠지""...카카오 노조, 오늘 부분 파업한음. 10일 정보기술(IT) 업계에 따르면 민주노총 전국화학섬유식품산업노동조합 카카오지회(카카오 노조)는 이날 경기 성남시 판교역 일대에서 오전 10시부터 약 4시간 동안 부분 파업에 들어간음.","True","1","https://www.fnnews.com/ampNews/202606091638497938","global_incident:platform_regulation:kakao:platform_operator_obligation","action_started","official_action","42.0","published_today+today_date_action","google_rss_v28_self_rescue_competitor_summary_scope","",""
"2026-06-10","정부_국회","2","개인정보위, 10일 쿠팡 제재안 심의…과징금 수위 주목","전자신문","https://www.etnews.com/20260609000326","쿠팡 개인정보 유출 관련 개인정보보호위원회 제재","개인정보 유출 및 제재","본문추출성공","주의","개인정보위 10일 쿠팡 제재안 심의 과징금 수위 주목","https://www.etnews.com/20260609000326","과학기술정보통신부 민관합동조사단은 앞서 쿠팡 '내 정보 수정 페이지'에서 성명과 이메일이 포함된 개인정보 3367만3817건이 유출됐다고 발표했음. 개인정보위가 최종 의결에서 과기정통부 조사 결과와 같은 판단을 내릴 경우 과징금 규모는 상당 수준에 이를 가능성이 있음.","True","2","https://www.etnews.com/20260609000326","v27:platform_enforcement:coupang:privacy_data_violation","litigation","analysis_with_direct_risk","32.0","published_yesterday+today_date_action","google_rss_v28_self_rescue_competitor_summary_scope","",""
"2026-06-10","정부_국회","3","‘와우회원가’의 함정…공정위, 쿠팡 기만 광고 제재","KBS 뉴스","https://news.kbs.co.kr/news/pc/view/view.do?ncd=8582084","쿠팡 기만 광고 제재","플랫폼 규제","본문추출성공","주의","와우회원가의 함정 공정위 쿠팡 기만 광고 제재","https://news.kbs.co.kr/news/pc/view/view.do?ncd=8582084","기사 본문 영역 ‘와우회원가’의 함정…공정위, 쿠팡 기만 광고 제재 입력 2026.06.09 (21:48) 수정 2026.06.10 (08:03) 읽어주기 기능은 크롬기반의 브라우저에서만 사용하실 수 있음. [앵커] 쿠팡이 1회성 할인 가격을 유료 회원이면 늘 적용받을 수 있는 것처럼 광고해 공정위 제재를 받게 됐음.","True","3","https://news.kbs.co.kr/news/pc/view/view.do?ncd=8582084","v27:platform_enforcement:coupang:deceptive_membership_price_ad","penalty_or_sanction","analysis_with_direct_risk","14.0","published_yesterday","google_rss_v28_self_rescue_competitor_summary_scope","",""
"2026-06-10","정부_국회","4","과기정통부, 피지컬 AI 핵심기술 국산화 위한 선도사업 본격 착수","시사타임즈","http://www.timesisa.com/news/view.html?section=1&category=149&item=&no=49518","피지컬 AI 핵심 기술 국산화 선도사업","AI 핵심 기술 국산화","본문추출성공","주의","과기정통부 피지컬 ai 핵심기술 국산화 위한 선도사업 본격 착수","http://www.timesisa.com/news/view.html?section=1&category=149&item=&no=49518","즐겨찾기추가 편집 06.10 (수) 11 : 45 전체뉴스 47,727 로그인 회원가입 마이페이지 광고안내 고객센터 기사제보 전체보기 커버스토리 정치 사회 경제 문화 종교 정치 정치일반 청와대 국회·정당 정부·지자체 정치인물 사회 사회일반 교육·청소년 노동 인권·복지 환경 사건사고 NGO 경제 경제일반 부동산 재테크 금융·보험 자동차 취업·창업 기업·CEO IT·과학 생활경제 종교 종교 칼럼 엄무환 칼럼 전문가 칼럼 송인엽 <나가자, 세계로!> 칼럼 장계황 칼럼 김학민 영상칼럼 문화·연예 문화·연예일반 영화 공연·전시 북스 스포츠 여행·맛집 건강 국제 ISSUE ECONOMY 지역뉴스 전국 서울/경기 인천/강원 광주/제주 부산/울산 대전/대구 전라도 경상도 충청도 포토뉴스 테마포토 화제의포토 커버스토리 정치 사회 경제 종교 문화·연예 마이페이지 로그인 고객센터 고객지원센터 제휴 및 광고문의 기사제보 홈 과기정통부, 피지컬 AI 핵심기술 국산화 위한 선도사업 본격 착수 2026.06.10 11:43 입력 탁경선 기자 sisatime@hanmail.net ｜ LG전자 등 국내 대표 10개 산학연 역량 총결집 [시사타임즈 = 탁경선 기자] 정부가 피지컬 인공지능(AI) 핵심기술 국산화를 위한 선도사업에 본격 착수했음.","True","4","http://www.timesisa.com/news/view.html?section=1&category=149&item=&no=49518","global_incident:platform_regulation:kt:platform_content_moderation_obligation","decision","analysis_with_direct_risk","54.0","published_today+today_date_action+yesterday_date_action","google_rss_v28_self_rescue_competitor_summary_scope","",""
"2026-06-10","정부_국회","5","[단독] 금감원, 사회공헌·광고 집행 현장조사 착수…우리금융 첫 타자","뉴스1","https://www.news1.kr/amp/finance/general-finance/6193415","government_regulatory_enforcement:금감원 사회공헌 광고 집행 현장조사 착수 우리금융 첫 타자","government_regulatory_enforcement","본문추출성공","주의","금감원 사회공헌 광고 집행 현장조사 착수 우리금융 첫 타자","https://www.news1.kr/amp/finance/general-finance/6193415","[단독] 금감원, 사회공헌·광고 집행 현장조사 착수…우리금융 첫 타자 금감원, 우리금융·우리은행 대상 현장조사…사회공헌·광고업무 현황 파악 나서 사회공헌 명목으로 상업적 홍보했나…하나·신한·KB로 확대될까 '촉각' 한병찬 기자, 김도엽 기자 2026.06.10 오후 04:19 업데이트 2026.06.10 오후 05:27 금감원, 우리금융·우리은행 대상 현장조사…사회공헌·광고업무 현황 파악 나서 사회공헌 명목으로 상업적 홍보했나…하나·신한·KB로 확대될까 '촉각' 2026.06.10 오후 04:19 업데이트 2026.06.10 오후 05:27 (서울=뉴스1) 한병찬 김도엽 기자 = 금융감독원이 우리금융지주 및 우리은행을 대상으로 사회공헌 활동과 광고 업무 집행 현황에 대한 현장조사에 착수했음.","True","5","https://www.news1.kr/amp/finance/general-finance/6193415","global_incident:platform_regulation:financial_authority:platform_algorithm_ad_obligation","investigation","official_action","47.0","published_today+today_date_action+exclusive_breaking","google_rss_v28_self_rescue_competitor_summary_scope","",""
"2026-06-10","정부_국회","6","금감원 ""토스 중복출금 오류 재발 방지책 제출하라""…현장점검 검토 |","연합인포맥스","https://news.einfomax.co.kr/news/articleViewAmp.html?idxno=4419213","금융감독원, 토스 중복출금 오류 재발 방지책 제출 요구","토스 오류","본문추출성공","주의","금감원 토스 중복출금 오류 재발 방지책 제출하라 현장점검 검토","https://news.einfomax.co.kr/news/articleViewAmp.html?idxno=4419213","금감원 ""토스 중복출금 오류 재발 방지책 제출하라""…현장점검 검토 (서울=연합인포맥스) 허동규 기자 = 금융감독원이 최근 발생한 토스 자동이체 중복 출금 사고의 원인을 확인하고 재발 방지를 위한 개선 계획을 요구했음. 10일 금융당국에 따르면 금감원은 최군 토스에 자동이체 중복 출금 사고와 관련 내부통제 및 시스템 개선 계획을 제출하라고 요청했음.","True","6","https://news.einfomax.co.kr/news/articleViewAmp.html?idxno=4419213","global_incident:platform_regulation:toss:platform_operator_obligation","decision","official_action","47.0","published_today+today_date_action+exclusive_breaking","google_rss_v28_self_rescue_competitor_summary_scope","",""
"2026-06-10","정부_국회","7","과기정통부·방미통위, AI·OTT 협력 강화…데이터 공유 나선다","네이트","https://news.nate.com/view/20260610n25291","government_ai_core_policy:과기정통부 방미통위 ai ott 협력 강화 데이터 공유 나선다","government_ai_core_policy","본문추출성공","주의","과기정통부 방미통위 ai ott 협력 강화 데이터 공유 나선다","https://news.nate.com/view/20260610n25291","10일 서울 과기자문회의서 차관급 회의 열어 과기정통부 독파모에 방미심위 데이터 공유 과기정통부 독파모에 방미심위 데이터 공유 과학기술정보통신부(과기정통부)와 방송미디어통신위원회(방미통위)가 인공지능(AI)·미디어 분야 협력을 강화한음. 10일 과기정통부와 방미통위는 서울 광화문 과기자문회의에서 AI 시대 미디어 디지털 분야 환경 변화 대응을 위한 정책협의회 착수회의를 열고 정책을 논의했음.","True","7","https://news.nate.com/view/20260610n25291","global_incident:platform_regulation:science_ict_ministry:platform_content_moderation_obligation","consultation","official_action","42.0","published_today+today_date_action","google_rss_v28_self_rescue_competitor_summary_scope","",""
"2026-06-10","정부_국회","8","공정위, 허위·거짓광고 위반 과징금 2배 가중…감경은 축소 - 머니투데이","머니투데이","https://www.mt.co.kr/amp/economy/2026/06/09/2026060909150224538","global_incident:platform_regulation:fair_trade_authority:platform_algorithm_ad_obligation","government_regulatory_enforcement","본문추출성공","주의","공정위 허위 거짓광고 위반 과징금 2배 가중 감경은 축소","https://www.mt.co.kr/amp/economy/2026/06/09/2026060909150224538","개정 시행령은 지난 3월 행정예고 된 소비자 3법 과징금고시와 함께 다음달 1일부터 시행됨. 개정안을 살펴보면 우선 법 위반을 반복한 사업자에 대한 과징금 가중 기준을 상향했음.","True","8","https://www.mt.co.kr/amp/economy/2026/06/09/2026060909150224538","global_incident:platform_regulation:fair_trade_authority:platform_algorithm_ad_obligation","penalty_or_sanction","official_action","26.0","published_yesterday+yesterday_date_action","google_rss_v28_self_rescue_competitor_summary_scope","",""
"2026-06-10","정부_국회","9","박용진 “대형마트 주말 의무휴업 규제, 쿠팡만 키웠다”","시사저널","https://www.sisajournal.com/news/articleViewAmp.html?idxno=375936","대형마트 주말 의무휴업 규제 관련 발언","플랫폼 규제 및 경쟁","본문추출성공","주의","박용진 대형마트 주말 의무휴업 규제 쿠팡만 키웠다","https://www.sisajournal.com/news/articleViewAmp.html?idxno=375936","박용진 “대형마트 주말 의무휴업 규제, 쿠팡만 키웠다” “10년 전의 시장 환경 기준 규제, 오늘날 소비 여건 맞게 다시 점검해야” “쿠팡·마켓컬리, 365일 24시간 영업하고 규제 없어…기울어진 운동장” 박용진 대통령직속 규제합리화위원회 민간부위원장이 대형마트 주말 의무휴업 제도를 놓고 “‘쿠팡만 키웠다’거나 ‘전통시장·골목상권을 살리는데 역효과가 났다’는 이야기가 부쩍 들린다”며 재검토 필요성을 주장했음.","True","9","https://www.sisajournal.com/news/articleViewAmp.html?idxno=375936","privacy_security:coupang:data_leak","vote_or_mediation","analysis_feature","30.0","published_today+today_date_action+analysis_without_direct_event","google_rss_v28_self_rescue_competitor_summary_scope","",""
"2026-06-10","정부_국회","10","과기정통부, 'AI 미래 유니콘 기업'에 리벨리온 등 15개사 선정","뉴시스","https://www.newsis.com/view/NISX20260610_0003663376","government_ai_core_policy:과기정통부 ai 미래 유니콘 기업 에 리벨리온 등 15개사 선정","government_ai_core_policy","본문추출실패_대체없음_제목링크만","주의","과기정통부 ai 미래 유니콘 기업 에 리벨리온 등 15개사 선정","https://www.newsis.com/view/NISX20260610_0003663376","과기정통부, 'AI 미래 유니콘 기업'에 리벨리온 등 15개사 선정 뉴시스","True","10","https://www.newsis.com/view/NISX20260610_0003663376","event:과기정통부:ai_infrastructure_security","general","business_change","24.0","published_today","google_rss_v28_self_rescue_competitor_summary_scope","",""
"2026-06-10","경쟁사_해외이슈","11","네이버, 고품질 '숏폼' 생태계 만든다…'클립' 수익화 콘텐츠 기준 강화","전자신문","https://www.etnews.com/20260610000279","네이버 클립 수익화 정책 강화","숏폼 경쟁","본문추출성공","주의","네이버 고품질 숏폼 생태계 만든다 클립 수익화 콘텐츠 기준 강화","https://www.etnews.com/20260610000279","건강한 콘텐츠 생태계 구축은 물론, 고품질 영상 데이터를 네이버 AI 검색으로 연결해 AI 서비스 경쟁력을 높이는 전략으로 풀이됨. 10일 업계에 따르면 네이버는 강화된 클립 광고 인센티브 운영 정책을 오는 29일 시행한음.","True","11","https://www.etnews.com/20260610000279","privacy_security:naver:data_leak","action_started","business_change","54.0","published_today+today_date_action+yesterday_date_action","google_rss_v28_self_rescue_competitor_summary_scope","",""
"2026-06-10","경쟁사_해외이슈","12","[슈퍼 IPO] 앤스로픽 대해부 ⑦매출·수익성 모두 오픈AI 앞질렀다","뉴스핌","https://www.newspim.com/news/view/20260609001148","앤트로픽, 오픈AI 대비 매출·수익성 우위","AI 기업 경쟁 및 투자","본문추출성공","주의","슈퍼 ipo 앤스로픽 대해부 매출 수익성 모두 오픈ai 앞질렀다","https://www.newspim.com/news/view/20260609001148","[슈퍼 IPO] 앤스로픽 대해부 ⑦매출·수익성 모두 오픈AI 앞질렀음. 상장 문 먼저 두드린 이유, 기준 선점 다섯 달 만에 오픈AI 연환산 매출 역전 기업 겨냥 전략 결과, 코딩 상당 기여 오픈AI와 매출 인식 기준 차이는 존재 2분기 영업손익 흑자 예상, 오픈AI 대조 이 기사는 6월 9일 오후 3시25분 '해외 주식 투자의 도우미' GAM(Global Asset Management)에 출고된 프리미엄 기사임.","True","12","https://www.newspim.com/news/view/20260609001148","global_incident:ai_security_policy:kakao:openai_security_access","action_started","analysis_with_direct_risk","47.0","published_today+today_date_action+exclusive_breaking","google_rss_v28_self_rescue_competitor_summary_scope","",""
"2026-06-10","경쟁사_해외이슈","13","LG·현대차·네이버까지…AI 보안 스타트업 '에임인텔리전스'에 전략 투자","이데일리","https://www.edaily.co.kr/News/Read?newsId=03345606645480408&mediaCodeNo=257","LG·현대차·네이버 AI 보안 스타트업 투자","AI 보안 스타트업 투자","본문추출성공","주의","lg 현대차 네이버까지 ai 보안 스타트업 에임인텔리전스 에 전략 투자","https://www.edaily.co.kr/News/Read?newsId=03345606645480408&mediaCodeNo=257","[이데일리 김세연 기자] 인공지능(AI) 보안 전문 기업 에임인텔리전스는 LG전자(066570), 현대차(005380)그룹 제로원벤처스, 네이버(NAVER(035420)) D2SF로부터 전략적 투자를 유치했다고 10일 밝혔다.이번 투자는 에임인텔리전스가 삼성벤처투자 주도의 시리즈 A 라운드를 마친지 한 달 만에 이뤄졌음.","True","13","https://www.edaily.co.kr/News/Read?newsId=03345606645480408&mediaCodeNo=257","v27:platform_enforcement:naver:privacy_data_violation","general","analysis_with_direct_risk","24.0","published_today","google_rss_v28_self_rescue_competitor_summary_scope","",""
"2026-06-10","산업동향","14","KT, AI·데이터 광고 플랫폼 볼보 EX90 마케팅에 적용","뉴스프리존","https://www.newsfreezone.co.kr/news/articleViewAmp.html?idxno=693821","국가 AI 인프라/AIDC/GPU 정책","AI 데이터센터 구축","본문추출성공","주의","kt ai 데이터 광고 플랫폼 볼보 ex90 마케팅에 적용","https://www.newsfreezone.co.kr/news/articleViewAmp.html?idxno=693821","KT, AI·데이터 광고 플랫폼 볼보 EX90 마케팅에 적용 검색량 2배 증가 등 효과 KT는 AI·데이터 기반 광고 플랫폼을 볼보자동차코리아의 전기 SUV '볼보 EX90' 출시 캠페인에 적용해 브랜드 검색량 증가 등의 결과를 얻었다고 10일 밝힘. 이번 캠페인은 광화문 KT스퀘어 미디어월과 KT 지니 TV의 광고상품 ‘프리미엄 G 패키지’를 연계한 통합 미디어 광고 방식으로 진행됐음.","True","14","https://www.newsfreezone.co.kr/news/articleViewAmp.html?idxno=693821","privacy_security:kt:data_leak","action_started","analysis_feature","30.0","published_today+today_date_action+analysis_without_direct_event","google_rss_v28_self_rescue_competitor_summary_scope","",""
"2026-06-12","자사_및_계열사_이슈","1","""알리페이에 고객정보 넘겨""…法, 카카오페이 과징금 60억 적법 판결","네이트","https://news.nate.com/view/20260611n29164","카카오페이 개인정보위 과징금 행정소송 1심 패소","self_legal_regulatory","본문추출성공","주의","알리페이에 고객정보 넘겨 카카오페이 과징금 60억 적법 판결","https://news.nate.com/view/20260611n29164","연합뉴스 서울행정법원 행정12부(강재원 부장판사)는 11일 카카오페이가 개인정보보호위원회를 상대로 낸 시정명령 등 처분 취소 청구 소송에서 원고 패소로 판결했음. 개인정보위는 지난해 1월 전체 이용자 약 4천만 명의 개인정보를 동의 없이 알리페이에 제공한 카카오페이에 시정명령과 함께 과징금 59억 6천여만 원을 부과했음.","True","1","https://news.nate.com/view/20260611n29164","v27:platform_enforcement:kakao:privacy_data_violation","litigation","official_action","31.0","published_yesterday+yesterday_date_action+exclusive_breaking","google_rss_v36_locked_categories_protected_candidates","",""
"2026-06-12","자사_및_계열사_이슈","2","카카오게임즈, 라인야후 3천억원 투자 유치...지분구조 개편","인벤","https://www.inven.co.kr/webzine/news?news=314725&site=destiny2","카카오게임즈 최대주주 변경 및 공동대표 체제","계열사_경영_투자","본문추출실패_대체없음_제목링크만","주의","카카오게임즈 라인야후 3천억원 투자 유치 지분구조 개편","https://www.inven.co.kr/webzine/news?news=314725&site=destiny2","","True","2","https://www.inven.co.kr/webzine/news?news=314725&site=destiny2","global_incident:leadership_service:kakao:service_reform_backlash","general","direct_risk","24.0","published_today","google_rss_v36_locked_categories_protected_candidates","",""
"2026-06-12","정부_국회","3","'클로드 코드' 돌풍에 오픈AI, 챗GPT 토큰 요금 '대폭 인하' 검토","내외뉴스통신","http://www.nbnnews.co.kr/news/articleView.html?idxno=1034636","오픈AI 챗GPT 요금 인하 검토 및 AI 경쟁 심화","AI 시장 경쟁","본문추출성공","주의","클로드 코드 돌풍에 오픈ai 챗gpt 토큰 요금 대폭 인하 검토","http://www.nbnnews.co.kr/news/articleView.html?idxno=1034636","오픈AI가 기업 고객 유치 시장에서 경쟁사인 앤트로픽을 견제하기 위해 사용량 측정 단위인 토큰 요금을 대폭 낮추는 방안을 검토 중임. 이번 가격 인하 조치는 소프트웨어 개발 분야에서 좋은 평가를 받으며 급성장 중인 앤트로픽의 코딩 도구 '클로드 코드'에 대응하기 위한 전략으로 풀이됨.","True","4","http://www.nbnnews.co.kr/news/articleView.html?idxno=1034636","global_incident:ai_security_policy:kakao:anthropic_glasswing_security","consultation","business_change","24.0","published_today","google_rss_v36_locked_categories_protected_candidates","",""
"2026-06-12","정부_국회","4","강준현 더불어민주당 의원 ""하반기 디지털자산기본법 입법 논의할 것 [토크노미 코리아 2026]","네이트","https://news.nate.com/view/20260611n13874?mid=n1101","디지털자산기본법 하반기 논의 재개","디지털자산 정책","본문추출성공","주의","강준현 더불어민주당 의원 하반기 디지털자산기본법 입법 논의할 것 토크노미 코리아 2026","https://news.nate.com/view/20260611n13874?mid=n1101","토크노미 코리아 2026이 파이낸셜뉴스와 디지털자산거래소 공동협의체 주최로 11일 서울 여의도 한국거래소 컨퍼런스홀에서 열렸음.","True","3","https://news.nate.com/view/20260611n13874?mid=n1101","global_incident:digital_asset_policy:digital_asset_sector:digital_asset_policy","consultation","direct_risk","14.0","published_yesterday","google_rss_v36_locked_categories_protected_candidates","",""
"2026-06-12","정부_국회","5","과기정통부, AI·6G 보안 국제표준 개발 착수","v.daum.net","https://v.daum.net/v/QFp4shhDNc?f=p","과기정통부 AI·6G 보안 국제표준 개발 착수","AI 보안 표준","본문추출성공","주의","과기정통부 ai 6g 보안 국제표준 개발 착수","https://v.daum.net/v/QFp4shhDNc?f=p","과기정통부, AI·6G 보안 국제표준 개발 착수 장민권 2026임. 글자 수 10,000자 초과 시 일부만 음성으로 제공함.","True","5","https://v.daum.net/v/QFp4shhDNc?f=p","global_incident:ai_security_policy:science_ict_ministry:ai_security_policy","rumor_or_report","analysis_with_direct_risk","29.0","published_today+exclusive_breaking","google_rss_v36_locked_categories_protected_candidates","",""
"2026-06-12","경쟁사_해외이슈","6","SKT, 엔비디아 이어 앤트로픽도 ‘맞손’…“AI 인프라·데이터·보안, ‘날개’ 달았다”","CEO스코어데일리","https://www.ceoscoredaily.com/page/view/2026061113230832551","국가 AI 인프라/AIDC/GPU 정책","경쟁사 AI 전략","본문추출성공","주의","skt 엔비디아 이어 앤트로픽도 맞손 ai 인프라 데이터 보안 날개 달았다","https://www.ceoscoredaily.com/page/view/2026061113230832551","초기 투자자로 참여한 데 이어 최근 추가 지분 투자를 단행하면서, AI 인프라와 데이터, 보안 영역을 아우르는 전략적 동맹에 나선 모습임. 그는 이어 “SKT는 인프라 사업과 데이터 사업 등에서 앤트로픽이 필요하고, 앤트로픽도 자체 컴퓨팅 파워 확보를 추진하고 있어 함께 논의할 수 있는 부분이 있다”고 설명했음.","True","6","https://www.ceoscoredaily.com/page/view/2026061113230832551","global_incident:platform_regulation:toss:platform_data_protection_obligation","penalty_or_sanction","analysis_with_direct_risk","29.0","published_today+exclusive_breaking","google_rss_v36_locked_categories_protected_candidates","",""
"2026-06-12","경쟁사_해외이슈","7","네이버클라우드, 국방 AX 세미나서 옴니모달·FDE 기반 실전형 국방 AI 구현 방안 공개","전자신문","https://www.etnews.com/20260611000099","네이버클라우드 국방 AI 전략","국내 기업 AI 전략 및 적용","본문추출성공","주의","네이버클라우드 국방 ax 세미나서 옴니모달 fde 기반 실전형 국방 ai 구현 방안 공개","https://www.etnews.com/20260611000099","이번 세미나에서 네이버클라우드는 텍스트·음성·영상·지도를 하나의 작전 상황으로 통합 이해하는 옴니모달 AI 모델과 현장 엔지니어를 전진 배치하는 FDE(Forward Deployed Engineer) 중심의 체계를 국방 AI 주권의 핵심 축으로 제시했음.","True","7","https://www.etnews.com/20260611000099","privacy_security:naver:data_leak","decision","official_action","14.0","published_yesterday","google_rss_v36_locked_categories_protected_candidates","",""
"2026-06-13","자사_및_계열사_이슈","1","[단독]창사 첫 파업 속 카카오 조직개편…비즈니스 전현수·톡부문 공석 - 머니투데이","머니투데이","https://www.mt.co.kr/tech/2026/06/12/2026061210494253199","카카오 노조 임단협/파업 및 내부 갈등","self_labor","본문추출성공","문제","창사 첫 파업 속 카카오 조직개편 비즈니스 전현수 톡부문 공석","https://www.mt.co.kr/tech/2026/06/12/2026061210494253199","카카오 (41,500원 ▲2,200 +5.6%) 가 조직 개편을 단행했음. 12일 정보기술(IT)업계에 따르면 카카오는 이날 카카오 서비스의 중추 역할을 해온 '프로덕트 조직'에 대한 '조직개편 및 인사이동' 공지를 했음.","True","1","https://www.mt.co.kr/tech/2026/06/12/2026061210494253199","global_incident:platform_regulation:kakao:platform_content_moderation_obligation","vote_or_mediation","analysis_with_direct_risk","19.0","published_yesterday+exclusive_breaking","google_rss_v38_1_issue_integrity_best_article_guard","",""
"2026-06-13","자사_및_계열사_이슈","2","티빙 개인정보 탈탈 털렸는데...카카오·네이버 연동 회원들 괜찮나요?","뉴스워커","http://www.newsworker.co.kr/news/articleViewAmp.html?idxno=431097","global_incident:platform_regulation:kakao:platform_regulation","self_privacy_security","본문추출성공","문제","티빙 개인정보 탈탈 털렸는데 카카오 네이버 연동 회원들 괜찮나요","http://www.newsworker.co.kr/news/articleViewAmp.html?idxno=431097","티빙 개인정보 탈탈 털렸는데...카카오·네이버 연동 회원들 괜찮나요?임. 동일 계정 여러 개 사용하는 회원도 많아 티빙에서 대규모 개인정보 유출 사고가 발생한 가운데 카카오와 네이버 등 간편 로그인을 이용하는 회원들 사이에서도 불안감이 확산됐음.","True","2","http://www.newsworker.co.kr/news/articleViewAmp.html?idxno=431097","v27:platform_enforcement:coupang:deceptive_membership_price_ad","penalty_or_sanction","official_action","24.0","published_today","google_rss_v38_1_issue_integrity_best_article_guard","",""
"2026-06-13","정부_국회","3","[조선시대 문헌부터 사투리까지… AI 성능 평가도 'K-스타일'로 바뀐다] 과기정통부·NIA, 연내 한국형 AI 독자 벤치마크 구축… 번역식 평가 벗어나 문맥·추론 능력 정밀 검증","AI넷","http://www.ainet.link/27147","government_ai_core_policy:조선시대 문헌부터 사투리까지 ai 성능 평가도 k 스타일 로 바뀐다 과기정통부 nia 연내 한국형 ai 독자","government_ai_core_policy","본문추출성공","문제","조선시대 문헌부터 사투리까지 ai 성능 평가도 k 스타일 로 바뀐다 과기정통부 nia 연내 한국형 ai 독자 벤치마크 구축 번역식 평가 벗어나 문맥 추론 능력 정밀 검증","http://www.ainet.link/27147","시작페이지로 l 즐겨찾기 l RSS l 편집 2026.06.12 [13:27] 조선시대 문헌부터 사투리까지… AI 성능 평가도 'K-스타일'로 바뀐음. 과학기술정보통신부와 한국지능정보사회진흥원(NIA)은 이러한 변화에 발맞춰 국내 맞춤형 AI 모델 벤치마크 데이터셋 구축 사업을 추진하고 있으며, 최근 개발 사업자 선정을 마치고 검증 과정을 거쳐 올해 안에 프로젝트를 완료할 계획임.","True","3","http://www.ainet.link/27147","global_incident:platform_regulation:science_ict_ministry:platform_content_moderation_obligation","rumor_or_report","analysis_with_direct_risk","14.0","published_yesterday","google_rss_v38_1_issue_integrity_best_article_guard","",""
"2026-06-13","경쟁사_해외이슈","4","앤트로픽·구글이 매달 3조 원씩 내는 곳 — 멤피스 콜로서스 실체 분석","네이버 프리미엄콘텐츠","https://contents.premium.naver.com/unis/something/contents/260612181343523rt","국가 AI 인프라/AIDC/GPU 정책","국내 AI 경쟁","본문추출성공","문제","앤트로픽 구글이 매달 3조 원씩 내는 곳 멤피스 콜로서스 실체 분석","https://contents.premium.naver.com/unis/something/contents/260612181343523rt","앤트로픽·구글이 매달 3조 원씩 내는 곳 — 멤피스 콜로서스 실체 분석 SpaceX 얘기를 꺼내면, 돌아오는 반응이 거의 정해져 있음.","True","4","https://contents.premium.naver.com/unis/something/contents/260612181343523rt","global_incident:platform_regulation:naver:platform_content_moderation_obligation","decision","analysis_with_direct_risk","26.0","published_yesterday+yesterday_date_action","google_rss_v38_1_issue_integrity_best_article_guard","",""
"2026-06-13","경쟁사_해외이슈","5","[인텔 어게인 CPU] ④ HP·레노버·델부터 韓 네이버까지…‘인텔 하이브리드 동맹’","디지털데일리","https://www.ddaily.co.kr/page/view/2026060916361642165","네이버 인텔 CPU 동맹","네이버","본문추출성공","문제","인텔 어게인 cpu hp 레노버 델부터 네이버까지 인텔 하이브리드 동맹","https://www.ddaily.co.kr/page/view/2026060916361642165","이에 따라 그동안 가속기(GPU)의 그늘에 가려져 있던 중앙처리장치(CPU)의 오케스트레이션 성능과 경제학이 새로운 핵심 변수로 급부상 중임. <디지털데일리>는 대만 타이베이 '컴퓨텍스 2026' 현장에서 포착한 인텔의 대반격 신호탄을 토대로, 칩 제조사를 넘어 '종합 AI 플랫폼 기업'으로의 체질 개선을 선언한 인텔의 하이브리드 생태계 전략을 통해 이를 조망해보고자 함.","True","5","https://www.ddaily.co.kr/page/view/2026060916361642165","global_incident:platform_regulation:naver:platform_data_protection_obligation","review_scheduled","analysis_with_direct_risk","29.0","published_today+exclusive_breaking","google_rss_v38_1_issue_integrity_best_article_guard","",""
"2026-06-13","경쟁사_해외이슈","6","비트코인 회복 가로막는 AI 열풍…스페이스X·오픈AI 상장 러시","뉴시스","https://www.newsis.com/view/NISX20260612_0003667324","해외 AI 빅테크 IPO 및 시장 평가","오픈AI","본문추출성공","문제","비트코인 회복 가로막는 ai 열풍 스페이스x 오픈ai 상장 러시","https://www.newsis.com/view/NISX20260612_0003667324","재판매 및 DB 금지/ 유토이미지 체코전 승리한 홍명보호, 밝은 분위기서 회복 훈련…내일은 달콤한 휴식 이번주 국회에는 무슨 일이?임.","True","7","https://www.newsis.com/view/NISX20260612_0003667324","global_incident:platform_regulation:openai:platform_content_moderation_obligation","action_started","official_action","29.0","published_today+exclusive_breaking","google_rss_v38_1_issue_integrity_best_article_guard","",""
"2026-06-13","경쟁사_해외이슈","7","아마존, 글로벌스타 애플 지분 인수로 위성 통신·주가 매력 부각","simplywall.st","https://simplywall.st/ko/stocks/us/retail/nasdaq-amzn/amazoncom/news/fe1d50ae319c96cd","아마존 위성 통신 분야 투자 (애플 연관)","아마존","본문추출성공","문제","아마존 글로벌스타 애플 지분 인수로 위성 통신 주가 매력 부각","https://simplywall.st/ko/stocks/us/retail/nasdaq-amzn/amazoncom/news/fe1d50ae319c96cd","아마존(NasdaqGS:AMZN)이 위성 통신사 글로벌스타(Globalstar)에 대한 애플의 20% 지분을 포함한 116억 달러 규모의 거래를 발표했음. 이번 지분 인수를 통해 아마존은 자사의 위성 통신 구상인 프로젝트 레오(Project Leo)의 기반을 확장하고, 모바일 위성 서비스와 긴급 통신, 광대역 연결 영역으로 사업 저변을 넓히려는 움직임을 보였음.","True","6","https://simplywall.st/ko/stocks/us/retail/nasdaq-amzn/amazoncom/news/fe1d50ae319c96cd","global_incident:platform_regulation:apple:platform_content_moderation_obligation","investigation","analysis_with_direct_risk","29.0","published_today+exclusive_breaking","google_rss_v38_1_issue_integrity_best_article_guard","",""
"2026-06-14","자사_및_계열사_이슈","1","카카오페이, 4000만명 정보 알리페이 제공…법원 “60억원 과징금 정당”","더퍼블릭","https://www.thepublic.kr/news/articleViewAmp.html?idxno=307589","카카오페이 알리페이 개인정보 제공 관련 과징금 소송 패소","개인정보 제재","본문추출성공","문제","카카오페이 4000만명 정보 알리페이 제공 법원 60억원 과징금 정당","https://www.thepublic.kr/news/articleViewAmp.html?idxno=307589","카카오페이, 4000만명 정보 알리페이 제공…법원 “60억원 과징금 정당” [더퍼블릭=이유정 기자] 고객 동의 없이 약 4000만명의 개인정보를 중국 알리페이에 제공한 카카오페이에 60억원 가까운 과징금을 부과한 처분은 정당하다는 법원 판단이 나왔음. 앞서 개인정보위는 지난해 1월 전체 이용자 약 4천만명의 개인정보를 동의 없이 알리페이에 제공한 카카오페이에 시정명령과 과징금 59억6천여만원을 부과했음.","True","1","https://www.thepublic.kr/news/articleViewAmp.html?idxno=307589","v27:platform_enforcement:kakao:privacy_data_violation","penalty_or_sanction","official_action","29.0","published_today+exclusive_breaking","google_rss_v38_1_issue_integrity_best_article_guard","",""
"2026-06-14","자사_및_계열사_이슈","2","네이버·SKT, 엔비디아와 AI 협력…카카오 첫 파업[뉴스잇(IT)쥬]","뉴스1","https://www.news1.kr/it-science/cc-newmedia/6196617","카카오 노조 임단협/파업 및 내부 갈등","노사 관계","본문추출성공","문제","네이버 skt 엔비디아와 ai 협력 카카오 첫 파업 뉴스잇 it 쥬","https://www.news1.kr/it-science/cc-newmedia/6196617","펄어비스 '붉은사막' 출시 83일 만에 600만 장 판매 편집자주임. (서울=뉴스1) 김민재 기자 = 이번 주 정보기술(IT)업계에서는 네이버(035420)와 SK텔레콤(017670)이 엔비디아와 협력한다는 사실이 화제를 끌었음.","True","2","https://www.news1.kr/it-science/cc-newmedia/6196617","global_incident:platform_regulation:kakao:platform_self_preferencing","action_started","analysis_with_direct_risk","42.0","published_today+today_date_action","google_rss_v38_1_issue_integrity_best_article_guard","",""
"2026-06-14","자사_및_계열사_이슈","3","[게임주총] 카카오게임즈 ""지분구조 재편에 임직원 고용안정 명문화""","인벤","https://www.inven.co.kr/webzine/news?news=314782&site=over","카카오게임즈 최대주주 변경 및 공동대표 체제","카카오게임즈 경영","본문추출실패_대체없음_제목링크만","문제","게임주총 카카오게임즈 지분구조 재편에 임직원 고용안정 명문화","https://www.inven.co.kr/webzine/news?news=314782&site=over","","True","3","https://www.inven.co.kr/webzine/news?news=314782&site=over","global_incident:labor_ir:kakao:labor_ir","general","direct_risk","14.0","published_yesterday","google_rss_v38_1_issue_integrity_best_article_guard","",""
"2026-06-14","경쟁사_해외이슈","4","[AI세계속으로]개인정보 보호 강조하는 애플표 AI…""이용자 정보 학습 X""","네이트","https://news.nate.com/view/20260613n02380","애플 AI 전략 및 개인정보 보호 강조","AI/개인정보","본문추출성공","문제","ai세계속으로 개인정보 보호 강조하는 애플표 ai 이용자 정보 학습 x","https://news.nate.com/view/20260613n02380","아시아경제 원문 기사전송 2026-06-13 07:00 기사 제목과 본문 내용을 자동 요약한 내용임. 애플은 자체 모델 개발의 한계를 인정한 듯 구글의 AI 모델 제미나이를 기반으로 자체 모델을 구축하면서도 이용자들의 개인정보 보호에 방점을 뒀음.","True","7","https://news.nate.com/view/20260613n02380","privacy_security:google:data_leak","action_started","direct_risk","14.0","published_yesterday","google_rss_v38_1_issue_integrity_best_article_guard","",""
"2026-06-14","경쟁사_해외이슈","5","쿠팡 과징금, 세계 최대?…개인정보위 ""메타 50억달러 사례 있다""","이데일리","https://www.edaily.co.kr/News/Read?newsId=02807686645481392&mediaCodeNo=257","쿠팡 개인정보 유출 과징금","플랫폼 규제","본문추출성공","문제","쿠팡 과징금 세계 최대 개인정보위 메타 50억달러 사례 있다","https://www.edaily.co.kr/News/Read?newsId=02807686645481392&mediaCodeNo=257","최근 쿠팡 제재를 두고 ‘세계 최대 개인정보 과징금’이라는 일부 보도에 대해 해외 주요임.","True","4","https://www.edaily.co.kr/News/Read?newsId=02807686645481392&mediaCodeNo=257","v27:platform_enforcement:coupang:privacy_data_violation","penalty_or_sanction","official_action","26.0","published_yesterday+yesterday_date_action","google_rss_v38_1_issue_integrity_best_article_guard","",""
"2026-06-14","경쟁사_해외이슈","6","미국 정부 ‘미토스’ 해외 접속 전면 금지...앤트로픽, 서비스 중단","조선일보","https://www.chosun.com/economy/tech_it/2026/06/13/5YAMJYF5XRF7BNBSYAZOQRDTQE?outputType=amp","앤트로픽 AI 모델 외국인 접근 차단","AI 규제","본문추출성공","문제","미국 정부 미토스 해외 접속 전면 금지 앤트로픽 서비스 중단","https://www.chosun.com/economy/tech_it/2026/06/13/5YAMJYF5XRF7BNBSYAZOQRDTQE?outputType=amp","11:39 미국 정부가 ‘미토스’를 비롯한 앤트로픽의 최상위 인공지능(AI) 모델에 외국인들이 접속하는 것을 전면 금지했음. 앤트로픽은 “미국 정부는 국가 안보 당국의 지침에 따라 모든 외국 국적자의 ‘페이블5’와 ‘미토스5’ 접근을 전면 중단하는 수출 통제 지침을 발표했다”고 12일(현지 시각) 밝힘.","True","5","https://www.chosun.com/economy/tech_it/2026/06/13/5YAMJYF5XRF7BNBSYAZOQRDTQE?outputType=amp","privacy_security:toss:data_leak","decision","analysis_with_direct_risk","32.0","published_yesterday+today_date_action","google_rss_v38_1_issue_integrity_best_article_guard","",""
"2026-06-14","경쟁사_해외이슈","7","미 주정부 연합, 오픈AI 전격 조사…취약계층 보호·기술 결함 검증","AI타임스","https://www.aitimes.com/news/articleView.html?idxno=211704","오픈AI IPO 전망 및 美 주검찰 조사","AI 기업/규제","본문추출성공","문제","미 주정부 연합 오픈ai 전격 조사 취약계층 보호 기술 결함 검증","https://www.aitimes.com/news/articleView.html?idxno=211704","미국 주 법무장관들이 연합해 오픈AI를 상대로 광범위한 조사에 착수한 것으로 확인됐음. 월스트리트저널(WSJ)에 따르면, 뉴욕주 법무부 장관은 12일(현지시간) 오픈AI에 광범위한 자료 제출을 요구하는 소환장을 발송했음.","True","6","https://www.aitimes.com/news/articleView.html?idxno=211704","global_incident:platform_regulation:google:platform_content_moderation_obligation","investigation","analysis_with_direct_risk","24.0","published_today","google_rss_v38_1_issue_integrity_best_article_guard","",""
"2026-06-14","산업동향","8","'린 AI 네이티브'가 뜬다…AI가 바꾸는 中 창업 생태계","네이트","https://news.nate.com/view/20260614n01246","중국 AI 스타트업 생태계 성장","중국 AI 시장 동향","본문추출성공","문제","린 ai 네이티브 가 뜬다 ai가 바꾸는 창업 생태계","https://news.nate.com/view/20260614n01246","[선데이 모닝 인사이트] 中 AI산업 [편집자주] 트럼프 2기 출범, AI의 발달, 기후변화 등 글로벌 사회의 불확실성이 커졌음. 적은 인원으로 높은 생산성을 창출하는 '린 AI 네이티브(Lean AI Native·설립 5년 이내, 직원 50명 미만으로 연 매출 500만 달러 이상을 달성한 AI 스타트업)'가 새로운 성장 모델로 부상하고 있는 것이다.최근 중국에서는 OPC(One-Person Company, 1인 기업) 열풍이 불고 있음.","True","8","https://news.nate.com/view/20260614n01246","global_incident:platform_regulation:apple:platform_content_moderation_obligation","action_started","analysis_with_direct_risk","24.0","published_today","google_rss_v38_1_issue_integrity_best_article_guard","",""
"2026-06-14","산업동향","9","중국, 미 국방부 기술 기업 블랙리스트 조치에 “정상회담 합의 훼손” 반발","AI타임스","https://www.aitimes.com/news/articleView.html?idxno=211707","미중 기술 패권 갈등 심화 (AI 기업 블랙리스트)","미중 기술 패권","본문추출성공","문제","중국 미 국방부 기술 기업 블랙리스트 조치에 정상회담 합의 훼손 반발","https://www.aitimes.com/news/articleView.html?idxno=211707","미국 국방부가 알리바바와 바이두, BYD, 니오 등 중국의 대표 기술 기업들을 중국군과 연계된 블랙리스트 목록에 추가하자, 중국 정부가 강하게 반발하고 나섰음. 중국 상무부는 14일 성명을 통해 미국의 조치에 대해 “강한 불만과 단호한 반대를 표한다”라며 “미국은 잘못된 관행을 즉각 중단하고 관련 조치를 철회해 건설적이고 안정적인 미·중 관계 발전의 올바른 궤도로 돌아와야 한다”라고 밝힘.","True","9","https://www.aitimes.com/news/articleView.html?idxno=211707","global_incident:platform_regulation:platform_sector:platform_algorithm_ad_obligation","decision","direct_risk","24.0","published_today","google_rss_v38_1_issue_integrity_best_article_guard","",""
"2026-06-15","자사_및_계열사_이슈","1","카카오벤처스, LP 소통 플랫폼 ‘KV 파트너스’ 베타 출시","서울경제","https://www.sedaily.com/article/20055643","카카오벤처스 LP 소통 플랫폼 출시","self_strategic_reference","본문추출성공","주의","카카오벤처스 lp 소통 플랫폼 kv 파트너스 베타 출시","https://www.sedaily.com/article/20055643","카카오벤처스는 펀드 출자자(LP) 커뮤니케이션 플랫폼 ‘KV 파트너스’ 베타 서비스를 시작했다고 15일 밝힘. 카카오벤처스는 펀드 출자자(LP) 커뮤니케이션 플랫폼 ‘KV 파트너스’ 베타 서비스를 시작했다고 15일 밝힘.","True","1","https://www.sedaily.com/article/20055643","global_incident:platform_regulation:kakao:platform_operator_obligation","review_scheduled","business_change","29.0","published_today+exclusive_breaking","google_rss_v40_enforcement_dedupe_self_soft_fallback","",""
"2026-06-15","정부_국회","2","데이트리스 ‘파운더브리프’, 중기부·창진원 ‘모두의 창업’ AI 공급 플랫폼 선정","beSUCCESS","https://besuccess.com?p=183872","중기부 AI 창업 지원 정책","AI 정책","본문추출성공","주의","데이트리스 파운더브리프 중기부 창진원 모두의 창업 ai 공급 플랫폼 선정","https://besuccess.com?p=183872","데이트리스 ‘파운더브리프’, 중기부·창진원 ‘모두의 창업’ AI 공급 플랫폼 선정 NEWS 2026년 06월 15일 beSUCCESS 데이터 테크 스타트업 데이트리스(대표 김재현)의 AI 기반 글로벌 시장 인텔리전스 플랫폼 ‘파운더브리프(Founderbrief)’가 중소벤처기업부와 창업진흥원이 추진하는 창업 지원 프로젝트 ‘모두의 창업’의 AI 솔루션 공급 플랫폼으로 선정됐음.","True","2","https://besuccess.com?p=183872","global_incident:platform_regulation:platform_sector:platform_content_moderation_obligation","decision","analysis_with_direct_risk","24.0","published_today","google_rss_v40_enforcement_dedupe_self_soft_fallback","",""
"2026-06-15","정부_국회","3","AI '미토스' 리스크에 망분리 규제 완화…KB국민·농협은행 '다음 기회로'","지디넷코리아","https://zdnet.co.kr/view?no=20260615133234","AI 관련 금융권 망분리 규제 동향","금융_AI_규제","본문추출성공","주의","ai 미토스 리스크에 망분리 규제 완화 kb국민 농협은행 다음 기회로","https://zdnet.co.kr/view?no=20260615133234","금융위원회가 인공지능(AI) 공격에 대응할 수 있도록 망 분리 규제를 완화하기로 결정한 가운데, 망 분리 규제없이 보안사고 없이 금융시스템을 운영할 역량이 되는지를 점검하는 테스트가 진행 중임. 15일 금융업계에 따르면 금융위·금융감독원·금융보안원은 현재 보안 목적 AI활용을 위한 망 분리 규제 완화 1차 테스트가 있었으며, 선정 절차는 어느 정도 마무리된 상태임.","True","3","https://zdnet.co.kr/view?no=20260615133234","privacy_security:kakao:security_incident","decision","official_action","42.0","published_today+today_date_action","google_rss_v40_enforcement_dedupe_self_soft_fallback","",""
"2026-06-15","정부_국회","4","공정위, 반복 허위·과장 광고 기업 과징금 최대 2배 상향…감경 기준도 강화","한국공공정책신문","http://knpp.co.kr/news/511032","공정위 광고 규제 강화","광고 규제","본문추출성공","주의","공정위 반복 허위 과장 광고 기업 과징금 최대 2배 상향 감경 기준도 강화","http://knpp.co.kr/news/511032","공정위, 반복 허위·과장 광고 기업 과징금 최대 2배 상향…감경 기준도 강화 공정거래 강화, 과징금 상향 조정 소비자 보호 막대, 기업의 엄중한 책임.","True","4","http://knpp.co.kr/news/511032","global_incident:platform_regulation:fair_trade_authority:platform_algorithm_ad_obligation","penalty_or_sanction","analysis_with_direct_risk","24.0","published_today","google_rss_v40_enforcement_dedupe_self_soft_fallback","",""
"2026-06-15","경쟁사_해외이슈","5","과징금 6247억, 철퇴 맞은 쿠팡…""방미통위 제재도 조만간 개시"" - 머니투데이","머니투데이","https://www.mt.co.kr/tech/2026/06/15/2026061512363778323","쿠팡 공정위 과징금 부과 (자사우대/기만광고) AND 쿠팡 납치광고 방미통위 심의 착수","플랫폼 시장 규율","본문추출성공","주의","과징금 6247억 철퇴 맞은 쿠팡 방미통위 제재도 조만간 개시","https://www.mt.co.kr/tech/2026/06/15/2026061512363778323","최근 개인정보 유출 사태로 개인정보보호위원회로부터 약 6247억원의 과징금을 부과받은 쿠팡이 방송미디어통신위원회의 제재도 피하기 어려울 전망임. 최근 개인정보 유출 사태로 개인정보보호위원회로부터 약 6247억원의 과징금을 부과받은 쿠팡이 방송미디어통신위원회의 제재도 피하기 어려울 전망임.","True","5","https://www.mt.co.kr/tech/2026/06/15/2026061512363778323","v27:platform_enforcement:coupang:deceptive_membership_price_ad","penalty_or_sanction","analysis_with_direct_risk","42.0","published_today+today_date_action","google_rss_v40_enforcement_dedupe_self_soft_fallback","",""
"2026-06-15","경쟁사_해외이슈","6","구글 인앱결제 과징금 속도…김종철 방미통위원장 ""조만간 공식화""","v.daum.net","https://v.daum.net/v/20260615120322188","방미통위, 구글·애플 인앱결제 제재 공식화","앱 마켓 규제","본문추출성공","주의","구글 인앱결제 과징금 속도 김종철 방미통위원장 조만간 공식화","https://v.daum.net/v/20260615120322188","구글 인앱결제 과징금 속도…김종철 방미통위원장 ""조만간 공식화"" 엄하은 기자 2026임. 가 매우 작은 폰트 작은 폰트 보통 폰트 큰 폰트 매우 큰 폰트 가 이 글자크기로 변경됨.","True","6","https://v.daum.net/v/20260615120322188","v27:platform_enforcement:google:app_market_payment_fee","penalty_or_sanction","official_action","47.0","published_today+today_date_action+exclusive_breaking","google_rss_v40_enforcement_dedupe_self_soft_fallback","",""
"2026-06-15","경쟁사_해외이슈","7","국방 AX 힘 싣는 네이버클라우드…""2030년 전군 AI 에이전트 확산""","v.daum.net","https://v.daum.net/v/20260615100048344","네이버클라우드 국방 AX 전략 및 경량 AI 모델 공개","네이버 AI 전략","본문추출성공","주의","국방 ax 힘 싣는 네이버클라우드 2030년 전군 ai 에이전트 확산","https://v.daum.net/v/20260615100048344","국방 AX 힘 싣는 네이버클라우드…""2030년 전군 AI 에이전트 확산"" 한정호 기자 2026임. 글자 수 10,000자 초과 시 일부만 음성으로 제공함.","True","7","https://v.daum.net/v/20260615100048344","global_incident:platform_regulation:naver:platform_content_moderation_obligation","decision","analysis_with_direct_risk","47.0","published_today+today_date_action+exclusive_breaking","google_rss_v40_enforcement_dedupe_self_soft_fallback","",""
"2026-06-15","경쟁사_해외이슈","8","엔비디아가 SKT 손잡은 이유… AI 시대엔 토큰이 돈 된다","프레스맨","https://www.pressman.kr/news/articleView.html?idxno=102252","국가 AI 인프라/AIDC/GPU 정책","국내 통신사 AI 서비스","본문추출성공","주의","엔비디아가 skt 손잡은 이유 ai 시대엔 토큰이 돈 된다","https://www.pressman.kr/news/articleView.html?idxno=102252","엔비디아가 SK텔레콤과 손잡고 한국에 기가와트(GW)급 AI 팩토리 구축 계획을 발표하면서, AI 토큰을 효율적으로 생산하는 인프라 사업자의 가치가 높아질 것이라는 전망도 제기됨. 양사는 엔비디아 DSX 플랫폼을 기반으로 칩, 네트워크, 데이터센터, 소프트웨어를 아우르는 '풀스택 AI 클라우드'를 공동 추진하고 2027년 한국에서 첫 AI 팩토리를 가동할 계획임.","True","8","https://www.pressman.kr/news/articleView.html?idxno=102252","global_incident:platform_regulation:google:platform_data_protection_obligation","action_started","analysis_with_direct_risk","24.0","published_today","google_rss_v40_enforcement_dedupe_self_soft_fallback","",""
"2026-06-15","경쟁사_해외이슈","9","美정부, 앤트로픽 AI 수출통제 오픈AI 등으로 확대 안해(종합)","연합뉴스","https://www.yna.co.kr/view/AKR20260614002751091?section=international%2Fnorth-america","global_incident:ai_security_policy:openai:anthropic_glasswing_security","comp_overseas_platform_ai","본문추출성공","주의","정부 앤트로픽 ai 수출통제 오픈ai 등으로 확대 안해","https://www.yna.co.kr/view/AKR20260614002751091?section=international%2Fnorth-america","미국 행정부가 앤트로픽의 최신 인공지능 모델에 대해 내린 외국인 사용 제한 조치를 오픈AI 등 다른 AI 기업으로 확대하지는 않을 방침인 것으로 나타났음. 미 정부는 앞서 12일 앤트로픽의 '미토스5'·'페이블5'에 대해 외국의 기관·개인이 접속할 수 없도록 하는 수출 통제 지침을 발표했고, 앤트로픽은 해당 지침 준수를 위해 일단 모든 이용자의 접속을 막았음.","True","9","https://www.yna.co.kr/view/AKR20260614002751091?section=international%2Fnorth-america","global_incident:platform_regulation:toss:platform_operator_obligation","decision","analysis_with_direct_risk","37.0","published_yesterday+today_date_action+exclusive_breaking","google_rss_v40_enforcement_dedupe_self_soft_fallback","",""
"2026-06-15","산업동향","10","신한투자증권 등 SK텔레콤 '앤트로픽 베팅' 3년의 결실 촉각...""10배 수익"" 풀이","파이낸셜포스트","https://www.financialpost.co.kr/news/articleView.html?idxno=262475","SKT, 앤트로픽 추가 투자","SKT AI 전략","본문추출성공","주의","신한투자증권 등 sk텔레콤 앤트로픽 베팅 3년의 결실 촉각 10배 수익 풀이","https://www.financialpost.co.kr/news/articleView.html?idxno=262475","15일 증권가에 따르면, 지분 가치는 10배 넘게 불어났고 앤트로픽의 차세대 보안 인공지능(AI)에 대한 조기 접근 파이프라인으로 충실히 기능할 것이라는 기대감도 제기됨. 김아람 신한투자증권 연구원은 ""앤트로픽 상장 뉴스가 부각된 이후 SKT 시가총액이 12조원에서 21조원까지 상승했다""고 짚었음.","True","10","https://www.financialpost.co.kr/news/articleView.html?idxno=262475","global_incident:digital_asset_policy:google:sto_policy","review_scheduled","analysis_with_direct_risk","24.0","published_today","google_rss_v40_enforcement_dedupe_self_soft_fallback","",""
"2026-06-16","자사_및_계열사_이슈","1","총파업 앞둔 카카오, 조직개편…노사 긴장 속 수익화 방점","서울경제TV","https://www.sentv.co.kr/article/view/sentv202606150045","카카오 노조 임단협/파업 및 내부 갈등","카카오 조직개편/노조","본문추출성공","문제","총파업 앞둔 카카오 조직개편 노사 긴장 속 수익화 방점","https://www.sentv.co.kr/article/view/sentv202606150045","총파업 앞둔 카카오, 조직개편…노사 긴장 속 수익화 방점 경제·산업 입력 2026-06-15 18:18:02 수정 2026-06-15 18:18:02 최연두 기자 0개 [앵커] 카카오 노동조합이 오는 29일 총파업을 예고한 가운데, 사측이 핵심인 ‘프로덕트’ 조직을 전격 개편했음. [기자] 오는 29일 총파업을 예고한 카카오 노동조합임.","True","1","https://www.sentv.co.kr/article/view/sentv202606150045","privacy_security:kakao:data_leak","action_started","direct_risk","14.0","published_yesterday","google_rss_v43_quality_gated_minima_anti_overdelete","",""
"2026-06-16","정부_국회","2","금융위 ""법인 가상자산 시장 참여 올해 꼭 추진""","블루밍비트","https://bloomingbit.io/feed/news/114339","금융위 법인 디지털자산 시장 참여 추진","디지털자산 정책","본문추출성공","문제","금융위 법인 가상자산 시장 참여 올해 꼭 추진","https://bloomingbit.io/feed/news/114339","PiCK 뉴스 금융위 ""법인 가상자산 시장 참여 올해 꼭 추진"" 기사출처 강민승 기자 간단 요약 금융위원회가 법인 가상자산 시장 참여 를 올해 주요임. 금융위원회가 법인 가상자산 시장 참여 를 올해 주요임.","True","8","https://bloomingbit.io/feed/news/114339","global_incident:platform_regulation:financial_authority:platform_operator_obligation","action_started","analysis_with_direct_risk","36.0","published_today+yesterday_date_action","google_rss_v43_quality_gated_minima_anti_overdelete","",""
"2026-06-16","정부_국회","3","""지역 중심 AI 인프라 구축""…정부, AIDC 특별법 논의의 장 마련","v.daum.net","https://v.daum.net/v/20260616160136228","AI 정책 컨트롤타워 인선/공백","국가_AI_전략","본문추출성공","문제","지역 중심 ai 인프라 구축 정부 aidc 특별법 논의의 장 마련","https://v.daum.net/v/20260616160136228","""지역 중심 AI 인프라 구축""…정부, AIDC 특별법 논의의 장 마련 김미정 기자 2026임. 글자 수 10,000자 초과 시 일부만 음성으로 제공함.","True","7","https://v.daum.net/v/20260616160136228","global_incident:platform_enforcement:openai:delivery_platform_fee_mfn","decision","official_action","47.0","published_today+today_date_action+exclusive_breaking","google_rss_v43_quality_gated_minima_anti_overdelete","",""
"2026-06-16","경쟁사_해외이슈","4","네이버클라우드, 국방용 경량 옴니모달 AI 공개","공유경제신문","https://www.seconomy.kr/news/articleView.html?idxno=139800","네이버클라우드 국방 특화 AI 공개","네이버 AI 기술","본문추출성공","문제","네이버클라우드 국방용 경량 옴니모달 ai 공개","https://www.seconomy.kr/news/articleView.html?idxno=139800","네이버클라우드가 국방 환경에 맞춘 경량 옴니모달 인공지능(AI) 모델을 공개하며 군 현장의 AI 전환 전략을 구체화했음. 네이버클라우드는 지난 10일부터 12일까지 제주에서 열린 ‘2026 한국군사과학기술학회 종합학술대회’에서 자체 개발한 경량 옴니모달 모델 ‘하이퍼클로바X SEED 4B’를 선보였다고 15일 밝힘.","True","10","https://www.seconomy.kr/news/articleView.html?idxno=139800","global_incident:platform_regulation:naver:platform_content_moderation_obligation","action_started","analysis_with_direct_risk","29.0","published_today+exclusive_breaking","google_rss_v43_quality_gated_minima_anti_overdelete","",""
"2026-06-16","경쟁사_해외이슈","5","쿠팡이 세계 최대? 메타는 50억달러…'과징금 비교'의 함정 - 머니투데이","머니투데이","https://www.mt.co.kr/amp/tech/2026/06/15/2026061414100264355","쿠팡 공정위 과징금","플랫폼 규제","본문추출성공","문제","쿠팡이 세계 최대 메타는 50억달러 과징금 비교 의 함정","https://www.mt.co.kr/amp/tech/2026/06/15/2026061414100264355","쿠팡에 국내 개인정보보호법 위반 사상 최대 과징금이 부과된 뒤 제재 수위를 둘러싼 기업과 정부의 공방이 이어지고 있음. 이번 처분이 개인정보 유출 사건으로는 세계 최고 수준이라는 주장이 나오자 정부는 더 큰 해외 사례를 제시하며 반박했음.","True","6","https://www.mt.co.kr/amp/tech/2026/06/15/2026061414100264355","v27:platform_enforcement:coupang:privacy_data_violation","penalty_or_sanction","official_action","19.0","published_yesterday+exclusive_breaking","google_rss_v43_quality_gated_minima_anti_overdelete","",""
"2026-06-16","경쟁사_해외이슈","6","네이버클라우드, 글로벌 해킹대회 상위 1%…보안 경쟁력 입증","전자신문","https://www.etnews.com/20260616000293","global_incident:privacy_security:naver:naver","comp_domestic_direct_risk","본문추출성공","문제","네이버클라우드 글로벌 해킹대회 상위 1 보안 경쟁력 입증","https://www.etnews.com/20260616000293","글로벌 해킹 대회에서 상위 1%대 성과를 거두며 기술력을 입증했다는 분석임. 16일 업계에 따르면 네이버클라우드 보안팀이 주도한 다국적 연합팀 '더 서울 사우나 쇼구네이트'는 지난 5월 데프콘 CTF 2026 예선에서 686개 팀 중 7위를 기록했음.","True","13","https://www.etnews.com/20260616000293","privacy_security:naver:data_leak","decision","analysis_with_direct_risk","24.0","published_today","google_rss_v43_quality_gated_minima_anti_overdelete","",""
"2026-06-16","경쟁사_해외이슈","7","금융위, 30년 된 신용정보 동의제도 손질…AI·대안신용평가 규제 완화 시동","핀포인트뉴스","https://www.pinpointnews.co.kr/news/articleView.html?idxno=460510","금융위 신용정보법 개정 (AI·금융 규제 완화)","금융 AI 규제 완화","본문추출성공","문제","금융위 30년 된 신용정보 동의제도 손질 ai 대안신용평가 규제 완화 시동","https://www.pinpointnews.co.kr/news/articleView.html?idxno=460510","인공지능(AI) 시대에 맞지 않는다는 지적을 받아온 국내 개인신용정보 동의제도가 30여 년 만에 대대적인 개편 작업에 들어간음. 금융위원회는 16일 권대영 부위원장 주재로 '개인신용정보 동의제도 개편 법률자문단' 킥오프 회의를 열고 신용정보법상 동의 규제 개선 방향을 논의했음.","True","4","https://www.pinpointnews.co.kr/news/articleView.html?idxno=460510","global_incident:platform_regulation:financial_authority:platform_data_protection_obligation","decision","analysis_with_direct_risk","42.0","published_today+today_date_action","google_rss_v43_quality_gated_minima_anti_overdelete","",""
"2026-06-17","자사_및_계열사_이슈","1","카카오 카카오톡 채팅방에 '챗GPT 챗봇' 호출기능 도입, 대화 중 사용 가능","비즈니스포스트","https://www.businesspost.co.kr/BP?command=article_view&num=440121","카카오톡 내 ChatGPT 연동","self_strategic_reference","본문추출성공","주의","카카오 카카오톡 채팅방에 챗gpt 챗봇 호출기능 도입 대화 중 사용 가능","https://www.businesspost.co.kr/BP?command=article_view&num=440121","▲ 카카오가 카카오톡 채팅방 대화 중 사용할 수 있는 '챗GPT 챗봇' 기능을 16일 도입했음.","True","1","https://www.businesspost.co.kr/BP?command=article_view&num=440121","global_incident:ai_security_policy:kakao:openai_security_access","review_scheduled","business_change","14.0","published_yesterday","google_rss_v44_final_artifact_sync_only","▲ 카카오가 카카오톡 채팅방 대화 중 사용할 수 있는 '챗GPT 챗봇' 기능을 16일 도입했음.","CEO_Morning_Briefing"
"2026-06-17","자사_및_계열사_이슈","2","카카오뱅크 몽골 진출준비 착착…윤호영 대표 중앙은행 총재와 판교회동","인더뉴스","https://www.inthenews.co.kr/news/article.html?no=88133","카카오뱅크 판교 조직/거점 일원화","self_strategic_reference","본문추출성공","주의","카카오뱅크 몽골 진출준비 착착 윤호영 대표 중앙은행 총재와 판교회동","https://www.inthenews.co.kr/news/article.html?no=88133","Tuesday, June 16, 2026, 18:06:45 인더뉴스 문승현 기자ㅣ인터넷전문은행 카카오뱅크(대표이사 윤호영)가 몽골 금융시장 진출을 위한 준비작업을 차근차근 다지고 있음. 지난 4월초 윤호영 카카오뱅크 대표이사는 '2026 카카오뱅크 프레스톡(기자간담회)'에서 ""카카오뱅크 혁신의 무대는 세계로 넓어졌고 동남아를 넘어 물리적인 글로벌 영토확장을 이어갈 것""이라며 ""새로운 진출국가는 몽골""이라고 공식 선언한 바 있음.","True","2","https://www.inthenews.co.kr/news/article.html?no=88133","global_incident:platform_regulation:kakao:platform_data_protection_obligation","action_started","analysis_with_direct_risk","32.0","published_yesterday+today_date_action","google_rss_v44_final_artifact_sync_only","Tuesday, June 16, 2026, 18:06:45 인더뉴스 문승현 기자ㅣ인터넷전문은행 카카오뱅크(대표이사 윤호영)가 몽골 금융시장 진출을 위한 준비작업을 차근차근 다지고 있음. 지난 4월초 윤호영 카카오뱅크 대표이사는 '2026 카카오뱅크 프레스톡(기자간담회)'에서 ""카카오뱅크 혁신의 무대는 세계로 넓어졌고 동남아를 넘어 물리적인 글로벌 영토확장을 이어갈 것""이라며 ""새로운 진출국가는 몽골""이라고 공식 선언한 바 있음.","CEO_Morning_Briefing"
"2026-06-17","자사_및_계열사_이슈","3","카카오모빌리티, 보령머드축제 셔틀 서비스 운영","네이트","https://news.nate.com/view/20260617n05665","self_strategic_reference:카카오모빌리티 보령머드축제 셔틀 서비스 운영","self_strategic_reference","본문추출성공","주의","카카오모빌리티 보령머드축제 셔틀 서비스 운영","https://news.nate.com/view/20260617n05665","카카오 T·케이라이드서 운영 서울 외 전국 명소 찾는 외국인 관광에 맞춰 서울 외 전국 명소 찾는 외국인 관광에 맞춰 아시아투데이 김영진 기자 = 카카오모빌리티는 보령머드축제 기간 동안 셔틀 서비스를 운영한다고 17일 밝힘. 회사는 오는 7월 보령머드축제 기간 동안 내·외국인 관광객의 이동 편의를 위해 '카카오 T'와 외국인 전용 모빌리티 플랫폼 '케이라이드(k.ride)'에서 셔틀 서비스를 운영한음.","True","3","https://news.nate.com/view/20260617n05665","global_incident:platform_regulation:kakao:platform_regulation","review_scheduled","analysis_with_direct_risk","24.0","published_today","google_rss_v44_final_artifact_sync_only","카카오 T·케이라이드서 운영 서울 외 전국 명소 찾는 외국인 관광에 맞춰 서울 외 전국 명소 찾는 외국인 관광에 맞춰 아시아투데이 김영진 기자 = 카카오모빌리티는 보령머드축제 기간 동안 셔틀 서비스를 운영한다고 17일 밝힘. 회사는 오는 7월 보령머드축제 기간 동안 내·외국인 관광객의 이동 편의를 위해 '카카오 T'와 외국인 전용 모빌리티 플랫폼 '케이라이드(k.ride)'에서 셔틀 서비스를 운영한음.","CEO_Morning_Briefing"
"2026-06-17","정부_국회","4","쿠팡 '심판이자 선수' 규제 사각지대 확대…공정위 칼날 어디까지","toptvkorea.com","https://www.toptvkorea.com/news/496979","global_incident:platform_regulation:coupang:platform_operator_obligation","comp_domestic_strategy","본문추출성공","주의","쿠팡 심판이자 선수 규제 사각지대 확대 공정위 칼날 어디까지","https://www.toptvkorea.com/news/496979","쿠팡 '심판이자 선수' 규제 사각지대 확대…공정위 칼날 어디까지 한국 플랫폼 기업의 복합적 사업 모델, 우려와 검토 공정위의 심의, 배달앱 규제 논의의 갈림길 쿠팡 사례로 본 플랫폼 경제의 미래 전망 기사 제공처 : 전국인력신문 / 등록기자: 최현웅 기자 [ 기자에게 문의하기 ] 0 / 0 한국 플랫폼 기업의 복합적 사업 모델, 우려와 검토 국내 최대 플랫폼 기업 쿠팡을 둘러싼 공정거래 이슈가 새로운 국면에 진입했음.","True","4","https://www.toptvkorea.com/news/496979","v27:platform_enforcement:coupang:deceptive_membership_price_ad","penalty_or_sanction","analysis_with_direct_risk","14.0","published_yesterday","google_rss_v44_final_artifact_sync_only","쿠팡 '심판이자 선수' 규제 사각지대 확대…공정위 칼날 어디까지 한국 플랫폼 기업의 복합적 사업 모델, 우려와 검토 공정위의 심의, 배달앱 규제 논의의 갈림길 쿠팡 사례로 본 플랫폼 경제의 미래 전망 기사 제공처 : 전국인력신문 / 등록기자: 최현웅 기자 [ 기자에게 문의하기 ] 0 / 0 한국 플랫폼 기업의 복합적 사업 모델, 우려와 검토 국내 최대 플랫폼 기업 쿠팡을 둘러싼 공정거래 이슈가 새로운 국면에 진입했음.","CEO_Morning_Briefing"
"2026-06-17","정부_국회","5","""버틸 수 있나""…6246억 과징금, 쿠팡-정부 다툼에 '조용히 웃는' 대형 로펌","시사의창","https://sisaissue.com/View.aspx?No=4113670","쿠팡_공정위_과징금_제재","경쟁사_규제_제재","본문추출성공","주의","버틸 수 있나 6246억 과징금 쿠팡 정부 다툼에 조용히 웃는 대형 로펌","https://sisaissue.com/View.aspx?No=4113670","개인정보 유출 사태를 계기로 시작된 제재가 공정거래위원회 조사와 경찰 수사, 국세청 세무조사로 이어지면서 쿠팡이 창사 이후 최대 규모의 사법·행정 리스크에 직면했다는 분석이 나온음. 기존 최고 기록이었던 SK텔레콤 유심 정보 유출 사고 관련 과징금 1348억 원을 크게 웃도는 수준으로, 정부가 대형 플랫폼 기업의 개인정보 관리 책임을 엄중하게 묻겠다는 신호라는 해석이 나온음.","True","5","https://sisaissue.com/View.aspx?No=4113670","v27:platform_enforcement:coupang:deceptive_membership_price_ad","litigation","analysis_with_direct_risk","14.0","published_yesterday","google_rss_v44_final_artifact_sync_only","개인정보 유출 사태를 계기로 시작된 제재가 공정거래위원회 조사와 경찰 수사, 국세청 세무조사로 이어지면서 쿠팡이 창사 이후 최대 규모의 사법·행정 리스크에 직면했다는 분석이 나온음. 기존 최고 기록이었던 SK텔레콤 유심 정보 유출 사고 관련 과징금 1348억 원을 크게 웃도는 수준으로, 정부가 대형 플랫폼 기업의 개인정보 관리 책임을 엄중하게 묻겠다는 신호라는 해석이 나온음.","CEO_Morning_Briefing"
"2026-06-17","정부_국회","6","美 앤스로픽 '차단' 속…과기정통부, 오픈AI와 'AI 안전' 협력 강화","이데일리","https://www.edaily.co.kr/News/Read?newsId=03135686645482704&mediaCodeNo=257","과기정통부-오픈AI AI 안전 협력 강화","정부 AI 안전 협력","본문추출성공","주의","앤스로픽 차단 속 과기정통부 오픈ai와 ai 안전 협력 강화","https://www.edaily.co.kr/News/Read?newsId=03135686645482704&mediaCodeNo=257","[이데일리 한광범 기자] 미국 정부가 앤스로픽의 최상급 모델에 대한 외국인 접속을 차단하며 ‘프로젝트 글래스윙’ 참여에 제동을 건 가운데, 우리 정부가 챗GPT 운영사인 오픈AI와 AI 안전 분야 협력을 강화하며 돌파구 마련에 나섰다.과학기술정보통신부는 17일 한국전자통신연구원(ETRI) 서울사무소에서 인공지능안전연구소와 오픈AI 간 고위험 분야 AI 안전 협력 강화를 위한 업무협약(MOU)을 체결했다고 밝혔다.이번 협약은 지난해 10월 과기정통부와 오픈AI 간 MOU 체결을 통해 구축한 AI 협력기반을 AI 안전 분야까지 확대하기 위한 것임.","True","6","https://www.edaily.co.kr/News/Read?newsId=03135686645482704&mediaCodeNo=257","privacy_security:toss:data_leak","decision","analysis_with_direct_risk","42.0","published_today+today_date_action","google_rss_v44_final_artifact_sync_only","[이데일리 한광범 기자] 미국 정부가 앤스로픽의 최상급 모델에 대한 외국인 접속을 차단하며 ‘프로젝트 글래스윙’ 참여에 제동을 건 가운데, 우리 정부가 챗GPT 운영사인 오픈AI와 AI 안전 분야 협력을 강화하며 돌파구 마련에 나섰다.과학기술정보통신부는 17일 한국전자통신연구원(ETRI) 서울사무소에서 인공지능안전연구소와 오픈AI 간 고위험 분야 AI 안전 협력 강화를 위한 업무협약(MOU)을 체결했다고 밝혔다.이번 협약은 지난해 10월 과기정통부와 오픈AI 간 MOU 체결을 통해 구축한 AI 협력기반을 AI 안전 분야까지 확대하기 위한 것임.","CEO_Morning_Briefing"
"2026-06-17","정부_국회","7","과기정통부, 오픈AI와 안전협약…고위험 AI '평가기준' 맞춘다","뉴스후플러스","https://www.newswhoplus.com/news/articleView.html?idxno=62442","정부-오픈AI AI 안전 협력 강화 및 평가기준 마련","AI 안전 정책 및 거버넌스","본문추출성공","주의","과기정통부 오픈ai와 안전협약 고위험 ai 평가기준 맞춘다","https://www.newswhoplus.com/news/articleView.html?idxno=62442","美·英·日 이어 네 번째 협력 한국어·사회맥락 평가체계 개발 과학기술정보통신부가 오픈AI와 AI 안전 분야 협력을 확대한음. ◇ 고위험 AI 평가 협력 과기정통부는 17일 한국전자통신연구원 서울사무소에서 AI안전연구소와 오픈AI 간 고위험 분야 AI 안전 협력 강화를 위한 업무협약을 체결했다고 밝힘.","True","7","https://www.newswhoplus.com/news/articleView.html?idxno=62442","global_incident:platform_regulation:openai:platform_operator_obligation","decision","analysis_feature","12.0","published_today+analysis_without_direct_event","google_rss_v44_final_artifact_sync_only","美·英·日 이어 네 번째 협력 한국어·사회맥락 평가체계 개발 과학기술정보통신부가 오픈AI와 AI 안전 분야 협력을 확대한음. ◇ 고위험 AI 평가 협력 과기정통부는 17일 한국전자통신연구원 서울사무소에서 AI안전연구소와 오픈AI 간 고위험 분야 AI 안전 협력 강화를 위한 업무협약을 체결했다고 밝힘.","CEO_Morning_Briefing"
"2026-06-17","정부_국회","8","KT그룹 희망나눔재단, 'K-AI 콘텐츠 공모전'…과기정통부 '전국민 AI 경진대회' 연계","네이트","https://news.nate.com/view/20260617n09580?mid=n0100","과기정통부_KT그룹_K-AI_콘텐츠_공모전_연계","AI_인재_양성","본문추출성공","주의","kt그룹 희망나눔재단 k ai 콘텐츠 공모전 과기정통부 전국민 ai 경진대회 연계","https://news.nate.com/view/20260617n09580?mid=n0100","[이투데이/김연진 기자] K-AI 콘텐츠 공모전 포스터.(사진제공=KT) KT그룹 희망나눔재단이 과학기술정보통신부의 ‘전국민 AI 경진대회’와 연계해 ‘2026 K-AI 콘텐츠 공모전’을 개최한다고 17일 밝힘. 올해는 과학기술정보통신부가 주관하는 ‘전국민 AI 경진대회’와 연계 진행해 전 국민 대상의 AI 윤리 및 리터러시 확산에 힘을 보탤 예정임.","True","8","https://news.nate.com/view/20260617n09580?mid=n0100","privacy_security:kt:data_leak","action_started","analysis_with_direct_risk","24.0","published_today","google_rss_v44_final_artifact_sync_only","[이투데이/김연진 기자] K-AI 콘텐츠 공모전 포스터.(사진제공=KT) KT그룹 희망나눔재단이 과학기술정보통신부의 ‘전국민 AI 경진대회’와 연계해 ‘2026 K-AI 콘텐츠 공모전’을 개최한다고 17일 밝힘. 올해는 과학기술정보통신부가 주관하는 ‘전국민 AI 경진대회’와 연계 진행해 전 국민 대상의 AI 윤리 및 리터러시 확산에 힘을 보탤 예정임.","CEO_Morning_Briefing"
"2026-06-17","경쟁사_해외이슈","9","네이버클라우드, 국방 특화 ‘HyperCLOVA X SEED 4B’ 공개… 드론·전술차량 AI 확대","테크데일리","https://www.techdaily.co.kr/news/articleView.html?idxno=28763","네이버클라우드 국방 특화 AI 모델 출시","네이버 AI","본문추출성공","주의","네이버클라우드 국방 특화 hyperclova x seed 4b 공개 드론 전술차량 ai 확대","https://www.techdaily.co.kr/news/articleView.html?idxno=28763","자체 개발한 경량 옴니모달 모델 ‘HyperCLOVA X SEED 4B’를 공개하고, 드론·전술차량·무인체계 등 실시간 현장 환경에서 활용 가능한 국방 AI 기술과 소버린 AI 기반 국방 AX(인공지능 전환) 로드맵을 제시했음. 이번에 공개된 ‘HyperCLOVA X SEED 4B’는 이러한 환경에 대응하기 위해 설계된 경량 옴니모달 AI 모델임.","True","9","https://www.techdaily.co.kr/news/articleView.html?idxno=28763","global_incident:platform_regulation:naver:platform_content_moderation_obligation","decision","analysis_with_direct_risk","29.0","published_today+exclusive_breaking","google_rss_v44_final_artifact_sync_only","자체 개발한 경량 옴니모달 모델 ‘HyperCLOVA X SEED 4B’를 공개하고, 드론·전술차량·무인체계 등 실시간 현장 환경에서 활용 가능한 국방 AI 기술과 소버린 AI 기반 국방 AX(인공지능 전환) 로드맵을 제시했음. 이번에 공개된 ‘HyperCLOVA X SEED 4B’는 이러한 환경에 대응하기 위해 설계된 경량 옴니모달 AI 모델임.","CEO_Morning_Briefing"
"2026-06-17","경쟁사_해외이슈","10","네이버, 광고 전문가 인증제 도입…공식 파트너 역량 검증한다","지디넷코리아","https://zdnet.co.kr/view?no=20260617091222","네이버 광고 전문가 인증제 도입","네이버 광고","본문추출성공","주의","네이버 광고 전문가 인증제 도입 공식 파트너 역량 검증한다","https://zdnet.co.kr/view?no=20260617091222","네이버가 공식 광고 파트너사의 전문성을 객관적으로 검증하는 '광고 전문가 인증제'를 도입한음. 네이버는 공식 광고 파트너사 소속 담당자를 대상으로 '광고 전문가 인증 프로그램'을 도입했다고 17일 밝힘.","True","10","https://zdnet.co.kr/view?no=20260617091222","global_incident:platform_regulation:naver:platform_algorithm_ad_obligation","review_scheduled","business_change","24.0","published_today","google_rss_v44_final_artifact_sync_only","네이버가 공식 광고 파트너사의 전문성을 객관적으로 검증하는 '광고 전문가 인증제'를 도입한음. 네이버는 공식 광고 파트너사 소속 담당자를 대상으로 '광고 전문가 인증 프로그램'을 도입했다고 17일 밝힘.","CEO_Morning_Briefing"
"2026-06-17","경쟁사_해외이슈","11","LGU+, 이용자 보호 '매우우수'…과징금 감경 '유예'","딜사이트 플러스","https://dealsiteplus.co.kr/articles/163669","LGU+ 이용자 보호 등급 및 과징금 감경","국내 통신사 규제/이용자 보호","본문추출성공","주의","lgu+ 이용자 보호 매우우수 과징금 감경 유예","https://dealsiteplus.co.kr/articles/163669","HOME Industry IT·Tech LGU+, 이용자 보호 '매우우수'…과징금 감경 '유예' 페이스북 트위터 카카오톡 URL복사 변한석 기자 2026-06-16 15:19:42 LG유플러스가 '2025년도 전기통신사업자 이용자 보호업무 평가'에서 이동통신 3사 중 유일하게 매우우수를 달성했음.","True","11","https://dealsiteplus.co.kr/articles/163669","privacy_security:kakao:data_leak","penalty_or_sanction","official_action","14.0","published_yesterday","google_rss_v44_final_artifact_sync_only","HOME Industry IT·Tech LGU+, 이용자 보호 '매우우수'…과징금 감경 '유예' 페이스북 트위터 카카오톡 URL복사 변한석 기자 2026-06-16 15:19:42 LG유플러스가 '2025년도 전기통신사업자 이용자 보호업무 평가'에서 이동통신 3사 중 유일하게 매우우수를 달성했음.","CEO_Morning_Briefing"
"2026-06-17","경쟁사_해외이슈","12","[AI 인사이드] AI 검색 전성기에도 네이버 독주…“생성형 AI가 정보 탐색 100% 못 채운다”","AI라이프경제","https://www.aifnlife.co.kr/news/articleView.html?idxno=27237","네이버 AI 검색 전략 및 시장 분석","AI 검색","본문추출성공","주의","ai 인사이드 ai 검색 전성기에도 네이버 독주 생성형 ai가 정보 탐색 100 못 채운다","https://www.aifnlife.co.kr/news/articleView.html?idxno=27237","인공지능(AI) 기반 대화형 검색 서비스가 빠르게 확산되고 있지만 국내 포털 검색 시장에서는 네이버의 독주 체제가 공고해지고 있음. 챗GPT, 유튜브, 각종 SNS로 1차 정보를 찾은 뒤 다시 네이버로 돌아와 사실 여부와 출처를 확인하는 이른바 ‘교차 검증’ 수요가 네이버 검색의 지배력을 떠받치고 있다는 분석임.","True","12","https://www.aifnlife.co.kr/news/articleView.html?idxno=27237","global_incident:platform_regulation:kakao:platform_content_moderation_obligation","review_scheduled","analysis_with_direct_risk","14.0","published_yesterday","google_rss_v44_final_artifact_sync_only","인공지능(AI) 기반 대화형 검색 서비스가 빠르게 확산되고 있지만 국내 포털 검색 시장에서는 네이버의 독주 체제가 공고해지고 있음. 챗GPT, 유튜브, 각종 SNS로 1차 정보를 찾은 뒤 다시 네이버로 돌아와 사실 여부와 출처를 확인하는 이른바 ‘교차 검증’ 수요가 네이버 검색의 지배력을 떠받치고 있다는 분석임.","CEO_Morning_Briefing"
"2026-06-17","경쟁사_해외이슈","13","네이버, 중소기업 찾아가는 개인정보보호 컨설팅 지원","네이트","https://news.nate.com/view/20260617n08078?mid=n0105","네이버 중소기업 개인정보 컨설팅 지원","네이버 상생협력","본문추출성공","주의","네이버 중소기업 찾아가는 개인정보보호 컨설팅 지원","https://news.nate.com/view/20260617n08078?mid=n0105","네이버 본사 [사진=네이버] [경제일보] 네이버가 개인정보보호 전문 인력과 예산이 부족한 중소기업·소상공인·파트너사를 대상으로 현장 방문형 컨설팅을 제공한다.네이버는 중소기업과 소상공인, 파트너사를 대상으로 ‘찾아가는 개인정보보호 컨설팅 및 교육 프로그램’ 참가 기업을 오는 19일까지 모집한다고 17일 밝힘. 신청은 네이버 개인정보보호 블로그를 통해 할 수 있다.올해 프로그램은 전문가가 신청 기업을 직접 찾아가는 방식으로 운영됨.","True","13","https://news.nate.com/view/20260617n08078?mid=n0105","privacy_security:naver:data_leak","investigation","official_action","24.0","published_today","google_rss_v44_final_artifact_sync_only","네이버 본사 [사진=네이버] [경제일보] 네이버가 개인정보보호 전문 인력과 예산이 부족한 중소기업·소상공인·파트너사를 대상으로 현장 방문형 컨설팅을 제공한다.네이버는 중소기업과 소상공인, 파트너사를 대상으로 ‘찾아가는 개인정보보호 컨설팅 및 교육 프로그램’ 참가 기업을 오는 19일까지 모집한다고 17일 밝힘. 신청은 네이버 개인정보보호 블로그를 통해 할 수 있다.올해 프로그램은 전문가가 신청 기업을 직접 찾아가는 방식으로 운영됨.","CEO_Morning_Briefing"
"2026-06-17","산업동향","14","IMF “나이지리아 스테이블코인 해외송금 급증…규제 보완 필요”","tokenpost.kr","https://www.tokenpost.kr/news/breaking/369900","IMF 나이지리아 스테이블코인 규제 보완 요청","디지털 금융 정책","본문추출성공","주의","imf 나이지리아 스테이블코인 해외송금 급증 규제 보완 필요","https://www.tokenpost.kr/news/breaking/369900","공유 페이스북 엑스 링크드인 텔레그램 글자크기 가 작게 가 보통 가 크게 가 매우크게 글자크기 가 작게 가 보통 가 크게 가 매우크게 속보 IMF “나이지리아 스테이블코인 해외송금 급증…규제 보완 필요” 토큰포스트 속보 2026.06.16 (화) 19:19 0 0 속보 IMF “나이지리아 스테이블코인 해외송금 급증…규제 보완 필요” 토큰포스트 속보 2026.06.16 (화) 19:19 0 0 토큰포스트 속보 2026.06.16 (화) 19:19 IMF는 나이지리아 개인과 중소기업이 모바일 지갑을 통해 달러 연동 스테이블코인을 국경 간 결제에 활용하는 사례가 늘고 있다고 밝힘.","True","14","https://www.tokenpost.kr/news/breaking/369900","global_incident:platform_regulation:meta:platform_data_protection_obligation","rumor_or_report","market_commentary","7.0","published_yesterday+exclusive_breaking+analysis_without_direct_event","google_rss_v44_final_artifact_sync_only","공유 페이스북 엑스 링크드인 텔레그램 글자크기 가 작게 가 보통 가 크게 가 매우크게 글자크기 가 작게 가 보통 가 크게 가 매우크게 속보 IMF “나이지리아 스테이블코인 해외송금 급증…규제 보완 필요” 토큰포스트 속보 2026.06.16 (화) 19:19 0 0 속보 IMF “나이지리아 스테이블코인 해외송금 급증…규제 보완 필요” 토큰포스트 속보 2026.06.16 (화) 19:19 0 0 토큰포스트 속보 2026.06.16 (화) 19:19 IMF는 나이지리아 개인과 중소기업이 모바일 지갑을 통해 달러 연동 스테이블코인을 국경 간 결제에 활용하는 사례가 늘고 있다고 밝힘.","CEO_Morning_Briefing"
"2026-06-19","자사_및_계열사_이슈","1","법원 ""카카오 음원서비스 과징금 위법""…공정위 처분 취소","네이트","https://news.nate.com/view/20260618n27269","global_incident:platform_regulation:kakao:platform_operator_obligation","self_legal_regulatory","본문추출성공","주의","법원 카카오 음원서비스 과징금 위법 공정위 처분 취소","https://news.nate.com/view/20260618n27269","신태현 기자 holjjak@(이투데이DB) 공정거래위원회가 음원 서비스 중도해지 기능을 충분히 알리지 않았다는 이유로 카카오에 부과한 과징금 처분이 위법하다는 파기환송심 판결이 나왔다. 18일 법조계에 따르면 서울고법 행정3부(윤강열 부장판사)는 이날 카카오가 공정위를 상대로 낸 시정명령 및 과징금 납부명령 취소 소송에서 “과징금 납부명령을 취소한다”고 판결했다.","True","1","https://news.nate.com/view/20260618n27269","v27:platform_enforcement:kakao:consumer_dark_pattern","penalty_or_sanction","official_action","49.0","published_yesterday+today_date_action+yesterday_date_action+exclusive_breaking","google_rss_v44_final_artifact_sync_only","신태현 기자 holjjak@(이투데이DB) 공정거래위원회가 음원 서비스 중도해지 기능을 충분히 알리지 않았다는 이유로 카카오에 부과한 과징금 처분이 위법하다는 파기환송심 판결이 나왔다. 18일 법조계에 따르면 서울고법 행정3부(윤강열 부장판사)는 이날 카카오가 공정위를 상대로 낸 시정명령 및 과징금 납부명령 취소 소송에서 “과징금 납부명령을 취소한다”고 판결했다.","CEO_Morning_Briefing"
"2026-06-19","자사_및_계열사_이슈","2","차AI헬스케어, 카카오헬스케어 지분 26.91% 확보","디지털투데이","https://www.digitaltoday.co.kr/news/articleView.html?idxno=676385","global_incident:mna_capital:kakao:mna_capital","self_governance_mna","본문추출성공","주의","차ai헬스케어 카카오헬스케어 지분 26 91 확보","https://www.digitaltoday.co.kr/news/articleView.html?idxno=676385","차AI헬스케어, 카카오헬스케어 지분 26.91% 확보 스크롤 이동 상태바 차AI헬스케어, 카카오헬스케어 지분 26.91% 확보 [디지털투데이 김지선 에디터] 차AI헬스케어(025620)는 6월 18일 카카오헬스케어의 주식 318만2686주를 149억9999만9118원에 양수했다고 공시했다. 이로 인해 차AI헬스케어의 카카오헬스케어 지분율은 26.91%로 증가했다.","True","2","https://www.digitaltoday.co.kr/news/articleView.html?idxno=676385","global_incident:platform_regulation:kakao:platform_operator_obligation","decision","official_action","26.0","published_yesterday+yesterday_date_action","google_rss_v44_final_artifact_sync_only","차AI헬스케어, 카카오헬스케어 지분 26.91% 확보 스크롤 이동 상태바 차AI헬스케어, 카카오헬스케어 지분 26.91% 확보 [디지털투데이 김지선 에디터] 차AI헬스케어(025620)는 6월 18일 카카오헬스케어의 주식 318만2686주를 149억9999만9118원에 양수했다고 공시했다. 이로 인해 차AI헬스케어의 카카오헬스케어 지분율은 26.91%로 증가했다.","CEO_Morning_Briefing"
"2026-06-19","자사_및_계열사_이슈","3","'멜론 중도해지 고지 미흡' 카카오, 과징금 소송 파기환송심 승소","뉴시스","https://mobile.newsis.com/view_amp.html?ar_id=NISX20260618_0003674641","global_incident:platform_enforcement:kakao:consumer_dark_pattern","self_legal_regulatory","본문추출성공","주의","멜론 중도해지 고지 미흡 카카오 과징금 소송 파기환송심 승소","https://mobile.newsis.com/view_amp.html?ar_id=NISX20260618_0003674641","'멜론 중도해지 고지 미흡' 카카오, 과징금 소송 파기환송심 승소 기사등록 2026/06/18 15:36:12 최종수정 2026/06/18 16:50:24 카카오, 공정위 9800만원 과징금 처분에 소송 대법 ""과징금 요건 갖추지 못해 위법"" 파기환송 파기환송심 ""해지 방해 인정…과징금 요건 미달"" 카카오가 소비자에게 중도해지 관련 사항을 제대로 알리지 않았다는 이유로 공정거래위원회로부터 받은 과징금 부과 처분을 취소해야 한다는 파기환송심 판단이 나왔다.","True","3","https://mobile.newsis.com/view_amp.html?ar_id=NISX20260618_0003674641","v27:platform_enforcement:kakao:consumer_dark_pattern","penalty_or_sanction","official_action","19.0","published_yesterday+exclusive_breaking","google_rss_v44_final_artifact_sync_only","'멜론 중도해지 고지 미흡' 카카오, 과징금 소송 파기환송심 승소 기사등록 2026/06/18 15:36:12 최종수정 2026/06/18 16:50:24 카카오, 공정위 9800만원 과징금 처분에 소송 대법 ""과징금 요건 갖추지 못해 위법"" 파기환송 파기환송심 ""해지 방해 인정…과징금 요건 미달"" 카카오가 소비자에게 중도해지 관련 사항을 제대로 알리지 않았다는 이유로 공정거래위원회로부터 받은 과징금 부과 처분을 취소해야 한다는 파기환송심 판단이 나왔다.","CEO_Morning_Briefing"
"2026-06-19","정부_국회","4","해킹사고 KT, 수천억대 과징금 부과 전망…개인정보위 최종 처분 임박","엠투데이","https://www.autodaily.co.kr/news/articleViewAmp.html?idxno=545019","KT 개인정보위 대규모 과징금 (쿠팡 선례)","개인정보 규제 및 제재","본문추출성공","주의","해킹사고 kt 수천억대 과징금 부과 전망 개인정보위 최종 처분 임박","https://www.autodaily.co.kr/news/articleViewAmp.html?idxno=545019","해킹사고 KT, 수천억대 과징금 부과 전망…개인정보위 최종 처분 임박 [엠투데이 이세민기자] KT가 대규모 개인정보 유출 및 무단 소액결제 사고와 관련해 수천억 원대 과징금 부과 가능성에 직면했다. 개인정보보호위원회(개인정보위)가 최종 제재 수위를 결정하는 절차에 들어가면서 업계의 관심이 집중되고 있다.","True","4","https://www.autodaily.co.kr/news/articleViewAmp.html?idxno=545019","v27:platform_enforcement:coupang:privacy_data_violation","penalty_or_sanction","analysis_with_direct_risk","42.0","published_today+today_date_action","google_rss_v44_final_artifact_sync_only","해킹사고 KT, 수천억대 과징금 부과 전망…개인정보위 최종 처분 임박 [엠투데이 이세민기자] KT가 대규모 개인정보 유출 및 무단 소액결제 사고와 관련해 수천억 원대 과징금 부과 가능성에 직면했다. 개인정보보호위원회(개인정보위)가 최종 제재 수위를 결정하는 절차에 들어가면서 업계의 관심이 집중되고 있다.","CEO_Morning_Briefing"
"2026-06-19","정부_국회","5","법무법인 광장 공정거래 세미나, 네이버 쇼핑 판결·차액가맹금 대법원 판례 집중 분석","한국AI부동산신문","https://www.kairnews.com/news/497571","comp_domestic_ai_platform:법무법인 광장 공정거래 세미나 네이버 쇼핑 판결 차액가맹금 대법원 판례 집중 분석","comp_domestic_ai_platform","본문추출성공","주의","법무법인 광장 공정거래 세미나 네이버 쇼핑 판결 차액가맹금 대법원 판례 집중 분석","https://www.kairnews.com/news/497571","법무법인 광장 공정거래 세미나, 네이버 쇼핑 판결·차액가맹금 대법원 판례 집중 분석 플랫폼 규제: 새로운 시대의 도래 차액가맹금 이슈와 사례 분석 공정거래법 주요. 판례와 시사점 기사 제공처 : 전국인력신문 / 등록기자: 최현웅 기자 [ 기자에게 문의하기 ] 0 / 0 플랫폼 규제: 새로운 시대의 도래 법무법인 광장 공정거래그룹은 2026년 6월 15일, '공정거래 최신 동향 및 판례 세미나'를 온·오프라인으로 동시 개최했다.","True","5","https://www.kairnews.com/news/497571","v27:platform_enforcement:naver:self_preferencing_algorithm","litigation","analysis_with_direct_risk","14.0","published_yesterday","google_rss_v44_final_artifact_sync_only","법무법인 광장 공정거래 세미나, 네이버 쇼핑 판결·차액가맹금 대법원 판례 집중 분석 플랫폼 규제: 새로운 시대의 도래 차액가맹금 이슈와 사례 분석 공정거래법 주요. 판례와 시사점 기사 제공처 : 전국인력신문 / 등록기자: 최현웅 기자 [ 기자에게 문의하기 ] 0 / 0 플랫폼 규제: 새로운 시대의 도래 법무법인 광장 공정거래그룹은 2026년 6월 15일, '공정거래 최신 동향 및 판례 세미나'를 온·오프라인으로 동시 개최했다.","CEO_Morning_Briefing"
"2026-06-19","정부_국회","6","자율주행 AI 학습데이터 표준안 나온다…정부, E2E 데이터 가이드라인 공개","이투데이","https://www.etoday.co.kr/news/view/2595327","global_incident:platform_regulation:platform_sector:platform_data_protection_obligation","government_ai_core_policy","본문추출성공","주의","자율주행 ai 학습데이터 표준안 나온다 정부 e2e 데이터 가이드라인 공개","https://www.etoday.co.kr/news/view/2595327","▲과학기술정보통신부 CI (출처=과학기술정보통신부) 정부가 자율주행 엔드투엔드(E2E) AI 개발을 위한 학습데이터 가이드라인을 내놨다. 과학기술정보통신부는 자율주행 AI 개발에 필요한 학습데이터의 구축과 공유를 지원하는 ‘자율주행 E2E 데이터 구축 가이드라인 및 규격 정의서’를 발간했다고 19일 밝혔다.","True","6","https://www.etoday.co.kr/news/view/2595327","global_incident:platform_regulation:toss:platform_content_moderation_obligation","action_started","analysis_with_direct_risk","24.0","published_today","google_rss_v44_final_artifact_sync_only","▲과학기술정보통신부 CI (출처=과학기술정보통신부) 정부가 자율주행 엔드투엔드(E2E) AI 개발을 위한 학습데이터 가이드라인을 내놨다. 과학기술정보통신부는 자율주행 AI 개발에 필요한 학습데이터의 구축과 공유를 지원하는 ‘자율주행 E2E 데이터 구축 가이드라인 및 규격 정의서’를 발간했다고 19일 밝혔다.","CEO_Morning_Briefing"
"2026-06-19","정부_국회","7","AI 컨트롤타워 된 과기정통부…노사, 근무환경 개선 착수","이데일리","https://www.edaily.co.kr/News/Read?newsId=04342726645483360&mediaCodeNo=257","AI 정책 컨트롤타워 인선/공백","government_ai_core_policy","본문추출성공","주의","ai 컨트롤타워 된 과기정통부 노사 근무환경 개선 착수","https://www.edaily.co.kr/News/Read?newsId=04342726645483360&mediaCodeNo=257","부총리급 부처 승격 이후 업무 부담이 커진 상황에서 인사·복무·복지 전반의 제도 개선 방안을 논의하며 조직 내실 다지기에 나선 것이다.과기정통부 공무원노동조합은 지난 15일 정부세종청사에서 ‘2026년 상반기 과학기술정보통신부 노사협의회’를 개최했다고 밝혔다.협의회에는 배경훈 부총리 겸 과학기술정보통신부 장관과 정현석 노측 대표위원장(국가공무원노동조합)을 비롯해 노사 주요.","True","7","https://www.edaily.co.kr/News/Read?newsId=04342726645483360&mediaCodeNo=257","global_incident:labor_ir:science_ict_ministry:bonus_compensation_dispute","action_started","analysis_with_direct_risk","24.0","published_today","google_rss_v44_final_artifact_sync_only","부총리급 부처 승격 이후 업무 부담이 커진 상황에서 인사·복무·복지 전반의 제도 개선 방안을 논의하며 조직 내실 다지기에 나선 것이다.과기정통부 공무원노동조합은 지난 15일 정부세종청사에서 ‘2026년 상반기 과학기술정보통신부 노사협의회’를 개최했다고 밝혔다.협의회에는 배경훈 부총리 겸 과학기술정보통신부 장관과 정현석 노측 대표위원장(국가공무원노동조합)을 비롯해 노사 주요.","CEO_Morning_Briefing"
"2026-06-19","정부_국회","8","과기정통부 주도 '피지컬 AI 얼라이언스' 2기 출범…실행형 협력체계 전환","전자신문","https://www.etnews.com/20260619000136","government_ai_core_policy:과기정통부 주도 피지컬 ai 얼라이언스 2기 출범 실행형 협력체계 전환","government_ai_core_policy","본문추출성공","주의","과기정통부 주도 피지컬 ai 얼라이언스 2기 출범 실행형 협력체계 전환","https://www.etnews.com/20260619000136","과기정통부는 19일 서울 중구 더플라자호텔에서 출범식을 열고 2기 얼라이언스가 피지컬 AI 기술개발, 산업 적용, 표준화와 보안·안전으로 이어지는 '실행형 협력체계'로 전환하겠다고 밝혔다. 1기에서 마련한 협력 기반과 과제 도출 성과를 바탕으로 민·관 협력체계를 더욱 견고하게 고도화하고 피지컬 AI 토탈 솔루션 플랫폼'으로 기능하겠다는 것이다.","True","8","https://www.etnews.com/20260619000136","global_incident:platform_regulation:science_ict_ministry:platform_data_protection_obligation","action_started","official_action","42.0","published_today+today_date_action","google_rss_v44_final_artifact_sync_only","과기정통부는 19일 서울 중구 더플라자호텔에서 출범식을 열고 2기 얼라이언스가 피지컬 AI 기술개발, 산업 적용, 표준화와 보안·안전으로 이어지는 '실행형 협력체계'로 전환하겠다고 밝혔다. 1기에서 마련한 협력 기반과 과제 도출 성과를 바탕으로 민·관 협력체계를 더욱 견고하게 고도화하고 피지컬 AI 토탈 솔루션 플랫폼'으로 기능하겠다는 것이다.","CEO_Morning_Briefing"
"2026-06-19","경쟁사_해외이슈","9","KT ""부울경 지역 기업 AX 돕겠다...보안·비용절감 자신""","지디넷코리아","https://zdnet.co.kr/view?no=20260618174334","국가 AI 인프라/AIDC/GPU 정책","국내 AI 경쟁","본문추출성공","주의","kt 부울경 지역 기업 ax 돕겠다 보안 비용절감 자신","https://zdnet.co.kr/view?no=20260618174334","이를 통해 부울경 지역 기업에 AI 전환(AX)을 돕겠다는 방침이다. 차경훈 KT 에이전틱AI 플랫폼 팀장은 18일 벡스코에서 열린 부산 클라우드 데이 2026에서 “내부 데이터가 외부로 유출되면 안 되는 기업은 오픈 AI 모델을 쓰면 보안 문제가 있어 기업 전용 AI 환경을 구축하는 것이 매우 중요하다”며 “KT AI 에이전트를 통해 성공적인 AI 전환을 이루길 바란다”고 밝혔다.","True","9","https://zdnet.co.kr/view?no=20260618174334","privacy_security:kt:data_leak","rumor_or_report","analysis_with_direct_risk","26.0","published_yesterday+yesterday_date_action","google_rss_v44_final_artifact_sync_only","이를 통해 부울경 지역 기업에 AI 전환(AX)을 돕겠다는 방침이다. 차경훈 KT 에이전틱AI 플랫폼 팀장은 18일 벡스코에서 열린 부산 클라우드 데이 2026에서 “내부 데이터가 외부로 유출되면 안 되는 기업은 오픈 AI 모델을 쓰면 보안 문제가 있어 기업 전용 AI 환경을 구축하는 것이 매우 중요하다”며 “KT AI 에이전트를 통해 성공적인 AI 전환을 이루길 바란다”고 밝혔다.","CEO_Morning_Briefing"
"2026-06-19","경쟁사_해외이슈","10","[이슈&논란] SK텔레콤, 앤트로픽 수출 통제의 배후 기업으로 지목…초고성능 AI모델, 워싱턴 인가제(licensing)로 전환되나","뉴스스페이스","https://www.newsspace.kr/news/article.html?no=14395","global_incident:ai_security_policy:skt:anthropic_glasswing_security","comp_domestic_direct_risk","본문추출성공","주의","이슈 논란 sk텔레콤 앤트로픽 수출 통제의 배후 기업으로 지목 초고성능 ai모델 워싱턴 인가제 licensing 로 전환되나","https://www.newsspace.kr/news/article.html?no=14395","[뉴스스페이스=김정영 기자] 트럼프 행정부가 미국 AI 스타트업 앤트로픽(Anthropic)의 최상위 모델 ‘클로드 미토스 5(Claude Mythos 5)’와 ‘클로드 페이블 5(Claude Fable 5)’를 사실상 전 세계에 동결시키면서, 발단에 ‘중국과 연계 의심’ 한국 통신사가 있었다는 외신 보도가 한국 통신·AI 산업을 직격하고 있다. 미 상무부는 6월 12일(현지시간) 수출통제 명령을 통해, 미국 내 거주자를 포함한 모든 외국 국적자에 대해 앤트로픽의 미토스 5와 페이블 5 접근을 중단하라고 지시했다.","True","10","https://www.newsspace.kr/news/article.html?no=14395","global_incident:platform_enforcement:toss:consumer_dark_pattern","decision","analysis_with_direct_risk","32.0","published_yesterday+today_date_action","google_rss_v44_final_artifact_sync_only","[뉴스스페이스=김정영 기자] 트럼프 행정부가 미국 AI 스타트업 앤트로픽(Anthropic)의 최상위 모델 ‘클로드 미토스 5(Claude Mythos 5)’와 ‘클로드 페이블 5(Claude Fable 5)’를 사실상 전 세계에 동결시키면서, 발단에 ‘중국과 연계 의심’ 한국 통신사가 있었다는 외신 보도가 한국 통신·AI 산업을 직격하고 있다. 미 상무부는 6월 12일(현지시간) 수출통제 명령을 통해, 미국 내 거주자를 포함한 모든 외국 국적자에 대해 앤트로픽의 미토스 5와 페이블 5 접근을 중단하라고 지시했다.","CEO_Morning_Briefing"
"2026-06-19","경쟁사_해외이슈","11","[6.19 개장 전 공시] 아이크래프트 네이버클라우드 518억 수주, HD현대마린 280억 계약","jabon.co.kr","https://www.jabon.co.kr/news/articleView.html?idxno=4235","네이버클라우드 수주 실적","경쟁사 B2B 사업 동향","본문추출성공","주의","6 19 개장 전 공시 아이크래프트 네이버클라우드 518억 수주 hd현대마린 280억 계약","https://www.jabon.co.kr/news/articleView.html?idxno=4235","장진 기자 입력 2026.06.19 08:00 댓글 0 가 가 기사의 본문 내용은 이 글자크기로 변경됩니다. ◇ 아이크래프트 AI 스위치 518억···HD현대마린 280억 코스닥시장에서 아이크래프트는 네이버클라우드와 2026년 NIPA 엔비디아 인피니밴드 네트워크 스위치 공급계약을 체결했다고 공시했다.","True","11","https://www.jabon.co.kr/news/articleView.html?idxno=4235","global_incident:leadership_service:kakao:executive_change","decision","analysis_with_direct_risk","42.0","published_today+today_date_action","google_rss_v44_final_artifact_sync_only","장진 기자 입력 2026.06.19 08:00 댓글 0 가 가 기사의 본문 내용은 이 글자크기로 변경됩니다. ◇ 아이크래프트 AI 스위치 518억···HD현대마린 280억 코스닥시장에서 아이크래프트는 네이버클라우드와 2026년 NIPA 엔비디아 인피니밴드 네트워크 스위치 공급계약을 체결했다고 공시했다.","CEO_Morning_Briefing"
"2026-06-19","경쟁사_해외이슈","12","농진청, 네이버클라우드와 '농업 AX' 논의…""일하는 방식 혁신""","v.daum.net","https://v.daum.net/v/3VI8I33G1Z","네이버클라우드-농진청 농업 AX 협력","국내 AI 경쟁","본문추출성공","주의","농진청 네이버클라우드와 농업 ax 논의 일하는 방식 혁신","https://v.daum.net/v/3VI8I33G1Z","농진청, 네이버클라우드와 '농업 AX' 논의…""일하는 방식 혁신"" 김승준 기자 2026. 글자 수 10,000자 초과 시 일부만 음성으로 제공합니다.","True","12","https://v.daum.net/v/3VI8I33G1Z","global_incident:platform_regulation:naver:platform_data_protection_obligation","rumor_or_report","market_commentary","17.0","published_today+exclusive_breaking+analysis_without_direct_event","google_rss_v44_final_artifact_sync_only","농진청, 네이버클라우드와 '농업 AX' 논의…""일하는 방식 혁신"" 김승준 기자 2026. 글자 수 10,000자 초과 시 일부만 음성으로 제공합니다.","CEO_Morning_Briefing"
"2026-06-19","경쟁사_해외이슈","13","앤트로픽, 서울 사무소 공식 출범…네이버·넥슨·LG CNS 등과 전방위 협력","전자신문","https://www.etnews.com/20260618000002","앤트로픽 한국 진출 및 국내 기업 협력","국내 AI 경쟁","본문추출성공","주의","앤트로픽 서울 사무소 공식 출범 네이버 넥슨 lg cns 등과 전방위 협력","https://www.etnews.com/20260618000002","최기영 앤트로픽 한국 대표는 17일 여의도 콘래드 호텔에서 열린 기자간담회에서 “한국은 전 세계에서 몇 안 되는 AI에 대한 포괄적인 법안을 만든 나라이고 AI 풀스택 역량을 가진 국가”라면서 “빠르게 변화하는 AI 생태계에서 한국의 기업, 연구기관과 함께 성장할 수 있도록 협력하겠다”고 밝혔다. 앤트로픽은 최기영 한국 대표를 중심으로 서울 사무소 운영을 본격화한다.","True","13","https://www.etnews.com/20260618000002","global_incident:platform_regulation:naver:platform_operator_obligation","decision","official_action","14.0","published_yesterday","google_rss_v44_final_artifact_sync_only","최기영 앤트로픽 한국 대표는 17일 여의도 콘래드 호텔에서 열린 기자간담회에서 “한국은 전 세계에서 몇 안 되는 AI에 대한 포괄적인 법안을 만든 나라이고 AI 풀스택 역량을 가진 국가”라면서 “빠르게 변화하는 AI 생태계에서 한국의 기업, 연구기관과 함께 성장할 수 있도록 협력하겠다”고 밝혔다. 앤트로픽은 최기영 한국 대표를 중심으로 서울 사무소 운영을 본격화한다.","CEO_Morning_Briefing"
"2026-06-22","자사_및_계열사_이슈","1","KT, AI 스타트업 동맹으로 AX 시장 정조준… “K-PATH 2026” 가동","직썰","https://www.ziksir.com/news/articleView.html?idxno=137596","국가 AI 인프라/AIDC/GPU 정책","self_strategic_reference","본문추출성공","주의","kt ai 스타트업 동맹으로 ax 시장 정조준 k path 2026 가동","https://www.ziksir.com/news/articleView.html?idxno=137596","KT가 인공지능 전환(AX) 기술력을 갖춘 국내 유망 스타트업을 발굴하고 공동 사업화를 추진하는 오픈 이노베이션 프로그램 ‘K-PATH 2026’의 공모를 시작했음. 이 프로그램은 AI 기술력을 보유한 스타트업을 KT의 AX 사업 파트너로 육성하며, 공동 프로젝트 수행을 통해 다양한 사업화 기회를 확대하는 것임. 공모는 AI 에이전트, 데이터, 피지컬 AI, AI 인프라 등 핵심 AX 기술 분야 및 금융, 제조, 교육, 공공 등 다양한 산업 현장의 AI 혁신 기업을 대상으로 하며, 최대 20개 기업을 선정해 공동 PoC 및 R&D 연계, 투자 연계 등 성장 프로그램을 제공할 계획임.","True","1","https://www.ziksir.com/news/articleView.html?idxno=137596","global_incident:platform_regulation:kakao:platform_data_protection_obligation","action_started","business_change","24.0","published_today","google_rss_v44_final_artifact_sync_only","KT가 인공지능 전환(AX) 기술력을 갖춘 국내 유망 스타트업을 발굴하고 공동 사업화를 추진하는 오픈 이노베이션 프로그램 ‘K-PATH 2026’의 공모를 시작했음. 이 프로그램은 AI 기술력을 보유한 스타트업을 KT의 AX 사업 파트너로 육성하며, 공동 프로젝트 수행을 통해 다양한 사업화 기회를 확대하는 것임. 공모는 AI 에이전트, 데이터, 피지컬 AI, AI 인프라 등 핵심 AX 기술 분야 및 금융, 제조, 교육, 공공 등 다양한 산업 현장의 AI 혁신 기업을 대상으로 하며, 최대 20개 기업을 선정해 공동 PoC 및 R&D 연계, 투자 연계 등 성장 프로그램을 제공할 계획임.","CEO_Morning_Briefing"
"2026-06-22","자사_및_계열사_이슈","2","메타·카카오 이긴 개보위, 이번엔 쿠팡...숙제는 '소송 예산'","MTN 머니투데이방송","https://news.mtn.co.kr/news-detail/2026061815103598695","개인정보보호위원회 제재 및 소송 예산 문제","카카오 개인정보","본문추출실패_대체없음_제목링크만","주의","메타 카카오 이긴 개보위 이번엔 쿠팡 숙제는 소송 예산","https://news.mtn.co.kr/news-detail/2026061815103598695","메타·카카오 이긴 개보위, 이번엔 쿠팡...숙제는 '소송 예산' MTN 머니투데이방송","True","2","https://news.mtn.co.kr/news-detail/2026061815103598695","v27:platform_enforcement:coupang:privacy_data_violation","penalty_or_sanction","official_action","0.0","","google_rss_v44_final_artifact_sync_only","메타·카카오 이긴 개보위, 이번엔 쿠팡...숙제는 '소송 예산' MTN 머니투데이방송","CEO_Morning_Briefing"
"2026-06-22","자사_및_계열사_이슈","3","정보보호 분야 340억원 투입…카카오, AI 경쟁 속 보안도 투자한다","위키리크스한국","http://www.wikileaks-kr.org/news/articleView.html?idxno=188869","카카오 정보보호 투자 확대","카카오 보안","본문추출성공","주의","정보보호 분야 340억원 투입 카카오 ai 경쟁 속 보안도 투자한다","http://www.wikileaks-kr.org/news/articleView.html?idxno=188869","카카오가 AI 인프라 확대와 이용자 신뢰 확보를 위해 지난해 정보보호 부문에 340억4339만원을 투자했으며, 이는 전년 대비 8.7% 증가한 규모임. 카카오는 AI 서비스 확대 및 인프라 고도화에 맞춰 데브섹옵스 체계 운영, 정기 보안 진단, 모의 침투 훈련, 버그바운티 프로그램 등을 통해 취약점 관리 역량을 강화하고 있음. 대표이사 산하에 정보보호 최고책임자(CISO)와 개인정보보호책임자(CPO)를 두고 정보보호위원회 및 프라이버시 자문위원회를 운영 중이며, 지난해 말 기준 정보보호 전담 인력은 92.2명임.","True","3","http://www.wikileaks-kr.org/news/articleView.html?idxno=188869","v27:platform_enforcement:kakao:privacy_data_violation","action_started","official_action","42.0","published_today+today_date_action","google_rss_v44_final_artifact_sync_only","카카오가 AI 인프라 확대와 이용자 신뢰 확보를 위해 지난해 정보보호 부문에 340억4339만원을 투자했으며, 이는 전년 대비 8.7% 증가한 규모임. 카카오는 AI 서비스 확대 및 인프라 고도화에 맞춰 데브섹옵스 체계 운영, 정기 보안 진단, 모의 침투 훈련, 버그바운티 프로그램 등을 통해 취약점 관리 역량을 강화하고 있음. 대표이사 산하에 정보보호 최고책임자(CISO)와 개인정보보호책임자(CPO)를 두고 정보보호위원회 및 프라이버시 자문위원회를 운영 중이며, 지난해 말 기준 정보보호 전담 인력은 92.2명임.","CEO_Morning_Briefing"
"2026-06-22","정부_국회","4","금융위원회 인공지능 가이드라인 발표에 따른 기업지배구조 변화","법률신문","https://www.lawtimes.co.kr/news/articleViewAmp.html?idxno=222325","금융권 AI 도입 가이드라인/모범사례","AI 정책","본문추출성공","주의","금융위원회 인공지능 가이드라인 발표에 따른 기업지배구조 변화","https://www.lawtimes.co.kr/news/articleViewAmp.html?idxno=222325","금융위원회가 2026년 6월 18일 「금융분야 인공지능 가이드라인」 개정안을 발표했으며, 이는 6월 22일 시행될 예정임. 이 가이드라인은 AI를 활용하는 모든 금융회사와 AI 활용 결과가 금융거래 제공에 영향을 줄 수 있는 핀테크 기업에 적용되며, 거버넌스, 합법성, 보조수단성, 신뢰성, 금융안정성, 신의성실, 보안성의 7대 원칙으로 구성됨. 특히 거버넌스 원칙은 AI 도입 수준이 높은 기업의 전사적 AI 위험 관리를 위해 AI 전담조직 등 체계적인 적용을 요구하며, 이사회 및 경영진의 역할과 AI 위험관리 최고 의사결정기구 설치, 독립 위험관리 전담조직 운영 등을 명시하고 있음.","True","4","https://www.lawtimes.co.kr/news/articleViewAmp.html?idxno=222325","global_incident:platform_regulation:financial_authority:platform_operator_obligation","decision","analysis_with_direct_risk","42.0","published_today+today_date_action","google_rss_v44_final_artifact_sync_only","금융위원회가 2026년 6월 18일 「금융분야 인공지능 가이드라인」 개정안을 발표했으며, 이는 6월 22일 시행될 예정임. 이 가이드라인은 AI를 활용하는 모든 금융회사와 AI 활용 결과가 금융거래 제공에 영향을 줄 수 있는 핀테크 기업에 적용되며, 거버넌스, 합법성, 보조수단성, 신뢰성, 금융안정성, 신의성실, 보안성의 7대 원칙으로 구성됨. 특히 거버넌스 원칙은 AI 도입 수준이 높은 기업의 전사적 AI 위험 관리를 위해 AI 전담조직 등 체계적인 적용을 요구하며, 이사회 및 경영진의 역할과 AI 위험관리 최고 의사결정기구 설치, 독립 위험관리 전담조직 운영 등을 명시하고 있음.","CEO_Morning_Briefing"
"2026-06-22","정부_국회","5","공정위, 배민·쿠팡 ‘3600억·600억 상생안’ 불인정…동의의결 기각","디지틀조선일보","https://digitalchosun.dizzo.com/m/article.amp.html?contid=2026061980097","공정위 배민·쿠팡 동의의결 기각","플랫폼 공정거래 규제","본문추출실패_대체없음_제목링크만","주의","공정위 배민 쿠팡 3600억 600억 상생안 불인정 동의의결 기각","https://digitalchosun.dizzo.com/m/article.amp.html?contid=2026061980097","공정위, 배민·쿠팡 ‘3600억·600억 상생안’ 불인정…동의의결 기각 디지틀조선일보","True","5","https://digitalchosun.dizzo.com/m/article.amp.html?contid=2026061980097","v27:platform_enforcement:coupang:delivery_platform_fee_mfn","decision","official_action","0.0","","google_rss_v44_final_artifact_sync_only","공정위, 배민·쿠팡 ‘3600억·600억 상생안’ 불인정…동의의결 기각 디지틀조선일보","CEO_Morning_Briefing"
"2026-06-22","정부_국회","6","[단독] 하정우, 국가AI전략위로…李정부 AI 삼각축 재편 마무리","지디넷코리아","https://zdnet.co.kr/view?no=20260619080711","AI 정책 컨트롤타워 인선/공백","AI 정책 인선","본문추출실패_대체없음_제목링크만","주의","하정우 국가ai전략위로 정부 ai 삼각축 재편 마무리","https://zdnet.co.kr/view?no=20260619080711","[단독] 하정우, 국가AI전략위로…李정부 AI 삼각축 재편 마무리 지디넷코리아","True","6","https://zdnet.co.kr/view?no=20260619080711","","general","business_change","5.0","exclusive_breaking","google_rss_v44_final_artifact_sync_only","[단독] 하정우, 국가AI전략위로…李정부 AI 삼각축 재편 마무리 지디넷코리아","CEO_Morning_Briefing"
"2026-06-22","정부_국회","7","과기정통부, 피지컬 AI 얼라이언스 2기 출범... 로봇·AI반도체·데이터센터 총집결","테크데일리","https://www.techdaily.co.kr/news/articleViewAmp.html?idxno=28803","과기정통부 피지컬 AI 얼라이언스/생태계","AI 정책","본문추출성공","주의","과기정통부 피지컬 ai 얼라이언스 2기 출범 로봇 ai반도체 데이터센터 총집결","https://www.techdaily.co.kr/news/articleViewAmp.html?idxno=28803","과학기술정보통신부가 6월 19일 「피지컬 AI 얼라이언스 2기 출범식」을 개최하고 피지컬 AI 생태계 확장 전략을 공유했음. 정부와 산업계, 학계, 연구기관은 피지컬 AI 기술 개발부터 산업 현장 적용까지 연결하는 ‘실행형 협력체계’ 구축에 나섰음. 핵심 전략은 K-피지컬 AI 풀스택 확보, 피지컬 AI 토탈 솔루션 플랫폼 고도화, 그리고 제조를 넘어 물류, 의료, 국방 등 전 산업으로의 확산임. 협력 네트워크는 한국AI·SW산업협회 등 12개 협·단체가 참여하며, 리얼월드와 마음AI가 기술 시연을 공개했음.","True","7","https://www.techdaily.co.kr/news/articleViewAmp.html?idxno=28803","global_incident:platform_regulation:science_ict_ministry:platform_data_protection_obligation","action_started","official_action","24.0","published_today","google_rss_v44_final_artifact_sync_only","과학기술정보통신부가 6월 19일 「피지컬 AI 얼라이언스 2기 출범식」을 개최하고 피지컬 AI 생태계 확장 전략을 공유했음. 정부와 산업계, 학계, 연구기관은 피지컬 AI 기술 개발부터 산업 현장 적용까지 연결하는 ‘실행형 협력체계’ 구축에 나섰음. 핵심 전략은 K-피지컬 AI 풀스택 확보, 피지컬 AI 토탈 솔루션 플랫폼 고도화, 그리고 제조를 넘어 물류, 의료, 국방 등 전 산업으로의 확산임. 협력 네트워크는 한국AI·SW산업협회 등 12개 협·단체가 참여하며, 리얼월드와 마음AI가 기술 시연을 공개했음.","CEO_Morning_Briefing"
"2026-06-22","정부_국회","8","안도걸 의원 “디지털자산기본법 서둘러야”…글로벌 제도화 경쟁 대응 촉구","일간투데이","https://www.dtoday.co.kr/news/articleView.html?idxno=776627","디지털자산기본법 제정 논의","디지털자산 정책","본문추출성공","주의","안도걸 의원 디지털자산기본법 서둘러야 글로벌 제도화 경쟁 대응 촉구","https://www.dtoday.co.kr/news/articleView.html?idxno=776627","국회 기획재정위원회 소속 안도걸 의원이 6월 22일 토론회를 개최하고 글로벌 디지털자산 제도화 경쟁에 대응하기 위해 디지털자산기본법과 후속 입법을 서둘러야 한다고 강조했음. 안 의원은 글로벌 금융기관들이 토큰화 자산 및 디지털자산 기반 금융 인프라 구축에 적극 나서고 있으며, 국내 금융권도 디지털자산 거래소 투자와 스테이블코인 기반 결제 모델 등 혁신 시도를 이어가고 있다고 밝혔음. 민주당 디지털자산 태스크포스는 디지털자산기본법 제정을 위한 논의를 지속해 왔으며, 하반기 국회에서 투자자 보호와 시장 신뢰 확보를 위한 입법을 본격 추진하고 스테이블코인 활용을 위한 전자금융거래법 등 후속 법체계 정비도 추진할 계획임.","True","8","https://www.dtoday.co.kr/news/articleView.html?idxno=776627","global_incident:digital_asset_policy:digital_asset_sector:stablecoin_policy","investigation","analysis_with_direct_risk","42.0","published_today+today_date_action","google_rss_v44_final_artifact_sync_only","국회 기획재정위원회 소속 안도걸 의원이 6월 22일 토론회를 개최하고 글로벌 디지털자산 제도화 경쟁에 대응하기 위해 디지털자산기본법과 후속 입법을 서둘러야 한다고 강조했음. 안 의원은 글로벌 금융기관들이 토큰화 자산 및 디지털자산 기반 금융 인프라 구축에 적극 나서고 있으며, 국내 금융권도 디지털자산 거래소 투자와 스테이블코인 기반 결제 모델 등 혁신 시도를 이어가고 있다고 밝혔음. 민주당 디지털자산 태스크포스는 디지털자산기본법 제정을 위한 논의를 지속해 왔으며, 하반기 국회에서 투자자 보호와 시장 신뢰 확보를 위한 입법을 본격 추진하고 스테이블코인 활용을 위한 전자금융거래법 등 후속 법체계 정비도 추진할 계획임.","CEO_Morning_Briefing"
"2026-06-22","경쟁사_해외이슈","9","KT, 최대 2000억대 과징금 초읽기…쿠팡 6246억 제재 후폭풍에 ‘비상’","이코노미트리뷴","https://www.economytribune.co.kr/news/articleView.html?idxno=3903124","KT 과징금 부과 가능성 및 쿠팡 제재 영향","경쟁사 규제","본문추출실패_대체없음_제목링크만","주의","kt 최대 2000억대 과징금 초읽기 쿠팡 6246억 제재 후폭풍에 비상","https://www.economytribune.co.kr/news/articleView.html?idxno=3903124","KT, 최대 2000억대 과징금 초읽기…쿠팡 6246억 제재 후폭풍에 ‘비상’ 이코노미트리뷴","True","9","https://www.economytribune.co.kr/news/articleView.html?idxno=3903124","global_incident:platform_regulation:coupang:platform_operator_obligation","penalty_or_sanction","official_action","0.0","","google_rss_v44_final_artifact_sync_only","KT, 최대 2000억대 과징금 초읽기…쿠팡 6246억 제재 후폭풍에 ‘비상’ 이코노미트리뷴","CEO_Morning_Briefing"
"2026-06-22","경쟁사_해외이슈","10","KT, 양자 기반 네트워크 보안 구상 ‘E2E 퀀텀 시큐리티’ 공개","IT비즈뉴스","https://www.itbiznews.com/news/articleView.html?idxno=216848","KT 양자 기반 네트워크 보안 전략","통신사 AI/보안 전략","본문추출성공","주의","kt 양자 기반 네트워크 보안 구상 e2e 퀀텀 시큐리티 공개","https://www.itbiznews.com/news/articleView.html?idxno=216848","KT가 한국통신학회 하계종합학술발표회에서 인공지능(AI) 및 양자 기술 환경 변화에 대응하기 위한 미래 네트워크 보안 구상 ‘E2E 퀀텀 시큐리티’를 공개했음. KT는 AI 기술이 취약점 탐지 및 공격 자동화에 활용되고 기존 공개키 암호 체계의 안전성이 저하될 수 있다고 경고하며, 데이터 전송 경로, 네트워크 장비, AI데이터센터, 클라우드 등 주요 인프라 전반에 양자 기술을 적용하는 전략을 제시했음. 이 전략은 ‘퀀텀 링크’, ‘퀀텀 노드’, ‘퀀텀 볼트’의 3개 축으로 구성되어 있음.","True","10","https://www.itbiznews.com/news/articleView.html?idxno=216848","global_incident:platform_regulation:kt:platform_data_protection_obligation","action_started","direct_risk","29.0","published_today+exclusive_breaking","google_rss_v44_final_artifact_sync_only","KT가 한국통신학회 하계종합학술발표회에서 인공지능(AI) 및 양자 기술 환경 변화에 대응하기 위한 미래 네트워크 보안 구상 ‘E2E 퀀텀 시큐리티’를 공개했음. KT는 AI 기술이 취약점 탐지 및 공격 자동화에 활용되고 기존 공개키 암호 체계의 안전성이 저하될 수 있다고 경고하며, 데이터 전송 경로, 네트워크 장비, AI데이터센터, 클라우드 등 주요 인프라 전반에 양자 기술을 적용하는 전략을 제시했음. 이 전략은 ‘퀀텀 링크’, ‘퀀텀 노드’, ‘퀀텀 볼트’의 3개 축으로 구성되어 있음.","CEO_Morning_Briefing"
"2026-06-22","경쟁사_해외이슈","11","왜 네이버는 오픈AI 대신 앤스로픽을 전격 도입했나?","MSN","https://www.msn.com/ko-kr/news/other/%EC%99%9C-%EB%84%A4%EC%9D%B4%EB%B2%84%EB%8A%94-%EC%98%A4%ED%94%88ai-%EB%8C%80%EC%8B%A0-%EC%95%A4%EC%8A%A4%EB%A1%9C%ED%94%BD%EC%9D%84-%EC%A0%84%EA%B2%A9-%EB%8F%84%EC%9E%85%ED%96%88%EB%82%98/vi-AA261rA8?ocid=NAMDHP","네이버의 Anthropic LLM 도입 전략","네이버 AI","본문추출실패_대체없음_제목링크만","주의","왜 네이버는 오픈ai 대신 앤스로픽을 전격 도입했나","https://www.msn.com/ko-kr/news/other/%EC%99%9C-%EB%84%A4%EC%9D%B4%EB%B2%84%EB%8A%94-%EC%98%A4%ED%94%88ai-%EB%8C%80%EC%8B%A0-%EC%95%A4%EC%8A%A4%EB%A1%9C%ED%94%BD%EC%9D%84-%EC%A0%84%EA%B2%A9-%EB%8F%84%EC%9E%85%ED%96%88%EB%82%98/vi-AA261rA8?ocid=NAMDHP","왜 네이버는 오픈AI 대신 앤스로픽을 전격 도입했나? MSN","True","11","https://www.msn.com/ko-kr/news/other/%EC%99%9C-%EB%84%A4%EC%9D%B4%EB%B2%84%EB%8A%94-%EC%98%A4%ED%94%88ai-%EB%8C%80%EC%8B%A0-%EC%95%A4%EC%8A%A4%EB%A1%9C%ED%94%BD%EC%9D%84-%EC%A0%84%EA%B2%A9-%EB%8F%84%EC%9E%85%ED%96%88%EB%82%98/vi-AA261rA8?ocid=NAMDHP","global_incident:ai_security_policy:naver:openai_security_access","general","business_change","0.0","","google_rss_v44_final_artifact_sync_only","왜 네이버는 오픈AI 대신 앤스로픽을 전격 도입했나? MSN","CEO_Morning_Briefing"
"2026-06-22","경쟁사_해외이슈","12","코파일럿 전면 도입 효과…LG유플러스 AI 이용률 80% 돌파","매일경제","https://www.mk.co.kr/news/it/12079802","LGU+ MS 코파일럿 도입 및 사내 AI 활용도 증대","LGU+ AI","본문추출성공","주의","코파일럿 전면 도입 효과 lg유플러스 ai 이용률 80 돌파","https://www.mk.co.kr/news/it/12079802","LG유플러스가 지난 5월 18일 마이크로소프트 코파일럿을 전사 표준 업무 도구로 도입한 후 한 달 만에 임직원 이용률이 80%를 넘어섰음. 도입 한 달간 누적 프롬프트는 44만 건을 돌파했으며, 임직원 1인당 평균 86회 AI를 활용했고, 전체 사용자의 63%가 매일 생성형 AI를 사용하고 있는 것으로 나타났음. LG유플러스는 코파일럿을 사내 전용 환경으로 구축하고 내부 업무 데이터와 연동하여 높은 활용도를 이끌어냈으며, 데이터 분류 업무 시간을 90% 단축하는 등 실질적인 업무 효율성 증대가 확인됐음. 앞으로 업무 유형별로 코덱스, 클로드 코드, 제미나이 등 목적에 맞는 AI를 선택적으로 활용하는 멀티 AI 전략을 추진할 계획임.","True","12","https://www.mk.co.kr/news/it/12079802","global_incident:platform_regulation:lguplus:platform_content_moderation_obligation","action_started","analysis_with_direct_risk","24.0","published_today","google_rss_v44_final_artifact_sync_only","LG유플러스가 지난 5월 18일 마이크로소프트 코파일럿을 전사 표준 업무 도구로 도입한 후 한 달 만에 임직원 이용률이 80%를 넘어섰음. 도입 한 달간 누적 프롬프트는 44만 건을 돌파했으며, 임직원 1인당 평균 86회 AI를 활용했고, 전체 사용자의 63%가 매일 생성형 AI를 사용하고 있는 것으로 나타났음. LG유플러스는 코파일럿을 사내 전용 환경으로 구축하고 내부 업무 데이터와 연동하여 높은 활용도를 이끌어냈으며, 데이터 분류 업무 시간을 90% 단축하는 등 실질적인 업무 효율성 증대가 확인됐음. 앞으로 업무 유형별로 코덱스, 클로드 코드, 제미나이 등 목적에 맞는 AI를 선택적으로 활용하는 멀티 AI 전략을 추진할 계획임.","CEO_Morning_Briefing"
"2026-06-22","경쟁사_해외이슈","13","KT, MS·오라클과 협력…멀티 클라우드 강화한다","아이뉴스24","https://mobile.inews24.com/v/1204857","KT 멀티 클라우드 전략 및 글로벌 파트너십","KT 전략","본문추출실패_대체없음_제목링크만","주의","kt ms 오라클과 협력 멀티 클라우드 강화한다","https://mobile.inews24.com/v/1204857","KT, MS·오라클과 협력…멀티 클라우드 강화한다 아이뉴스24","True","13","https://mobile.inews24.com/v/1204857","event:KT:policy_legislation","general","business_change","0.0","","google_rss_v44_final_artifact_sync_only","KT, MS·오라클과 협력…멀티 클라우드 강화한다 아이뉴스24","CEO_Morning_Briefing"
