"date","issue_id","issue_group","issue_family","category","priority","top_title","top_url","selected","issue_hash","event_key","max_todayness","article_forms","source_version","final_source"
"2026.6.5","I001","국가 AI 인프라/AIDC/GPU 정책","AI 인프라 및 정책","경쟁사_해외이슈","4","","","True","국가 ai 인프라 aidc gpu 정책","","","","",""
"2026.6.5","I002","카카오게임즈 최대주주 변경 및 공동대표 체제","경영권/인선","자사_및_계열사_이슈","5","","","True","카카오게임즈 최대주주 변경 및 공동대표 체제","","","","",""
"2026.6.5","I004","가상자산 이전거래/AML 규제 조정","가상자산 규제 완화","정부_국회","5","","","True","가상자산 이전거래 aml 규제 조정","","","","",""
"2026.6.5","I006","금융권 AI 도입 가이드라인/모범사례","AI 도입 논의","정부_국회","5","","","True","금융권 ai 도입 가이드라인 모범사례","","","","",""
"2026.6.5","I008","네이버페이 앱 장애/복구","서비스_장애","경쟁사_해외이슈","4","","","True","네이버페이 앱 장애 복구","","","","",""
"2026.6.5","I015","네이버_AI_검색_기능_확대","AI_검색_및_창작자_지원","경쟁사_해외이슈","4","","","True","네이버 ai 검색 기능 확대","","","","",""
"2026.6.5","I016","플랫폼 불법촬영 이미지 차단 의무 확대","유통방지_조치","정부_국회","4","","","True","플랫폼 불법촬영 이미지 차단 의무 확대","","","","",""
"2026.6.5","I017","쿠팡페이 제재 절차 돌입","전자금융 규제 및 제재","자사_및_계열사_이슈","2","","","True","쿠팡페이 제재 절차 돌입","","","","",""
"2026.6.5","I029","애플_앱스토어_AI_탑재_앱_현황","AI_앱_및_결제","경쟁사_해외이슈","4","","","True","애플 앱스토어 ai 탑재 앱 현황","","","","",""
"2026.6.5","I030","카톡 선물하기 내 스타벅스 교환권/소비 변화","카카오톡 선물하기","자사_및_계열사_이슈","3","","","True","카톡 선물하기 내 스타벅스 교환권 소비 변화","","","","",""
"2026.6.5","I031","AI 에이전트와 IT 인프라","AI_에이전트_전략","산업동향","2","","","True","ai 에이전트와 it 인프라","","","","",""
"2026.6.5","I044","AI 가상모델 표시 의무화","AI 윤리 및 규제","정부_국회","2","","","True","ai 가상모델 표시 의무화","","","","",""
"2026.6.5","I060","카카오-구글 딥마인드 AI 콘텐츠 워터마크 도입","AI_기술_협력","자사_및_계열사_이슈","2","","","True","카카오 구글 딥마인드 ai 콘텐츠 워터마크 도입","","","","",""
"2026.6.8","I001","국가 AI 인프라/AIDC/GPU 정책","AI 인프라","경쟁사_해외이슈","4","","","True","국가 ai 인프라 aidc gpu 정책","","","","",""
"2026.6.8","I003","네이버 AI 투자 확대 및 수익성 시험대","네이버 AI 전략","경쟁사_해외이슈","5","","","True","네이버 ai 투자 확대 및 수익성 시험대","","","","",""
"2026.6.8","I014","CU편의점·티빙 등 해킹","개인정보보호","경쟁사_해외이슈","2","","","True","cu편의점 티빙 등 해킹","","","","",""
"2026.6.8","I020","챗GPT의 슈퍼앱 전략 및 오픈AI 한국 전략","AI 슈퍼앱","자사_및_계열사_이슈","2","","","True","챗gpt의 슈퍼앱 전략 및 오픈ai 한국 전략","","","","",""
"2026.6.8","I031","국가정보보호백서, AI 기반 해킹 시대 도래","국가 정보보호","경쟁사_해외이슈","5","","","True","국가정보보호백서 ai 기반 해킹 시대 도래","","","","",""
"2026.6.8","I040","카카오뱅크 퇴직연금 시장 진입","금융 서비스","자사_및_계열사_이슈","3","","","True","카카오뱅크 퇴직연금 시장 진입","","","","",""
"2026.6.8","I044","방심위, 청소년 노출 성인 웹툰 광고 제재","방송통신위원회 제재","정부_국회","4","","","True","방심위 청소년 노출 성인 웹툰 광고 제재","","","","",""
"2026.6.8","I046","미국 정부, AI 기업 지분 보유 검토 (오픈AI 논의)","AI_정부정책_해외","경쟁사_해외이슈","1","","","True","미국 정부 ai 기업 지분 보유 검토 오픈ai 논의","","","","",""
"2026.6.8","I047","카카오 노조 임단협/파업 및 내부 갈등","노조 파업","자사_및_계열사_이슈","1","","","True","카카오 노조 임단협 파업 및 내부 갈등","","","","",""
"2026.6.8","I081","AI 서버 전력 소비 규제","AI 에너지 소비","정부_국회","1","","","True","ai 서버 전력 소비 규제","","","","",""
"2026.6.8","I085","디지털자산기본법 제정 지연","디지털자산기본법","정부_국회","1","","","True","디지털자산기본법 제정 지연","","","","",""
"2026.6.8","I092","AI 기반 에너지 이슈 분석·정보 검증 협력","AI 에너지 이슈","산업동향","1","","","True","ai 기반 에너지 분석 정보 검증 협력","","","","",""
"2026.6.8","I096","새만금 AI·수소도시 추진","AI 수소도시","산업동향","1","","","True","새만금 ai 수소도시 추진","","","","",""
"2026.6.9","I002","국가 AI 인프라/AIDC/GPU 정책","government_ai_core_policy","경쟁사_해외이슈","5","","","True","국가 ai 인프라 aidc gpu 정책","","","","",""
"2026.6.9","I003","global_incident:platform_regulation:naver:platform_content_moderation_obligation","comp_domestic_direct_risk","경쟁사_해외이슈","4","","","True","global incident platform regulation naver platform content moderation obligation","","","","",""
"2026.6.9","I004","global_incident:platform_regulation:platform_sector:platform_regulation","government_regulatory_enforcement","정부_국회","5","","","True","global incident platform regulation platform sector platform regulation","","","","",""
"2026.6.9","I005","티빙·CU 개인정보 유출, 쿠팡 제재 수위 주목","개인정보 유출","정부_국회","1","","","True","티빙 cu 개인정보 유출 쿠팡 제재 수위 주목","","","","",""
"2026.6.9","I018","배민 1:1 맞춤 컨설팅 효과","플랫폼 사업자 성장 지원","경쟁사_해외이슈","3","","","True","배민 1 1 맞춤 컨설팅 효과","","","","",""
"2026.6.9","I030","K-로봇, 피지컬 AI 시대 글로벌 격전지 부상","AI 기술","산업동향","2","","","True","k 로봇 피지컬 ai 시대 글로벌 격전지 부상","","","","",""
"2026.6.9","I036","중국, 온라인 제품평가 규제 강화","플랫폼 규제_표시/광고","정부_국회","2","","","True","중국 온라인 제품평가 규제 강화","","","","",""
"2026.6.9","I041","스테이블코인 감독권 갈등에 막힌 '디지털 자산 기본법'","디지털 자산/스테이블코인 규제","정부_국회","2","","","True","스테이블코인 감독권 갈등에 막힌 디지털 자산 기본법","","","","",""
"2026.6.9","I043","카카오 노조 임단협/파업 및 내부 갈등","노사갈등","자사_및_계열사_이슈","3","","","True","카카오 노조 임단협 파업 및 내부 갈등","","","","",""
"2026.6.9","I049","카카오 준신위, AI 기본법 대응 워크숍 개최","AI 법제화","자사_및_계열사_이슈","2","","","True","카카오 준신위 ai 기본법 대응 워크숍 개최","","","","",""
"2026.6.9","I053","애큐온캐피탈 인수전 및 카카오뱅크 진출","인수합병","자사_및_계열사_이슈","2","","","True","애큐온캐피탈 인수전 및 카카오뱅크 진출","","","","",""
"2026.6.9","I074","오픈AI IPO 추진","오픈AI","경쟁사_해외이슈","2","","","True","오픈ai ipo 추진","","","","",""
"2026.6.9","I077","카카오 실적 대비 주가 부진","카카오톡_경영/실적","자사_및_계열사_이슈","1","","","True","카카오 실적 대비 주가 부진","","","","",""
"2026-06-10","I001","카카오 노조 임단협/파업 및 내부 갈등","노조_파업","자사_및_계열사_이슈","5","","","True","카카오 노조 임단협 파업 및 내부 갈등","global_incident:labor_ir:kakao:strike_negotiation","59.0","analysis_with_direct_risk,direct_risk","google_rss_v28_self_rescue_competitor_summary_scope",""
"2026-06-10","I004","government_ai_core_policy:과기정통부 ai 미래 유니콘 기업 에 리벨리온 등 15개사 선정","government_ai_core_policy","정부_국회","5","","","True","government ai core policy 과기정통부 ai 미래 유니콘 기업 에 리벨리온 등 15개사 선정","event:과기정통부:ai_infrastructure_security","24.0","business_change","google_rss_v28_self_rescue_competitor_summary_scope",""
"2026-06-10","I005","government_ai_core_policy:과기정통부 방미통위 ai ott 협력 강화 데이터 공유 나선다","government_ai_core_policy","정부_국회","5","","","True","government ai core policy 과기정통부 방미통위 ai ott 협력 강화 데이터 공유 나선다","event:과기정통부+방미통위:ai_infrastructure_security","24.0","business_change","google_rss_v28_self_rescue_competitor_summary_scope",""
"2026-06-10","I006","LG·현대차·네이버 AI 보안 스타트업 투자","AI 보안 스타트업 투자","경쟁사_해외이슈","4","","","True","lg 현대차 네이버 ai 보안 스타트업 투자","global_incident:ai_security_policy:naver:ai_security_policy","24.0","direct_risk","google_rss_v28_self_rescue_competitor_summary_scope",""
"2026-06-10","I007","government_regulatory_enforcement:금감원 사회공헌 광고 집행 현장조사 착수 우리금융 첫 타자","government_regulatory_enforcement","정부_국회","5","","","True","government regulatory enforcement 금감원 사회공헌 광고 집행 현장조사 착수 우리금융 첫 타자","event:금감원:legal_regulatory_enforcement","29.0","official_action","google_rss_v28_self_rescue_competitor_summary_scope",""
"2026-06-10","I008","global_incident:platform_regulation:fair_trade_authority:platform_algorithm_ad_obligation","government_regulatory_enforcement","정부_국회","5","","","True","global incident platform regulation fair trade authority platform algorithm ad obligation","global_incident:platform_regulation:fair_trade_authority:platform_algorithm_ad_obligation","14.0","official_action","google_rss_v28_self_rescue_competitor_summary_scope",""
"2026-06-10","I009","네이버 클립 수익화 정책 강화","숏폼 경쟁","경쟁사_해외이슈","4","","","True","네이버 클립 수익화 정책 강화","global_incident:platform_regulation:naver:platform_content_moderation_obligation","24.0","general","google_rss_v28_self_rescue_competitor_summary_scope",""
"2026-06-10","I011","대형마트 주말 의무휴업 규제 관련 발언","플랫폼 규제 및 경쟁","경쟁사_해외이슈","4","","","True","대형마트 주말 의무휴업 규제 발언","global_incident:platform_regulation:coupang:platform_operator_obligation","24.0","general","google_rss_v28_self_rescue_competitor_summary_scope",""
"2026-06-10","I012","국가 AI 인프라/AIDC/GPU 정책","AI 데이터센터 구축","산업동향","4","","","True","국가 ai 인프라 aidc gpu 정책","global_incident:platform_regulation:kt:platform_data_protection_obligation","24.0","business_change","google_rss_v28_self_rescue_competitor_summary_scope",""
"2026-06-10","I016","금융감독원, 토스 중복출금 오류 재발 방지책 제출 요구","토스 오류","정부_국회","2","","","True","금융감독원 토스 중복출금 오류 재발 방지책 제출 요구","event:금감원+토스:legal_regulatory_enforcement+privacy_security_reliability","24.0","official_action","google_rss_v28_self_rescue_competitor_summary_scope",""
"2026-06-10","I017","쿠팡 개인정보 유출 관련 개인정보보호위원회 제재","개인정보 유출 및 제재","경쟁사_해외이슈","1","","","True","쿠팡 개인정보 유출 개인정보보호위원회 제재","v27:platform_enforcement:coupang:privacy_data_violation","42.0","official_action","google_rss_v28_self_rescue_competitor_summary_scope",""
"2026-06-10","I022","피지컬 AI 핵심 기술 국산화 선도사업","AI 핵심 기술 국산화","정부_국회","2","","","True","피지컬 ai 핵심 기술 국산화 선도사업","event:과기정통부:ai_infrastructure_security","24.0","business_change","google_rss_v28_self_rescue_competitor_summary_scope",""
"2026-06-10","I033","앤트로픽, 오픈AI 대비 매출·수익성 우위","AI 기업 경쟁 및 투자","경쟁사_해외이슈","2","","","True","앤트로픽 오픈ai 대비 매출 수익성 우위","global_incident:ai_security_policy:openai:anthropic_glasswing_security","24.0","analysis_with_direct_risk","google_rss_v28_self_rescue_competitor_summary_scope",""
"2026-06-10","I037","쿠팡 기만 광고 제재","플랫폼 규제","정부_국회","1","","","True","쿠팡 기만 광고 제재","v27:platform_enforcement:coupang:deceptive_membership_price_ad","24.0","official_action","google_rss_v28_self_rescue_competitor_summary_scope",""
"2026-06-12","I001","국가 AI 인프라/AIDC/GPU 정책","경쟁사 AI 전략","경쟁사_해외이슈","5","","","True","국가 ai 인프라 aidc gpu 정책","event:KT:ai_infrastructure_security+policy_legislation","24.0","analysis_feature,business_change,direct_risk,general","google_rss_v36_locked_categories_protected_candidates",""
"2026-06-12","I004","네이버클라우드 국방 AI 전략","국내 기업 AI 전략 및 적용","경쟁사_해외이슈","3","","","True","네이버클라우드 국방 ai 전략","event:네이버:ai_infrastructure_security+policy_legislation","14.0","business_change","google_rss_v36_locked_categories_protected_candidates",""
"2026-06-12","I031","오픈AI 챗GPT 요금 인하 검토 및 AI 경쟁 심화","AI 시장 경쟁","경쟁사_해외이슈","3","","","True","오픈ai 챗gpt 요금 인하 검토 및 ai 경쟁 심화","global_incident:ai_security_policy:openai:openai_security_access","24.0","business_change","google_rss_v36_locked_categories_protected_candidates",""
"2026-06-12","I054","카카오게임즈 최대주주 변경 및 공동대표 체제","계열사_경영_투자","자사_및_계열사_이슈","2","","","True","카카오게임즈 최대주주 변경 및 공동대표 체제","global_incident:leadership_service:kakao:service_reform_backlash","24.0","direct_risk","google_rss_v36_locked_categories_protected_candidates",""
"2026-06-12","I065","카카오페이 개인정보위 과징금 행정소송 1심 패소","self_legal_regulatory","정부_국회","1","","","True","카카오페이 개인정보위 과징금 행정소송 1심 패소","v27:platform_enforcement:kakao:privacy_data_violation","19.0","direct_risk,official_action","google_rss_v36_locked_categories_protected_candidates",""
"2026-06-12","I081","과기정통부 AI·6G 보안 국제표준 개발 착수","AI 보안 표준","정부_국회","1","","","True","과기정통부 ai 6g 보안 국제표준 개발 착수","event:과기정통부:ai_infrastructure_security+phishing_security","24.0","direct_risk","google_rss_v36_locked_categories_protected_candidates",""
"2026-06-12","I085","디지털자산기본법 하반기 논의 재개","디지털자산 정책","정부_국회","1","","","True","디지털자산기본법 하반기 논의 재개","global_incident:digital_asset_policy:digital_asset_sector:digital_asset_policy","14.0","general","google_rss_v36_locked_categories_protected_candidates",""
"2026-06-13","I001","국가 AI 인프라/AIDC/GPU 정책","국내 AI 경쟁","경쟁사_해외이슈","4","","","True","국가 ai 인프라 aidc gpu 정책","event:LGU+:ai_infrastructure_security+aidc_datacenter","14.0","analysis_feature,business_change,direct_risk,general,market_commentary","google_rss_v38_1_issue_integrity_best_article_guard",""
"2026-06-13","I003","네이버 인텔 CPU 동맹","네이버","경쟁사_해외이슈","3","","","True","네이버 인텔 cpu 동맹","","24.0","general","google_rss_v38_1_issue_integrity_best_article_guard",""
"2026-06-13","I017","global_incident:platform_regulation:kakao:platform_regulation","self_privacy_security","자사_및_계열사_이슈","5","","","True","global incident platform regulation kakao platform regulation","privacy_security:tving:data_leak","24.0","direct_risk,general","google_rss_v38_1_issue_integrity_best_article_guard",""
"2026-06-13","I024","카카오 노조 임단협/파업 및 내부 갈등","self_labor","자사_및_계열사_이슈","5","","","True","카카오 노조 임단협 파업 및 내부 갈등","global_incident:labor_ir:kakao:strike_negotiation","19.0","direct_risk,official_action","google_rss_v38_1_issue_integrity_best_article_guard",""
"2026-06-13","I030","해외 AI 빅테크 IPO 및 시장 평가","오픈AI","경쟁사_해외이슈","3","","","True","해외 ai 빅테크 ipo 및 시장 평가","global_incident:ai_security_policy:openai:openai_security_access","24.0","business_change,direct_risk","google_rss_v38_1_issue_integrity_best_article_guard",""
"2026-06-13","I033","아마존 위성 통신 분야 투자 (애플 연관)","아마존","경쟁사_해외이슈","3","","","True","아마존 위성 통신 분야 투자 애플 연관","global_incident:mna_capital:apple:mna_capital","24.0","direct_risk","google_rss_v38_1_issue_integrity_best_article_guard",""
"2026-06-13","I053","government_ai_core_policy:조선시대 문헌부터 사투리까지 ai 성능 평가도 k 스타일 로 바뀐다 과기정통부 nia 연내 한국형 ai 독자","government_ai_core_policy","정부_국회","5","","","True","government ai core policy 조선시대 문헌부터 사투리까지 ai 성능 평가도 k 스타일 로 바뀐다 과기정통부 nia 연내 한국형 ai 독자","event:과기정통부:ai_infrastructure_security","14.0","business_change","google_rss_v38_1_issue_integrity_best_article_guard",""
"2026-06-14","I009","쿠팡 개인정보 유출 과징금","플랫폼 규제","경쟁사_해외이슈","1","","","True","쿠팡 개인정보 유출 과징금","v27:platform_enforcement:coupang:privacy_data_violation","24.0","official_action","google_rss_v38_1_issue_integrity_best_article_guard",""
"2026-06-14","I039","앤트로픽 AI 모델 외국인 접근 차단","AI 규제","경쟁사_해외이슈","1","","","True","앤트로픽 ai 모델 외국인 접근 차단","global_incident:platform_regulation:toss:platform_operator_obligation","24.0","business_change,direct_risk","google_rss_v38_1_issue_integrity_best_article_guard",""
"2026-06-14","I057","중국 AI 스타트업 생태계 성장","중국 AI 시장 동향","경쟁사_해외이슈","4","","","True","중국 ai 스타트업 생태계 성장","","24.0","business_change","google_rss_v38_1_issue_integrity_best_article_guard",""
"2026-06-14","I065","오픈AI IPO 전망 및 美 주검찰 조사","AI 기업/규제","경쟁사_해외이슈","1","","","True","오픈ai ipo 전망 및 주검찰 조사","global_incident:ai_security_policy:openai:openai_security_access","24.0","business_change,direct_risk,official_action","google_rss_v38_1_issue_integrity_best_article_guard",""
"2026-06-14","I080","애플 AI 전략 및 개인정보 보호 강조","AI/개인정보","경쟁사_해외이슈","1","","","True","애플 ai 전략 및 개인정보 보호 강조","privacy_security:apple:data_leak","14.0","business_change,direct_risk","google_rss_v38_1_issue_integrity_best_article_guard",""
"2026-06-14","I113","카카오 노조 임단협/파업 및 내부 갈등","노사 관계","경쟁사_해외이슈","1","","","True","카카오 노조 임단협 파업 및 내부 갈등","global_incident:labor_ir:kakao:strike_negotiation","24.0","direct_risk","google_rss_v38_1_issue_integrity_best_article_guard",""
"2026-06-14","I120","카카오페이 알리페이 개인정보 제공 관련 과징금 소송 패소","개인정보 제재","자사_및_계열사_이슈","1","","","True","카카오페이 알리페이 개인정보 제공 과징금 소송 패소","v27:platform_enforcement:kakao:privacy_data_violation","24.0","direct_risk,official_action","google_rss_v38_1_issue_integrity_best_article_guard",""
"2026-06-14","I133","카카오게임즈 최대주주 변경 및 공동대표 체제","카카오게임즈 경영","자사_및_계열사_이슈","1","","","True","카카오게임즈 최대주주 변경 및 공동대표 체제","global_incident:labor_ir:kakao:labor_ir","14.0","direct_risk,general","google_rss_v38_1_issue_integrity_best_article_guard",""
"2026-06-14","I192","미중 기술 패권 갈등 심화 (AI 기업 블랙리스트)","미중 기술 패권","정부_국회","1","","","True","미중 기술 패권 갈등 심화 ai 기업 블랙리스트","","24.0","business_change","google_rss_v38_1_issue_integrity_best_article_guard",""
"2026-06-15","I003","국가 AI 인프라/AIDC/GPU 정책","국내 통신사 AI 서비스","경쟁사_해외이슈","3","","","True","국가 ai 인프라 aidc gpu 정책","global_incident:platform_regulation:platform_sector:platform_regulation","24.0","business_change,general,market_commentary","google_rss_v40_enforcement_dedupe_self_soft_fallback",""
"2026-06-15","I004","네이버클라우드 국방 AX 전략 및 경량 AI 모델 공개","네이버 AI 전략","경쟁사_해외이슈","3","","","True","네이버클라우드 국방 ax 전략 및 경량 ai 모델 공개","event:네이버:ai_infrastructure_security+policy_legislation","24.0","analysis_feature,business_change,general","google_rss_v40_enforcement_dedupe_self_soft_fallback",""
"2026-06-15","I015","SKT, 앤트로픽 추가 투자","SKT AI 전략","경쟁사_해외이슈","1","","","True","skt 앤트로픽 추가 투자","global_incident:ai_security_policy:skt:anthropic_glasswing_security","24.0","general","google_rss_v40_enforcement_dedupe_self_soft_fallback",""
"2026-06-15","I018","global_incident:ai_security_policy:openai:anthropic_glasswing_security","comp_overseas_platform_ai","경쟁사_해외이슈","4","","","True","global incident ai security policy openai anthropic glasswing security","global_incident:ai_security_policy:openai:anthropic_glasswing_security","19.0","business_change","google_rss_v40_enforcement_dedupe_self_soft_fallback",""
"2026-06-15","I032","방미통위, 구글·애플 인앱결제 제재 공식화","앱 마켓 규제","경쟁사_해외이슈","1","","","True","방미통위 구글 애플 인앱결제 제재 공식화","v27:platform_enforcement:google:app_market_payment_fee","24.0","official_action","google_rss_v40_enforcement_dedupe_self_soft_fallback",""
"2026-06-15","I033","쿠팡 공정위 과징금 부과 (자사우대/기만광고) AND 쿠팡 납치광고 방미통위 심의 착수","플랫폼 시장 규율","경쟁사_해외이슈","1","","","True","쿠팡 공정위 과징금 부과 자사우대 기만광고 and 쿠팡 납치광고 방미통위 심의 착수","v27:platform_enforcement:coupang:deceptive_membership_price_ad","24.0","official_action","google_rss_v40_enforcement_dedupe_self_soft_fallback",""
"2026-06-15","I084","카카오벤처스 LP 소통 플랫폼 출시","self_strategic_reference","자사_및_계열사_이슈","3","","","True","카카오벤처스 lp 소통 플랫폼 출시","global_incident:platform_regulation:kakao:platform_regulation","24.0","general","google_rss_v40_enforcement_dedupe_self_soft_fallback",""
"2026-06-15","I104","중기부 AI 창업 지원 정책","AI 정책","정부_국회","2","","","True","중기부 ai 창업 지원 정책","global_incident:platform_regulation:platform_sector:platform_regulation","24.0","business_change","google_rss_v40_enforcement_dedupe_self_soft_fallback",""
"2026-06-15","I109","AI 관련 금융권 망분리 규제 동향","금융_AI_규제","정부_국회","3","","","True","ai 금융권 망분리 규제 동향","global_incident:ai_security_policy:toss:anthropic_glasswing_security","24.0","business_change","google_rss_v40_enforcement_dedupe_self_soft_fallback",""
"2026-06-15","I132","공정위 광고 규제 강화","광고 규제","정부_국회","1","","","True","공정위 광고 규제 강화","global_incident:platform_regulation:fair_trade_authority:platform_algorithm_ad_obligation","24.0","official_action","google_rss_v40_enforcement_dedupe_self_soft_fallback",""
"2026-06-16","I002","쿠팡 공정위 과징금","플랫폼 규제","정부_국회","5","","","True","쿠팡 공정위 과징금","global_incident:platform_regulation:coupang:platform_operator_obligation","24.0","official_action","google_rss_v43_quality_gated_minima_anti_overdelete",""
"2026-06-16","I007","global_incident:privacy_security:naver:naver","comp_domestic_direct_risk","경쟁사_해외이슈","4","","","True","global incident privacy security naver naver","privacy_security:naver:data_leak","24.0","direct_risk","google_rss_v43_quality_gated_minima_anti_overdelete",""
"2026-06-16","I025","네이버클라우드 국방 특화 AI 공개","네이버 AI 기술","경쟁사_해외이슈","2","","","True","네이버클라우드 국방 특화 ai 공개","event:네이버:ai_infrastructure_security","24.0","business_change","google_rss_v43_quality_gated_minima_anti_overdelete",""
"2026-06-16","I087","AI 정책 컨트롤타워 인선/공백","국가_AI_전략","정부_국회","3","","","True","ai 정책 컨트롤타워 인선 공백","","24.0","business_change","google_rss_v43_quality_gated_minima_anti_overdelete",""
"2026-06-16","I120","카카오 노조 임단협/파업 및 내부 갈등","카카오 조직개편/노조","자사_및_계열사_이슈","1","","","True","카카오 노조 임단협 파업 및 내부 갈등","global_incident:labor_ir:kakao:strike_negotiation","24.0","direct_risk","google_rss_v43_quality_gated_minima_anti_overdelete",""
"2026-06-16","I121","금융위 신용정보법 개정 (AI·금융 규제 완화)","금융 AI 규제 완화","정부_국회","1","","","True","금융위 신용정보법 개정 ai 금융 규제 완화","event:금융위:ai_infrastructure_security+policy_legislation","24.0","business_change","google_rss_v43_quality_gated_minima_anti_overdelete",""
"2026-06-16","I140","금융위 법인 디지털자산 시장 참여 추진","디지털자산 정책","정부_국회","1","","","True","금융위 법인 디지털자산 시장 참여 추진","global_incident:digital_asset_policy:financial_authority:digital_asset_policy","24.0","general","google_rss_v43_quality_gated_minima_anti_overdelete",""
"2026-06-17","I002","global_incident:platform_regulation:coupang:platform_operator_obligation","comp_domestic_strategy","정부_국회","5","","","True","global incident platform regulation coupang platform operator obligation","global_incident:platform_regulation:coupang:platform_operator_obligation","14.0","general,official_action","google_rss_v44_final_artifact_sync_only","CEO_Morning_Briefing"
"2026-06-17","I003","네이버클라우드 국방 특화 AI 모델 출시","네이버 AI","경쟁사_해외이슈","2","","","True","네이버클라우드 국방 특화 ai 모델 출시","event:네이버:ai_infrastructure_security","24.0","market_commentary","google_rss_v44_final_artifact_sync_only","CEO_Morning_Briefing"
"2026-06-17","I004","네이버 광고 전문가 인증제 도입","네이버 광고","경쟁사_해외이슈","2","","","True","네이버 광고 전문가 인증제 도입","global_incident:platform_regulation:naver:platform_algorithm_ad_obligation","24.0","business_change,general","google_rss_v44_final_artifact_sync_only","CEO_Morning_Briefing"
"2026-06-17","I009","LGU+ 이용자 보호 등급 및 과징금 감경","국내 통신사 규제/이용자 보호","경쟁사_해외이슈","2","","","True","lgu 이용자 보호 등급 및 과징금 감경","global_incident:platform_regulation:lguplus:platform_regulation","14.0","official_action","google_rss_v44_final_artifact_sync_only","CEO_Morning_Briefing"
"2026-06-17","I012","쿠팡_공정위_과징금_제재","경쟁사_규제_제재","정부_국회","2","","","True","쿠팡 공정위 과징금 제재","global_incident:platform_regulation:coupang:platform_operator_obligation","14.0","official_action","google_rss_v44_final_artifact_sync_only","CEO_Morning_Briefing"
"2026-06-17","I019","네이버 AI 검색 전략 및 시장 분석","AI 검색","경쟁사_해외이슈","2","","","True","네이버 ai 검색 전략 및 시장 분석","event:네이버:ai_infrastructure_security+policy_legislation","14.0","business_change","google_rss_v44_final_artifact_sync_only","CEO_Morning_Briefing"
"2026-06-17","I024","네이버 중소기업 개인정보 컨설팅 지원","네이버 상생협력","경쟁사_해외이슈","1","","","True","네이버 중소기업 개인정보 컨설팅 지원","privacy_security:naver:data_leak","24.0","direct_risk","google_rss_v44_final_artifact_sync_only","CEO_Morning_Briefing"
"2026-06-17","I030","카카오톡 내 ChatGPT 연동","self_strategic_reference","자사_및_계열사_이슈","4","","","True","카카오톡 내 chatgpt 연동","event:오픈AI+카카오:ai_infrastructure_security","14.0","business_change,general","google_rss_v44_final_artifact_sync_only","CEO_Morning_Briefing"
"2026-06-17","I039","카카오뱅크 판교 조직/거점 일원화","self_strategic_reference","자사_및_계열사_이슈","5","","","True","카카오뱅크 판교 조직 거점 일원화","global_incident:leadership_service:kakao:leadership_service","14.0","direct_risk","google_rss_v44_final_artifact_sync_only","CEO_Morning_Briefing"
"2026-06-17","I040","과기정통부-오픈AI AI 안전 협력 강화","정부 AI 안전 협력","정부_국회","1","","","True","과기정통부 오픈ai ai 안전 협력 강화","global_incident:ai_security_policy:openai:openai_security_access","24.0","business_change","google_rss_v44_final_artifact_sync_only","CEO_Morning_Briefing"
"2026-06-17","I067","정부-오픈AI AI 안전 협력 강화 및 평가기준 마련","AI 안전 정책 및 거버넌스","정부_국회","1","","","True","정부 오픈ai ai 안전 협력 강화 및 평가기준 마련","global_incident:ai_security_policy:openai:openai_security_access","24.0","business_change","google_rss_v44_final_artifact_sync_only","CEO_Morning_Briefing"
"2026-06-17","I068","self_strategic_reference:카카오모빌리티 보령머드축제 셔틀 서비스 운영","self_strategic_reference","자사_및_계열사_이슈","4","","","True","self strategic reference 카카오모빌리티 보령머드축제 셔틀 서비스 운영","","24.0","general","google_rss_v44_final_artifact_sync_only","CEO_Morning_Briefing"
"2026-06-17","I121","과기정통부_KT그룹_K-AI_콘텐츠_공모전_연계","AI_인재_양성","정부_국회","3","","","True","과기정통부 kt그룹 k ai 콘텐츠 공모전 연계","event:과기정통부:ai_infrastructure_security","24.0","business_change","google_rss_v44_final_artifact_sync_only","CEO_Morning_Briefing"
"2026-06-17","I149","IMF 나이지리아 스테이블코인 규제 보완 요청","디지털 금융 정책","산업동향","4","","","True","imf 나이지리아 스테이블코인 규제 보완 요청","global_incident:digital_asset_policy:digital_asset_sector:stablecoin_policy","14.0","general","google_rss_v44_final_artifact_sync_only","CEO_Morning_Briefing"
"2026-06-19","I001","국가 AI 인프라/AIDC/GPU 정책","국내 AI 경쟁","정부_국회","5","","","True","국가 ai 인프라 aidc gpu 정책","event:과기정통부:ai_infrastructure_security+aidc_datacenter","24.0","analysis_feature,business_change,direct_risk,general,market_commentary","google_rss_v44_final_artifact_sync_only","CEO_Morning_Briefing"
"2026-06-19","I002","global_incident:platform_regulation:kakao:platform_operator_obligation","self_legal_regulatory","자사_및_계열사_이슈","5","","","True","global incident platform regulation kakao platform operator obligation","global_incident:platform_regulation:kakao:platform_operator_obligation","24.0","official_action","google_rss_v44_final_artifact_sync_only","CEO_Morning_Briefing"
"2026-06-19","I003","global_incident:ai_security_policy:skt:anthropic_glasswing_security","comp_domestic_direct_risk","경쟁사_해외이슈","4","","","True","global incident ai security policy skt anthropic glasswing security","global_incident:ai_security_policy:skt:anthropic_glasswing_security","14.0","business_change","google_rss_v44_final_artifact_sync_only","CEO_Morning_Briefing"
"2026-06-19","I004","comp_domestic_ai_platform:법무법인 광장 공정거래 세미나 네이버 쇼핑 판결 차액가맹금 대법원 판례 집중 분석","comp_domestic_ai_platform","경쟁사_해외이슈","4","","","True","comp domestic ai platform 법무법인 광장 공정거래 세미나 네이버 쇼핑 판결 차액가맹금 대법원 판례 집중 분석","event:네이버:ai_infrastructure_security+legal_regulatory_enforcement","14.0","analysis_with_direct_risk","google_rss_v44_final_artifact_sync_only","CEO_Morning_Briefing"
"2026-06-19","I009","네이버클라우드 수주 실적","경쟁사 B2B 사업 동향","경쟁사_해외이슈","3","","","True","네이버클라우드 수주 실적","event:네이버:financial_performance+platform_obligation","24.0","general","google_rss_v44_final_artifact_sync_only","CEO_Morning_Briefing"
"2026-06-19","I010","네이버클라우드-농진청 농업 AX 협력","국내 AI 경쟁","경쟁사_해외이슈","2","","","True","네이버클라우드 농진청 농업 ax 협력","event:네이버:ai_infrastructure_security","24.0","general","google_rss_v44_final_artifact_sync_only","CEO_Morning_Briefing"
"2026-06-19","I011","KT 개인정보위 대규모 과징금 (쿠팡 선례)","개인정보 규제 및 제재","정부_국회","1","","","True","kt 개인정보위 대규모 과징금 쿠팡 선례","v27:platform_enforcement:coupang:privacy_data_violation","24.0","analysis_with_direct_risk,official_action","google_rss_v44_final_artifact_sync_only","CEO_Morning_Briefing"
"2026-06-19","I015","앤트로픽 한국 진출 및 국내 기업 협력","국내 AI 경쟁","경쟁사_해외이슈","1","","","True","앤트로픽 한국 진출 및 국내 기업 협력","global_incident:ai_security_policy:naver:anthropic_glasswing_security","14.0","general","google_rss_v44_final_artifact_sync_only","CEO_Morning_Briefing"
"2026-06-19","I035","global_incident:mna_capital:kakao:mna_capital","self_governance_mna","자사_및_계열사_이슈","5","","","True","global incident mna capital kakao mna capital","global_incident:mna_capital:kakao:mna_capital","29.0","business_change,direct_risk","google_rss_v44_final_artifact_sync_only","CEO_Morning_Briefing"
"2026-06-19","I040","global_incident:platform_regulation:platform_sector:platform_data_protection_obligation","government_ai_core_policy","정부_국회","5","","","True","global incident platform regulation platform sector platform data protection obligation","global_incident:platform_regulation:platform_sector:platform_data_protection_obligation","24.0","direct_risk,official_action","google_rss_v44_final_artifact_sync_only","CEO_Morning_Briefing"
"2026-06-19","I047","global_incident:platform_enforcement:kakao:consumer_dark_pattern","self_legal_regulatory","자사_및_계열사_이슈","5","","","True","global incident platform enforcement kakao consumer dark pattern","v27:platform_enforcement:kakao:consumer_dark_pattern","14.0","official_action","google_rss_v44_final_artifact_sync_only","CEO_Morning_Briefing"
"2026-06-19","I065","government_ai_core_policy:과기정통부 주도 피지컬 ai 얼라이언스 2기 출범 실행형 협력체계 전환","government_ai_core_policy","정부_국회","5","","","True","government ai core policy 과기정통부 주도 피지컬 ai 얼라이언스 2기 출범 실행형 협력체계 전환","event:과기정통부:ai_infrastructure_security","24.0","business_change","google_rss_v44_final_artifact_sync_only","CEO_Morning_Briefing"
"2026-06-19","I069","AI 정책 컨트롤타워 인선/공백","government_ai_core_policy","정부_국회","5","","","True","ai 정책 컨트롤타워 인선 공백","event:과기정통부:ai_infrastructure_security+leadership_change","29.0","business_change,direct_risk,official_action","google_rss_v44_final_artifact_sync_only","CEO_Morning_Briefing"
"2026-06-22","I002","comp_domestic_ai_platform:네이버 투자에 엔비디아도 찜한 k ai 휴머노이드로 비바테크 접수","comp_domestic_ai_platform","경쟁사_해외이슈","4","","","True","comp domestic ai platform 네이버 투자에 엔비디아도 찜한 k ai 휴머노이드로 비바테크 접수","event:네이버:ai_infrastructure_security","14.0","business_change","google_rss_v44_final_artifact_sync_only","CEO_Morning_Briefing"
"2026-06-22","I006","국가 AI 인프라/AIDC/GPU 정책","comp_domestic_ai_platform","경쟁사_해외이슈","4","","","True","국가 ai 인프라 aidc gpu 정책","event:SKT:ai_infrastructure_security","24.0","business_change,direct_risk,general,market_commentary","google_rss_v44_final_artifact_sync_only","CEO_Morning_Briefing"
"2026-06-22","I007","comp_domestic_ai_platform:네이버 검색 80 찍었다 ai탭 출시 후 점유율 껑충","comp_domestic_ai_platform","경쟁사_해외이슈","4","","","True","comp domestic ai platform 네이버 검색 80 찍었다 ai탭 출시 후 점유율 껑충","event:네이버:ai_infrastructure_security","14.0","business_change","google_rss_v44_final_artifact_sync_only","CEO_Morning_Briefing"
"2026-06-22","I018","self_legal_regulatory:메타 카카오 이긴 개보위 이번엔 쿠팡 숙제는 소송 예산","self_legal_regulatory","자사_및_계열사_이슈","5","","","True","self legal regulatory 메타 카카오 이긴 개보위 이번엔 쿠팡 숙제는 소송 예산","","0.0","direct_risk","google_rss_v44_final_artifact_sync_only","CEO_Morning_Briefing"
"2026-06-22","I021","comp_domestic_strategy:lgu+ ms 코파일럿 사내 도입 한 달 만에 전사 이용률 80 돌파","comp_domestic_strategy","경쟁사_해외이슈","4","","","True","comp domestic strategy lgu ms 코파일럿 사내 도입 한 달 만에 전사 이용률 80 돌파","","24.0","general","google_rss_v44_final_artifact_sync_only","CEO_Morning_Briefing"
"2026-06-22","I043","global_incident:leadership_service:kakao:leadership_service","self_strategic_reference","자사_및_계열사_이슈","5","","","True","global incident leadership service kakao leadership service","global_incident:leadership_service:kakao:leadership_service","14.0","direct_risk","google_rss_v44_final_artifact_sync_only","CEO_Morning_Briefing"
"2026-06-22","I046","government_regulatory_enforcement:한투운용 스페이스x etf 광고 논란 금감원 검사 경찰 내사 착수 1부","government_regulatory_enforcement","정부_국회","5","","","True","government regulatory enforcement 한투운용 스페이스x etf 광고 논란 금감원 검사 경찰 내사 착수 1부","event:금감원:legal_regulatory_enforcement+service_reform_backlash","24.0","market_commentary","google_rss_v44_final_artifact_sync_only","CEO_Morning_Briefing"
"2026-06-22","I060","comp_overseas_regulation_data:구글 폐기 픽셀폰 2000대로 데이터센터 만든다 저비용 서버 실험 추진","comp_overseas_regulation_data","경쟁사_해외이슈","4","","","True","comp overseas regulation data 구글 폐기 픽셀폰 2000대로 데이터센터 만든다 저비용 서버 실험 추진","event:구글:ai_infrastructure_security","24.0","general","google_rss_v44_final_artifact_sync_only","CEO_Morning_Briefing"
"2026-06-22","I066","global_incident:digital_asset_policy:digital_asset_sector:digital_asset_policy","government_digital_finance_policy","정부_국회","5","","","True","global incident digital asset policy digital asset sector digital asset policy","global_incident:digital_asset_policy:digital_asset_sector:digital_asset_policy","24.0","direct_risk,general","google_rss_v44_final_artifact_sync_only","CEO_Morning_Briefing"
"2026-06-22","I068","global_incident:mna_capital:kakao:mna_capital","self_strategic_reference","자사_및_계열사_이슈","5","","","True","global incident mna capital kakao mna capital","global_incident:mna_capital:kakao:mna_capital","24.0","direct_risk","google_rss_v44_final_artifact_sync_only","CEO_Morning_Briefing"
"2026-06-22","I105","금융권 AI 도입 가이드라인/모범사례","government_ai_core_policy","정부_국회","5","","","True","금융권 ai 도입 가이드라인 모범사례","event:금융위:ai_infrastructure_security+policy_legislation","24.0","official_action","google_rss_v44_final_artifact_sync_only","CEO_Morning_Briefing"
"2026-06-22","I123","government_ai_core_policy:과기정통부 피지컬 ai 얼라이언스 2기 출범 로봇 ai반도체 데이터센터 총집결","government_ai_core_policy","정부_국회","5","","","True","government ai core policy 과기정통부 피지컬 ai 얼라이언스 2기 출범 로봇 ai반도체 데이터센터 총집결","event:과기정통부:ai_infrastructure_security","24.0","business_change","google_rss_v44_final_artifact_sync_only","CEO_Morning_Briefing"
"2026-06-22","I147","global_incident:digital_asset_policy:digital_asset_sector:stablecoin_policy","government_digital_finance_policy","정부_국회","4","","","True","global incident digital asset policy digital asset sector stablecoin policy","global_incident:digital_asset_policy:digital_asset_sector:stablecoin_policy","24.0","general","google_rss_v44_final_artifact_sync_only","CEO_Morning_Briefing"
"2026-06-23","I001","global_incident:platform_regulation:coupang:coupang_designation_disclosure","comp_domestic_direct_risk","경쟁사_해외이슈","4","","","True","global incident platform regulation coupang coupang designation disclosure","global_incident:platform_regulation:coupang:coupang_designation_disclosure","24.0","official_action","google_rss_v44_final_artifact_sync_only","CEO_Morning_Briefing"
"2026-06-23","I003","comp_domestic_ai_platform:네이버 엔비디아 dsx로 ai 팩토리 짓는다 55mw로 시작해 기가와트급 소버린 ai로","comp_domestic_ai_platform","경쟁사_해외이슈","4","","","True","comp domestic ai platform 네이버 엔비디아 dsx로 ai 팩토리 짓는다 55mw로 시작해 기가와트급 소버린 ai로","event:네이버:ai_infrastructure_security","24.0","business_change","google_rss_v44_final_artifact_sync_only","CEO_Morning_Briefing"
"2026-06-23","I010","comp_domestic_finance_commerce:네이버 쇼핑 가구매 정말 안전할까 연매출 200억 광고사 지사장이 말하는 현실","comp_domestic_finance_commerce","경쟁사_해외이슈","4","","","True","comp domestic finance commerce 네이버 쇼핑 가구매 정말 안전할까 연매출 200억 광고사 지사장이 말하는 현실","event:네이버:financial_performance","24.0","general","google_rss_v44_final_artifact_sync_only","CEO_Morning_Briefing"
"2026-06-23","I015","comp_domestic_ai_platform:네이버랩스 유럽 로봇 두뇌 경량화 기술 공개 피지컬 ai 상용화 속도","comp_domestic_ai_platform","경쟁사_해외이슈","4","","","True","comp domestic ai platform 네이버랩스 유럽 로봇 두뇌 경량화 기술 공개 피지컬 ai 상용화 속도","event:네이버:ai_infrastructure_security","24.0","business_change","google_rss_v44_final_artifact_sync_only","CEO_Morning_Briefing"
"2026-06-23","I033","comp_domestic_strategy:lgu+ ms 코파일럿 사내 도입 한달만에 임직원 사용률 80 돌파","comp_domestic_strategy","경쟁사_해외이슈","4","","","True","comp domestic strategy lgu ms 코파일럿 사내 도입 한달만에 임직원 사용률 80 돌파","","14.0","general","google_rss_v44_final_artifact_sync_only","CEO_Morning_Briefing"
"2026-06-23","I056","global_incident:platform_regulation:kakao:platform_algorithm_ad_obligation","self_strategic_reference","자사_및_계열사_이슈","4","","","True","global incident platform regulation kakao platform algorithm ad obligation","global_incident:platform_regulation:kakao:platform_algorithm_ad_obligation","24.0","business_change,general","google_rss_v44_final_artifact_sync_only","CEO_Morning_Briefing"
"2026-06-23","I069","government_regulatory_enforcement:금감원 스페이스x 공모 과장광고 논란에 현장검사 한투운용 등 겨냥","government_regulatory_enforcement","정부_국회","5","","","True","government regulatory enforcement 금감원 스페이스x 공모 과장광고 논란에 현장검사 한투운용 등 겨냥","event:금감원:service_reform_backlash","24.0","general","google_rss_v44_final_artifact_sync_only","CEO_Morning_Briefing"
"2026-06-23","I074","카카오게임즈 최대주주 변경 및 공동대표 체제","self_governance_mna","자사_및_계열사_이슈","5","","","True","카카오게임즈 최대주주 변경 및 공동대표 체제","global_incident:leadership_service:kakao:executive_change","24.0","analysis_with_direct_risk,direct_risk,general","google_rss_v44_final_artifact_sync_only","CEO_Morning_Briefing"
"2026-06-23","I078","global_incident:platform_regulation:kakao:platform_regulation","self_privacy_security","정부_국회","5","","","True","global incident platform regulation kakao platform regulation","global_incident:platform_regulation:kakao:platform_regulation","24.0","direct_risk,general","google_rss_v44_final_artifact_sync_only","CEO_Morning_Briefing"
"2026-06-23","I084","comp_overseas_platform_ai:일관된 애플리케이션 보안이 ai 경쟁력 f5 하이브리드 멀티클라우드 시대 adsp 비전 공개","comp_overseas_platform_ai","경쟁사_해외이슈","4","","","True","comp overseas platform ai 일관된 애플리케이션 보안이 ai 경쟁력 f5 하이브리드 멀티클라우드 시대 adsp 비전 공개","event:애플:ai_infrastructure_security+phishing_security","24.0","direct_risk","google_rss_v44_final_artifact_sync_only","CEO_Morning_Briefing"
"2026-06-23","I090","self_privacy_security:정보보호 분야 340억원 투입 카카오 ai 경쟁 속 보안도 투자한다","self_privacy_security","자사_및_계열사_이슈","5","","","True","self privacy security 정보보호 분야 340억원 투입 카카오 ai 경쟁 속 보안도 투자한다","event:카카오:ai_infrastructure_security+phishing_security","14.0","direct_risk","google_rss_v44_final_artifact_sync_only","CEO_Morning_Briefing"
"2026-06-23","I157","global_incident:digital_asset_policy:financial_authority:digital_asset_policy","government_regulatory_enforcement","정부_국회","5","","","True","global incident digital asset policy financial authority digital asset policy","global_incident:digital_asset_policy:financial_authority:digital_asset_policy","24.0","general","google_rss_v44_final_artifact_sync_only","CEO_Morning_Briefing"
"2026-06-23","I158","global_incident:digital_asset_policy:digital_asset_sector:stablecoin_policy","government_digital_finance_policy","정부_국회","4","","","True","global incident digital asset policy digital asset sector stablecoin policy","global_incident:digital_asset_policy:digital_asset_sector:stablecoin_policy","24.0","general","google_rss_v44_final_artifact_sync_only","CEO_Morning_Briefing"
"2026-06-24","I002","comp_domestic_strategy:제2의 대박 될까 skt 투자 펭귄솔루션스 엔비디아 파트너 선정","comp_domestic_strategy","경쟁사_해외이슈","4","","","True","comp domestic strategy 제2의 대박 될까 skt 투자 펭귄솔루션스 엔비디아 파트너 선정","","24.0","general","google_rss_v44_final_artifact_sync_only","CEO_Morning_Briefing"
"2026-06-24","I006","comp_domestic_ai_platform:네이버클라우드 지멘스 제조 산업 ai 전환 ax 가속화","comp_domestic_ai_platform","경쟁사_해외이슈","4","","","True","comp domestic ai platform 네이버클라우드 지멘스 제조 산업 ai 전환 ax 가속화","event:네이버:ai_infrastructure_security","24.0","business_change","google_rss_v44_final_artifact_sync_only","CEO_Morning_Briefing"
"2026-06-24","I026","comp_domestic_strategy:kt 밀리의서재 코엑스 서울국제도서전서 10주년 기념 밀리하우스 공개","comp_domestic_strategy","경쟁사_해외이슈","4","","","True","comp domestic strategy kt 밀리의서재 코엑스 서울국제도서전서 10주년 기념 밀리하우스 공개","","24.0","general","google_rss_v44_final_artifact_sync_only","CEO_Morning_Briefing"
"2026-06-24","I027","comp_domestic_strategy:월드컵만 풍년 실적은 흉년 skt lgu+ 날아오를 때에 kt 나 홀로 역주행에 투자 매력 꼴찌","comp_domestic_strategy","경쟁사_해외이슈","4","","","True","comp domestic strategy 월드컵만 풍년 실적은 흉년 skt lgu 날아오를 때에 kt 나 홀로 역주행에 투자 매력 꼴찌","event:KT+LGU+:financial_performance","24.0","direct_risk","google_rss_v44_final_artifact_sync_only","CEO_Morning_Briefing"
"2026-06-24","I028","comp_domestic_strategy:진단 kt 탓 티빙 탓만 하면 끝 제휴 서비스 보안 책임은 제각각","comp_domestic_strategy","경쟁사_해외이슈","4","","","True","comp domestic strategy 진단 kt 탓 티빙 탓만 하면 끝 제휴 서비스 보안 책임은 제각각","event:KT:phishing_security+privacy_security_reliability","24.0","direct_risk","google_rss_v44_final_artifact_sync_only","CEO_Morning_Briefing"
"2026-06-24","I031","global_incident:leadership_service:kt:leadership_service","comp_domestic_ai_platform","경쟁사_해외이슈","4","","","True","global incident leadership service kt leadership service","global_incident:leadership_service:kt:leadership_service","24.0","direct_risk","google_rss_v44_final_artifact_sync_only","CEO_Morning_Briefing"
"2026-06-24","I035","comp_domestic_public_infra:정부 전용 데이터센터 리전 네이버클라우드 소버린ai 풀스택 전략","comp_domestic_public_infra","정부_국회","4","","","True","comp domestic public infra 정부 전용 데이터센터 리전 네이버클라우드 소버린ai 풀스택 전략","event:네이버:ai_infrastructure_security+policy_legislation","24.0","business_change","google_rss_v44_final_artifact_sync_only","CEO_Morning_Briefing"
"2026-06-24","I037","global_incident:mna_capital:kakao:mna_capital","self_governance_mna","자사_및_계열사_이슈","5","","","True","global incident mna capital kakao mna capital","global_incident:mna_capital:kakao:mna_capital","24.0","direct_risk","google_rss_v44_final_artifact_sync_only","CEO_Morning_Briefing"
"2026-06-24","I039","카카오게임즈 최대주주 변경 및 공동대표 체제","self_strategic_reference","자사_및_계열사_이슈","5","","","True","카카오게임즈 최대주주 변경 및 공동대표 체제","global_incident:leadership_service:kakao:leadership_service","29.0","direct_risk,general","google_rss_v44_final_artifact_sync_only","CEO_Morning_Briefing"
"2026-06-24","I041","comp_domestic_public_infra:페이블5가 촉발한 외산 ai 리스크 네이버클라우드 정부 전용 리전으로 ai 주권 확보","comp_domestic_public_infra","정부_국회","4","","","True","comp domestic public infra 페이블5가 촉발한 외산 ai 리스크 네이버클라우드 정부 전용 리전으로 ai 주권 확보","event:네이버:ai_infrastructure_security","24.0","business_change","google_rss_v44_final_artifact_sync_only","CEO_Morning_Briefing"
"2026-06-24","I042","global_incident:platform_regulation:kakao:platform_regulation","self_strategic_reference","정부_국회","5","","","True","global incident platform regulation kakao platform regulation","privacy_security:kakao:phishing_or_account_takeover","24.0","direct_risk,general","google_rss_v44_final_artifact_sync_only","CEO_Morning_Briefing"
"2026-06-24","I094","government_ai_core_policy:ai발 공급망 공격 막는다 정부 sw 보안 로드맵 발표","government_ai_core_policy","정부_국회","5","","","True","government ai core policy ai발 공급망 공격 막는다 정부 sw 보안 로드맵 발표","","24.0","direct_risk","google_rss_v44_final_artifact_sync_only","CEO_Morning_Briefing"
"2026-06-24","I142","self_strategic_reference:카카오 데이터센터 온실가스 4753톤 감축 재생에너지 2 8배 확대","self_strategic_reference","자사_및_계열사_이슈","4","","","True","self strategic reference 카카오 데이터센터 온실가스 4753톤 감축 재생에너지 2 8배 확대","event:카카오:ai_infrastructure_security","24.0","general","google_rss_v44_final_artifact_sync_only","CEO_Morning_Briefing"
"2026-06-24","I176","self_filler_reference:카카오 esg 보고서 발간 데이터센터 안산 온실가스 4 753톤 감축","self_filler_reference","자사_및_계열사_이슈","2","","","True","self filler reference 카카오 esg 보고서 발간 데이터센터 안산 온실가스 4 753톤 감축","event:카카오:ai_infrastructure_security+platform_obligation","24.0","general","google_rss_v44_final_artifact_sync_only","CEO_Morning_Briefing"
"2026-06-25","I005","comp_domestic_ai_platform:네이버 d2sf ai 해외 직구 개척한 스타트업 사줘 신규 투자","comp_domestic_ai_platform","경쟁사_해외이슈","4","","","True","comp domestic ai platform 네이버 d2sf ai 해외 직구 개척한 스타트업 사줘 신규 투자","event:네이버:ai_infrastructure_security","24.0","business_change","google_rss_v44_final_artifact_sync_only","CEO_Morning_Briefing"
"2026-06-25","I025","comp_domestic_public_infra:lg유플러스 5g 속도 과장광고 행정소송 패소","comp_domestic_public_infra","경쟁사_해외이슈","4","","","True","comp domestic public infra lg유플러스 5g 속도 과장광고 행정소송 패소","event:LGU+:legal_regulatory_enforcement","19.0","direct_risk","google_rss_v44_final_artifact_sync_only","CEO_Morning_Briefing"
"2026-06-25","I029","comp_domestic_strategy:lgu+ 세계 첫 아이패드 iptv 출시 애플 유저 공략","comp_domestic_strategy","경쟁사_해외이슈","4","","","True","comp domestic strategy lgu 세계 첫 아이패드 iptv 출시 애플 유저 공략","","24.0","general","google_rss_v44_final_artifact_sync_only","CEO_Morning_Briefing"
"2026-06-25","I030","comp_domestic_strategy:lgu+ 애플 아이패드 기반 이동형 iptv 상품 출시","comp_domestic_strategy","경쟁사_해외이슈","4","","","True","comp domestic strategy lgu 애플 아이패드 기반 이동형 iptv 상품 출시","","24.0","general","google_rss_v44_final_artifact_sync_only","CEO_Morning_Briefing"
"2026-06-25","I033","국가 AI 인프라/AIDC/GPU 정책","comp_domestic_ai_platform","정부_국회","4","","","True","국가 ai 인프라 aidc gpu 정책","event:네이버:ai_infrastructure_security+aidc_datacenter","24.0","analysis_feature,business_change,direct_risk,general","google_rss_v44_final_artifact_sync_only","CEO_Morning_Briefing"
"2026-06-25","I047","comp_domestic_public_infra:세종 각에 정부 전용 리전 네이버클라우드 공공 ax 정조준","comp_domestic_public_infra","정부_국회","4","","","True","comp domestic public infra 세종 각에 정부 전용 리전 네이버클라우드 공공 ax 정조준","","14.0","general","google_rss_v44_final_artifact_sync_only","CEO_Morning_Briefing"
"2026-06-25","I051","self_privacy_security:카카오페이손보 iso 27001 27017 동시 획득 글로벌 보안 경쟁력 입증","self_privacy_security","자사_및_계열사_이슈","5","","","True","self privacy security 카카오페이손보 iso 27001 27017 동시 획득 글로벌 보안 경쟁력 입증","event:카카오+카카오페이:phishing_security+privacy_security_reliability","24.0","direct_risk","google_rss_v44_final_artifact_sync_only","CEO_Morning_Briefing"
"2026-06-25","I054","government_ai_core_policy:정책포커스 금융위 글로벌 스탠다드 ai 디지털 자본시장 설계 혁신의 출발점은 투자자 보호","government_ai_core_policy","정부_국회","5","","","True","government ai core policy 정책포커스 금융위 글로벌 스탠다드 ai 디지털 자본시장 설계 혁신의 출발점은 투자자 보호","event:금융위:ai_infrastructure_security+policy_legislation","24.0","business_change","google_rss_v44_final_artifact_sync_only","CEO_Morning_Briefing"
"2026-06-25","I061","comp_overseas_regulation_data:천문학적 매출 예고 퀄컴 데이터센터 ai 칩 수요 폭증 메타 등 대형 고객 확보 자신감","comp_overseas_regulation_data","경쟁사_해외이슈","4","","","True","comp overseas regulation data 천문학적 매출 예고 퀄컴 데이터센터 ai 칩 수요 폭증 메타 등 대형 고객 확보 자신감","event:메타:ai_infrastructure_security+financial_performance","24.0","business_change","google_rss_v44_final_artifact_sync_only","CEO_Morning_Briefing"
"2026-06-25","I078","global_incident:platform_regulation:bithumb:platform_data_protection_obligation","government_regulatory_enforcement","정부_국회","5","","","True","global incident platform regulation bithumb platform data protection obligation","privacy_security:bithumb:data_leak","29.0","official_action","google_rss_v44_final_artifact_sync_only","CEO_Morning_Briefing"
"2026-06-25","I083","self_privacy_security:카카오페이손해보험 정보보호 클라우드 보안 국제 인증 iso 2종 동시 취득","self_privacy_security","자사_및_계열사_이슈","5","","","True","self privacy security 카카오페이손해보험 정보보호 클라우드 보안 국제 인증 iso 2종 동시 취득","event:카카오+카카오페이:phishing_security+privacy_security_reliability","24.0","direct_risk","google_rss_v44_final_artifact_sync_only","CEO_Morning_Briefing"
"2026-06-25","I084","self_privacy_security:카카오페이손보 정보보호 클라우드 보안 국제 인증 동시 취득","self_privacy_security","자사_및_계열사_이슈","5","","","True","self privacy security 카카오페이손보 정보보호 클라우드 보안 국제 인증 동시 취득","event:카카오+카카오페이:phishing_security+privacy_security_reliability","24.0","direct_risk","google_rss_v44_final_artifact_sync_only","CEO_Morning_Briefing"
"2026-06-25","I088","self_privacy_security:카카오페이손해보험 국제 보안 인증 확대 클라우드 기반 정보보호 체계 강화","self_privacy_security","자사_및_계열사_이슈","5","","","True","self privacy security 카카오페이손해보험 국제 보안 인증 확대 클라우드 기반 정보보호 체계 강화","event:카카오+카카오페이:phishing_security+privacy_security_reliability","24.0","direct_risk","google_rss_v44_final_artifact_sync_only","CEO_Morning_Briefing"
"2026-06-25","I110","government_ai_core_policy:과기정통부 국정원 sw 공급망 보안 강화 로드맵 공개 ai 사이버 위협 차단","government_ai_core_policy","정부_국회","5","","","True","government ai core policy 과기정통부 국정원 sw 공급망 보안 강화 로드맵 공개 ai 사이버 위협 차단","event:과기정통부:ai_infrastructure_security+phishing_security","24.0","direct_risk","google_rss_v44_final_artifact_sync_only","CEO_Morning_Briefing"
"2026-06-26","I001","global_incident:platform_regulation:naver:coupang_designation_disclosure","comp_domestic_direct_risk","경쟁사_해외이슈","4","","","True","global incident platform regulation naver coupang designation disclosure","privacy_security:coupang:data_leak","14.0","direct_risk","google_rss_v44_final_artifact_sync_only","CEO_Morning_Briefing"
"2026-06-26","I006","국가 AI 인프라/AIDC/GPU 정책","self_strategic_reference","정부_국회","5","","","True","국가 ai 인프라 aidc gpu 정책","global_incident:platform_regulation:kakao:platform_regulation","24.0","business_change,direct_risk,general","google_rss_v44_final_artifact_sync_only","CEO_Morning_Briefing"
"2026-06-26","I016","comp_domestic_ai_platform:네이버 2025 통합보고서 발간 ai 시대 성장 전략 공개","comp_domestic_ai_platform","경쟁사_해외이슈","4","","","True","comp domestic ai platform 네이버 2025 통합보고서 발간 ai 시대 성장 전략 공개","event:네이버:ai_infrastructure_security+platform_obligation","14.0","business_change","google_rss_v44_final_artifact_sync_only","CEO_Morning_Briefing"
"2026-06-26","I046","comp_domestic_strategy:sk텔레콤 구글과 5g 통신 인프라 협력 강화","comp_domestic_strategy","경쟁사_해외이슈","4","","","True","comp domestic strategy sk텔레콤 구글과 5g 통신 인프라 협력 강화","","14.0","general","google_rss_v44_final_artifact_sync_only","CEO_Morning_Briefing"
"2026-06-26","I052","global_incident:mna_capital:kt:mna_capital","comp_domestic_ai_platform","경쟁사_해외이슈","4","","","True","global incident mna capital kt mna capital","global_incident:mna_capital:kt:mna_capital","24.0","direct_risk","google_rss_v44_final_artifact_sync_only","CEO_Morning_Briefing"
"2026-06-26","I058","global_incident:platform_regulation:kakao:platform_regulation","self_legal_regulatory","자사_및_계열사_이슈","5","","","True","global incident platform regulation kakao platform regulation","global_incident:platform_regulation:kakao:platform_regulation","29.0","direct_risk,official_action","google_rss_v44_final_artifact_sync_only","CEO_Morning_Briefing"
"2026-06-26","I063","self_filler_reference:카카오 kt클라우드 ai 가드레일 로 안전성 높인다","self_filler_reference","자사_및_계열사_이슈","4","","","True","self filler reference 카카오 kt클라우드 ai 가드레일 로 안전성 높인다","event:카카오:ai_infrastructure_security","24.0","business_change","google_rss_v44_final_artifact_sync_only","CEO_Morning_Briefing"
"2026-06-26","I072","global_incident:platform_regulation:platform_sector:platform_algorithm_ad_obligation","government_platform_regulation","정부_국회","5","","","True","global incident platform regulation platform sector platform algorithm ad obligation","global_incident:platform_regulation:platform_sector:platform_algorithm_ad_obligation","24.0","official_action","google_rss_v44_final_artifact_sync_only","CEO_Morning_Briefing"
"2026-06-26","I105","global_incident:mna_capital:kakao:mna_capital","self_governance_mna","자사_및_계열사_이슈","5","","","True","global incident mna capital kakao mna capital","global_incident:mna_capital:kakao:mna_capital","24.0","business_change,direct_risk","google_rss_v44_final_artifact_sync_only","CEO_Morning_Briefing"
"2026-06-26","I107","global_incident:platform_regulation:coupang:platform_operator_obligation","comp_domestic_direct_risk","정부_국회","4","","","True","global incident platform regulation coupang platform operator obligation","global_incident:platform_regulation:coupang:platform_operator_obligation","14.0","official_action","google_rss_v44_final_artifact_sync_only","CEO_Morning_Briefing"
"2026-06-26","I116","global_incident:platform_regulation:bithumb:platform_data_protection_obligation","government_regulatory_enforcement","정부_국회","5","","","True","global incident platform regulation bithumb platform data protection obligation","privacy_security:bithumb:data_leak","24.0","official_action","google_rss_v44_final_artifact_sync_only","CEO_Morning_Briefing"
"2026-06-26","I130","global_incident:platform_regulation:google:platform_content_moderation_obligation","comp_overseas_regulation_data","산업동향","4","","","True","global incident platform regulation google platform content moderation obligation","global_incident:platform_regulation:google:platform_content_moderation_obligation","14.0","general","google_rss_v44_final_artifact_sync_only","CEO_Morning_Briefing"
"2026-06-26","I131","global_incident:platform_regulation:platform_sector:platform_regulation","government_ai_core_policy","정부_국회","5","","","True","global incident platform regulation platform sector platform regulation","global_incident:platform_regulation:platform_sector:platform_regulation","24.0","analysis_feature,business_change,direct_risk,general","google_rss_v44_final_artifact_sync_only","CEO_Morning_Briefing"
"2026-06-26","I138","government_ai_core_policy:천안시 과기정통부 ai라운지 공모 선정 ai 기본사회 실현","government_ai_core_policy","정부_국회","5","","","True","government ai core policy 천안시 과기정통부 ai라운지 공모 선정 ai 기본사회 실현","event:과기정통부:ai_infrastructure_security","24.0","business_change","google_rss_v44_final_artifact_sync_only","CEO_Morning_Briefing"
"2026-06-30","I001","comp_domestic_ai_platform:lgu+ 지엔씨에너지와 맞손 데이터센터 전력 인프라 강화","comp_domestic_ai_platform","경쟁사_해외이슈","4","","","True","comp domestic ai platform lgu 지엔씨에너지와 맞손 데이터센터 전력 인프라 강화","event:LGU+:ai_infrastructure_security","14.0","general","google_rss_v44_final_artifact_sync_only","CEO_Morning_Briefing"
"2026-06-30","I002","comp_domestic_ai_platform:aai탭 띄운 네이버 토큰 폭증 대비 1gw ai팩토리 gs도 2 4gw 승부수","comp_domestic_ai_platform","경쟁사_해외이슈","4","","","True","comp domestic ai platform aai탭 띄운 네이버 토큰 폭증 대비 1gw ai팩토리 gs도 2 4gw 승부수","event:네이버:ai_infrastructure_security","24.0","business_change","google_rss_v44_final_artifact_sync_only","CEO_Morning_Briefing"
"2026-06-30","I004","국가 AI 인프라/AIDC/GPU 정책","comp_domestic_ai_platform","경쟁사_해외이슈","5","","","True","국가 ai 인프라 aidc gpu 정책","event:KT:ai_infrastructure_security+policy_legislation","24.0","analysis_feature,analysis_with_direct_risk,business_change,direct_risk,general","google_rss_v44_final_artifact_sync_only","CEO_Morning_Briefing"
"2026-06-30","I008","comp_domestic_public_infra:공공 ai 생태계 풀스택 파트너 되겠다 네이버클라우드 ax 시장 정조준","comp_domestic_public_infra","경쟁사_해외이슈","4","","","True","comp domestic public infra 공공 ai 생태계 풀스택 파트너 되겠다 네이버클라우드 ax 시장 정조준","event:네이버:ai_infrastructure_security+government_ai","14.0","business_change","google_rss_v44_final_artifact_sync_only","CEO_Morning_Briefing"
"2026-06-30","I020","comp_domestic_strategy:skt 작년 보안 투자 1434억 전년 대비 54 늘었다","comp_domestic_strategy","경쟁사_해외이슈","4","","","True","comp domestic strategy skt 작년 보안 투자 1434억 전년 대비 54 늘었다","event:SKT:phishing_security+privacy_security_reliability","24.0","direct_risk","google_rss_v44_final_artifact_sync_only","CEO_Morning_Briefing"
"2026-06-30","I042","self_strategic_reference:카카오 kt클라우드와 안전한 ai생태계 구축 맞손","self_strategic_reference","자사_및_계열사_이슈","4","","","True","self strategic reference 카카오 kt클라우드와 안전한 ai생태계 구축 맞손","event:카카오:ai_infrastructure_security","14.0","business_change","google_rss_v44_final_artifact_sync_only","CEO_Morning_Briefing"
"2026-06-30","I043","global_incident:platform_enforcement:microsoft:privacy_data_violation","comp_overseas_regulation_data","정부_국회","5","","","True","global incident platform enforcement microsoft privacy data violation","v27:platform_enforcement:microsoft:privacy_data_violation","14.0","direct_risk","google_rss_v44_final_artifact_sync_only","CEO_Morning_Briefing"
"2026-06-30","I047","카카오게임즈 최대주주 변경 및 공동대표 체제","self_governance_mna","자사_및_계열사_이슈","5","","","True","카카오게임즈 최대주주 변경 및 공동대표 체제","global_incident:leadership_service:kakao:leadership_service","14.0","direct_risk","google_rss_v44_final_artifact_sync_only","CEO_Morning_Briefing"
"2026-06-30","I052","government_appointment_governance:이강일 의원 글로벌 빅테크 조세회피 차단법 대표발의","government_appointment_governance","정부_국회","5","","","True","government appointment governance 이강일 의원 글로벌 빅테크 조세회피 차단법 대표발의","","14.0","direct_risk","google_rss_v44_final_artifact_sync_only","CEO_Morning_Briefing"
"2026-06-30","I070","global_incident:ai_security_policy:kakao:ai_security_policy","self_privacy_security","자사_및_계열사_이슈","5","","","True","global incident ai security policy kakao ai security policy","global_incident:ai_security_policy:kakao:ai_security_policy","24.0","direct_risk","google_rss_v44_final_artifact_sync_only","CEO_Morning_Briefing"
"2026-06-30","I080","global_incident:digital_asset_policy:digital_asset_sector:stablecoin_policy","government_digital_finance_policy","정부_국회","4","","","True","global incident digital asset policy digital asset sector stablecoin policy","global_incident:digital_asset_policy:digital_asset_sector:stablecoin_policy","24.0","general","google_rss_v44_final_artifact_sync_only","CEO_Morning_Briefing"
"2026-06-30","I094","government_ai_core_policy:ai 정부정책 3년이 골든타임 정부 피지컬 ai 세계 1위 데이터센터 초강대국 선언","government_ai_core_policy","정부_국회","5","","","True","government ai core policy ai 정부정책 3년이 골든타임 정부 피지컬 ai 세계 1위 데이터센터 초강대국 선언","","24.0","business_change","google_rss_v44_final_artifact_sync_only","CEO_Morning_Briefing"
"2026-06-30","I122","global_incident:ai_security_policy:sector:anthropic_glasswing_security","comp_overseas_platform_ai","정부_국회","4","","","True","global incident ai security policy sector anthropic glasswing security","global_incident:ai_security_policy:sector:anthropic_glasswing_security","24.0","business_change,direct_risk,general,official_action","google_rss_v44_final_artifact_sync_only","CEO_Morning_Briefing"
"2026-07-01","I001","global_incident:privacy_security:coupang:coupang","comp_domestic_direct_risk","경쟁사_해외이슈","4","","","True","global incident privacy security coupang coupang","privacy_security:coupang:data_leak","24.0","direct_risk","google_rss_v44_final_artifact_sync_only","CEO_Morning_Briefing"
"2026-07-01","I002","comp_domestic_ai_platform:네이버 엔비디아 손잡고 ai 팩토리 승부수 문제는 수익화 시간표","comp_domestic_ai_platform","경쟁사_해외이슈","4","","","True","comp domestic ai platform 네이버 엔비디아 손잡고 ai 팩토리 승부수 문제는 수익화 시간표","event:네이버:ai_infrastructure_security","24.0","business_change","google_rss_v44_final_artifact_sync_only","CEO_Morning_Briefing"
"2026-07-01","I012","comp_domestic_ai_platform:lgu+ 지속가능경영보고서 발간 보안 ai 탄소중립 성과 담아","comp_domestic_ai_platform","경쟁사_해외이슈","4","","","True","comp domestic ai platform lgu 지속가능경영보고서 발간 보안 ai 탄소중립 성과 담아","event:LGU+:ai_infrastructure_security+phishing_security","24.0","direct_risk","google_rss_v44_final_artifact_sync_only","CEO_Morning_Briefing"
"2026-07-01","I030","self_privacy_security:ai 시대 보안은 필수 네이버 카카오 정보보호 투자 역대 최대","self_privacy_security","자사_및_계열사_이슈","5","","","True","self privacy security ai 시대 보안은 필수 네이버 카카오 정보보호 투자 역대 최대","event:네이버+카카오:ai_infrastructure_security+phishing_security","24.0","direct_risk","google_rss_v44_final_artifact_sync_only","CEO_Morning_Briefing"
"2026-07-01","I031","global_incident:privacy_security:skt:skt","comp_domestic_direct_risk","경쟁사_해외이슈","4","","","True","global incident privacy security skt skt","privacy_security:skt:data_leak","24.0","direct_risk","google_rss_v44_final_artifact_sync_only","CEO_Morning_Briefing"
"2026-07-01","I032","comp_domestic_strategy:글로벌 투자자 눈에 비친 통신3사 lgu+ 거버넌스 우려 가장 커","comp_domestic_strategy","경쟁사_해외이슈","4","","","True","comp domestic strategy 글로벌 투자자 눈에 비친 통신3사 lgu 거버넌스 우려 가장 커","","24.0","general","google_rss_v44_final_artifact_sync_only","CEO_Morning_Briefing"
"2026-07-01","I058","global_incident:platform_enforcement:google:app_market_payment_fee","government_platform_regulation","정부_국회","5","","","True","global incident platform enforcement google app market payment fee","v27:platform_enforcement:google:app_market_payment_fee","29.0","analysis_with_direct_risk,official_action","google_rss_v44_final_artifact_sync_only","CEO_Morning_Briefing"
"2026-07-01","I084","comp_overseas_platform_ai:삼성 sk 하이닉스 공급망 흔든다 엔비디아 ms ai pc 동맹의 파장","comp_overseas_platform_ai","경쟁사_해외이슈","4","","","True","comp overseas platform ai 삼성 sk 하이닉스 공급망 흔든다 엔비디아 ms ai pc 동맹의 파장","","14.0","business_change","google_rss_v44_final_artifact_sync_only","CEO_Morning_Briefing"
"2026-07-01","I085","global_incident:privacy_security:kakao:kakao","self_privacy_security","자사_및_계열사_이슈","5","","","True","global incident privacy security kakao kakao","privacy_security:kakao:data_leak","24.0","direct_risk","google_rss_v44_final_artifact_sync_only","CEO_Morning_Briefing"
"2026-07-01","I086","global_incident:platform_regulation:google:platform_operator_obligation","comp_overseas_regulation_data","정부_국회","5","","","True","global incident platform regulation google platform operator obligation","global_incident:platform_regulation:google:platform_operator_obligation","29.0","analysis_with_direct_risk,official_action","google_rss_v44_final_artifact_sync_only","CEO_Morning_Briefing"
"2026-07-01","I091","카카오게임즈 최대주주 변경 및 공동대표 체제","self_strategic_reference","자사_및_계열사_이슈","5","","","True","카카오게임즈 최대주주 변경 및 공동대표 체제","global_incident:leadership_service:kakao:executive_change","24.0","direct_risk","google_rss_v44_final_artifact_sync_only","CEO_Morning_Briefing"
"2026-07-01","I104","government_ai_core_policy:정부 제조ai 2030 전략 공개 2030년까지 20조 투자 100조 부가가치 창출","government_ai_core_policy","정부_국회","5","","","True","government ai core policy 정부 제조ai 2030 전략 공개 2030년까지 20조 투자 100조 부가가치 창출","","24.0","business_change","google_rss_v44_final_artifact_sync_only","CEO_Morning_Briefing"
"2026-07-01","I119","global_incident:digital_asset_policy:digital_asset_sector:sto_policy","government_appointment_governance","정부_국회","5","","","True","global incident digital asset policy digital asset sector sto policy","global_incident:digital_asset_policy:digital_asset_sector:sto_policy","24.0","general","google_rss_v44_final_artifact_sync_only","CEO_Morning_Briefing"
"2026-07-02","I003","국가 AI 인프라/AIDC/GPU 정책","comp_domestic_ai_platform","경쟁사_해외이슈","4","","","True","국가 ai 인프라 aidc gpu 정책","privacy_security:skt:data_leak","24.0","analysis_feature,business_change,direct_risk,general","google_rss_v44_final_artifact_sync_only","CEO_Morning_Briefing"
"2026-07-02","I005","comp_domestic_ai_platform:네이버 대화형 검색 ai탭 정식 출시 5000만 이용자 공략","comp_domestic_ai_platform","경쟁사_해외이슈","4","","","True","comp domestic ai platform 네이버 대화형 검색 ai탭 정식 출시 5000만 이용자 공략","event:네이버:ai_infrastructure_security","24.0","business_change","google_rss_v44_final_artifact_sync_only","CEO_Morning_Briefing"
"2026-07-02","I006","comp_domestic_public_infra:kt 양자암호통신 연구 넘어 서비스로 공공 국방 보안 확대","comp_domestic_public_infra","경쟁사_해외이슈","4","","","True","comp domestic public infra kt 양자암호통신 연구 넘어 서비스로 공공 국방 보안 확대","event:KT:phishing_security+privacy_security_reliability","24.0","direct_risk","google_rss_v44_final_artifact_sync_only","CEO_Morning_Briefing"
"2026-07-02","I007","self_strategic_reference:글로벌 ai 네이버 카카오와 손잡았다 한국 생태계 경쟁 본격화","self_strategic_reference","자사_및_계열사_이슈","4","","","True","self strategic reference 글로벌 ai 네이버 카카오와 손잡았다 한국 생태계 경쟁 본격화","event:네이버+카카오:ai_infrastructure_security","24.0","business_change","google_rss_v44_final_artifact_sync_only","CEO_Morning_Briefing"
"2026-07-02","I008","global_incident:privacy_security:skt:skt","comp_domestic_direct_risk","경쟁사_해외이슈","4","","","True","global incident privacy security skt skt","privacy_security:skt:data_leak","24.0","direct_risk","google_rss_v44_final_artifact_sync_only","CEO_Morning_Briefing"
"2026-07-02","I009","comp_domestic_strategy:lgu+ 지속가능경영보고서 발간 정보보안 강화 내용 고도화","comp_domestic_strategy","경쟁사_해외이슈","4","","","True","comp domestic strategy lgu 지속가능경영보고서 발간 정보보안 강화 내용 고도화","event:LGU+:phishing_security+privacy_security_reliability","24.0","direct_risk","google_rss_v44_final_artifact_sync_only","CEO_Morning_Briefing"
"2026-07-02","I013","comp_domestic_strategy:보안투자액 톱3 삼성전자 쿠팡 kt 순 자율공시 기업 30 증가","comp_domestic_strategy","경쟁사_해외이슈","4","","","True","comp domestic strategy 보안투자액 톱3 삼성전자 쿠팡 kt 순 자율공시 기업 30 증가","event:KT+쿠팡:financial_performance+phishing_security","24.0","direct_risk","google_rss_v44_final_artifact_sync_only","CEO_Morning_Briefing"
"2026-07-02","I045","global_incident:platform_enforcement:google:app_market_payment_fee","government_platform_regulation","정부_국회","5","","","True","global incident platform enforcement google app market payment fee","v27:platform_enforcement:google:app_market_payment_fee","24.0","analysis_with_direct_risk,official_action","google_rss_v44_final_artifact_sync_only","CEO_Morning_Briefing"
"2026-07-02","I061","global_incident:platform_regulation:coupang:platform_operator_obligation","comp_domestic_direct_risk","정부_국회","4","","","True","global incident platform regulation coupang platform operator obligation","global_incident:platform_regulation:coupang:platform_operator_obligation","24.0","general,official_action","google_rss_v44_final_artifact_sync_only","CEO_Morning_Briefing"
"2026-07-02","I062","global_incident:ai_security_policy:google:anthropic_glasswing_security","comp_overseas_platform_ai","정부_국회","4","","","True","global incident ai security policy google anthropic glasswing security","global_incident:ai_security_policy:google:anthropic_glasswing_security","24.0","business_change,direct_risk","google_rss_v44_final_artifact_sync_only","CEO_Morning_Briefing"
"2026-07-02","I066","global_incident:privacy_security:kakao:kakao","self_legal_regulatory","자사_및_계열사_이슈","5","","","True","global incident privacy security kakao kakao","privacy_security:kakao:data_leak","14.0","direct_risk","google_rss_v44_final_artifact_sync_only","CEO_Morning_Briefing"
"2026-07-02","I067","global_incident:mna_capital:kakao:mna_capital","self_governance_mna","자사_및_계열사_이슈","5","","","True","global incident mna capital kakao mna capital","global_incident:mna_capital:kakao:mna_capital","24.0","direct_risk","google_rss_v44_final_artifact_sync_only","CEO_Morning_Briefing"
"2026-07-02","I116","global_incident:digital_asset_policy:digital_asset_sector:digital_asset_policy","government_digital_finance_policy","정부_국회","4","","","True","global incident digital asset policy digital asset sector digital asset policy","global_incident:digital_asset_policy:digital_asset_sector:digital_asset_policy","29.0","general,official_action","google_rss_v44_final_artifact_sync_only","CEO_Morning_Briefing"
