"date","url","title","press","issue_group","canonical_url","event_key","event_stage","title_hash","source_version","final_source"
"2026.6.5","https://biz.sbs.co.kr/amp/article/20000314511","카카오게임즈, 22일 임시주총…공동대표 전환 시동","SBSBiz","카카오게임즈 최대주주 변경 및 공동대표 체제","","","","","",""
"2026.6.5","https://www.seconomy.kr/news/articleView.html?idxno=139744","카카오, 구글 딥마인드 손잡고 AI 콘텐츠 워터마크 도입","공유경제신문","카카오-구글 딥마인드 AI 콘텐츠 워터마크 도입","","","","","",""
"2026.6.5","https://www.yonhapnewstv.co.kr/news/MYH20260604231801STQ","스타벅스 결제액 130억원 줄어…카톡 선물 1위는 탈환","연합뉴스TV","카톡 선물하기 내 스타벅스 교환권/소비 변화","","","","","",""
"2026.6.5","https://www.yna.co.kr/amp/view/AKR20260604139200017","""불법촬영 이미지도 7월부터 '차단 의무'""…방미통위 설명회","연합뉴스","플랫폼 불법촬영 이미지 차단 의무 확대","","","","","",""
"2026.6.5","https://v.daum.net/v/20260605064300584","[AI 3강의 꿈, 중간성적표]①AIDC특별법·GPU 확보 긍정적…부처간 협업은 '지지부진'","v.daum.net","국가 AI 인프라/AIDC/GPU 정책","","","","","",""
"2026.6.5","https://news.nate.com/view/20260605n09878","금융위 안창국 상임위원, 금융안정위 총회…AI도입 등 논의","네이트","금융권 AI 도입 가이드라인/모범사례","","","","","",""
"2026.6.5","https://www.fneyefocus.com/news/articleView.html?idxno=20701","공정위, 이달부터 AI가상모델 표시 의무화…업계도 주의해야","fn아이포커스","AI 가상모델 표시 의무화","","","","","",""
"2026.6.5","https://www.tokenpost.kr/amp/news/cryptocurrency/366382","금융당국, 가상자산 해외 거래 규제 완화… 사업자 자금세탁방지 책임 강화","tokenpost.kr","가상자산 이전거래/AML 규제 조정","","","","","",""
"2026.6.5","https://www.edaily.co.kr/News/Read?newsId=04113126645478768&mediaCodeNo=257","네이버페이, 안드로이드 기기 호환성 오류 긴급 복구 완료… ""앱 업데이트 필요""","이데일리","네이버페이 앱 장애/복구","","","","","",""
"2026.6.5","https://www.inews24.com/view/1974121","[단독]금감원, '쿠팡페이' 제재 절차 돌입…'원아이디' 적정성 쟁점","아이뉴스24","쿠팡페이 제재 절차 돌입","","","","","",""
"2026.6.5","https://www.smartbizn.com/news/articleView.html?idxno=145507","네이버 창작자 지원, AI 검색 활용 영역까지 확대","smartbizn.com","네이버_AI_검색_기능_확대","","","","","",""
"2026.6.5","https://v.daum.net/v/20260605052701536","애플 ""매출상위 앱 100개 중 40개가 AI 탑재…거래액성장률 4배""","v.daum.net","애플_앱스토어_AI_탑재_앱_현황","","","","","",""
"2026.6.5","https://v.daum.net/v/pJV3IfMVka","[AI는 지금] 모델보다 플랫폼…기업 AI 에이전트 전략 바뀐다","v.daum.net","AI 에이전트와 IT 인프라","","","","","",""
"2026.6.8","https://www.yna.co.kr/amp/view/AKR20260608070700017","카카오 파업 예고에 정부 촉각…비상대응체계 점검","연합뉴스","카카오 노조 임단협/파업 및 내부 갈등","","","","","",""
"2026.6.8","https://news.mtn.co.kr/news-detail/2026060812405474516","카카오뱅크, 501조 퇴직연금 시장 진입 채비…AI 연금서비스 검토","MTN 머니투데이방송","카카오뱅크 퇴직연금 시장 진입","","","","","",""
"2026.6.8","https://www.tech42.co.kr/%EC%B1%97gpt%EC%9D%98-%EB%8B%A4%EC%9D%8C-%EB%AA%A9%ED%91%9C%EB%8A%94-%EC%8A%88%ED%8D%BC%EC%95%B1%EC%B9%B4%EC%B9%B4%EC%98%A4%C2%B7%EC%82%BC%EC%84%B1%C2%B7sk%EC%99%80","챗GPT의 다음 목표는 ‘슈퍼앱’…카카오·삼성·SK와 맞물린 오픈AI 한국 전략","테크42","챗GPT의 슈퍼앱 전략 및 오픈AI 한국 전략","","","","","",""
"2026.6.8","https://stock.mk.co.kr/news/view/1100378","방미심위, 청소년 노출 성인 웹툰 광고 1천여건 제재","매일경제 마켓","방심위, 청소년 노출 성인 웹툰 광고 제재","","","","","",""
"2026.6.8","https://www.newsworks.co.kr/news/articleView.html?idxno=843135","올해 국가정보보호백서 살펴보니…""AI가 스스로 해킹하는 시대 왔다""","뉴스웍스","국가정보보호백서, AI 기반 해킹 시대 도래","","","","","",""
"2026.6.8","https://www.dataeconomy.co.kr/news/articleView.html?idxno=40506","AI 서버 랙 하나가 65가구분 전력을 삼킨다, 미국 30개 주 300건 법안의 경고","한국데이터경제신문","AI 서버 전력 소비 규제","","","","","",""
"2026.6.8","https://digitalchosun.dizzo.com/site/data/html_dir/2026/06/08/2026060880043.html","뉴엔AI-한국에너지정보문화재단, AI 기반 에너지 이슈 분석·정보 검증 협력","디지틀조선일보","AI 기반 에너지 이슈 분석·정보 검증 협력","","","","","",""
"2026.6.8","https://news.nate.com/view/20260608n00073","지선 끝났는데 또 미뤄진 디지털자산기본법…업계 ""답답함 넘어 분통""","네이트","디지털자산기본법 제정 지연","","","","","",""
"2026.6.8","https://www.sedaily.com/article/20052980?ref=sedailyEng","‘통신사→AI 인프라 기업’…SKT, 그룹 AI 전략 핵심축 부상","서울경제","국가 AI 인프라/AIDC/GPU 정책","","","","","",""
"2026.6.8","http://www.newsworker.co.kr/news/articleView.html?idxno=430132","[분석_AI플랫폼 ②네이버] 최수연 체제 네이버, AI 투자 확대에 순이익 급감... 플랫폼 성장 이어갔지만 수익성 방어 시험대 올라","뉴스워커","네이버 AI 투자 확대 및 수익성 시험대","","","","","",""
"2026.6.8","https://v.daum.net/v/QWQVIgEoWj?f=p","CU편의점·티빙 등 대형서비스 3곳 해킹… 개인정보 줄줄 새","v.daum.net","CU편의점·티빙 등 해킹","","","","","",""
"2026.6.8","https://v.daum.net/v/20260607163817116?f=p","美 정부, AI기업 지분 보유 검토… 오픈AI와 논의","v.daum.net","미국 정부, AI 기업 지분 보유 검토 (오픈AI 논의)","","","","","",""
"2026.6.8","https://news.nate.com/view/20260608n24097","'새만금 AI·수소도시' 속도…김윤덕 장관, 베이징·내몽골 수소생태계 점검","네이트","새만금 AI·수소도시 추진","","","","","",""
"2026.6.9","https://www.yna.co.kr/amp/view/AKR20260608070700017","카카오 파업 예고에 정부 촉각…비상대응체계 점검","연합뉴스","카카오 노조 임단협/파업 및 내부 갈등","","","","","",""
"2026.6.9","https://news.nate.com/view/20260605n33662","실적 좋은데 카카오는 날 수 없다, 왜?","네이트","카카오 실적 대비 주가 부진","","","","","",""
"2026.6.9","https://www.newsis.com/view/NISX20260609_0003661784","카카오 준신위, 'AI 기본법' 대응 워크숍 개최","뉴시스","카카오 준신위, AI 기본법 대응 워크숍 개최","","","","","",""
"2026.6.9","https://www.businesspost.co.kr/BP?command=article_view&num=439495","캐피털업계 지형 변화 일어날까, 1조 규모 애큐온캐피탈 인수전 뜨겁고 카카오뱅크도 진출 예고","비즈니스포스트","애큐온캐피탈 인수전 및 카카오뱅크 진출","","","","","",""
"2026.6.9","https://v.daum.net/v/pcudYb8BWV?f=p","개인정보 유출한 티빙·CU…쿠팡 최종 제재 수위만 기다린다","v.daum.net","티빙·CU 개인정보 유출, 쿠팡 제재 수위 주목","","","","","",""
"2026.6.9","https://www.daenews.co.kr/25441","“아동·청소년 디지털 성범죄 대응체계 개선 방안 모색”…여성가족부·방통위·경찰청 및 법조·시민사회 모여 플랫폼 규제와 공조 체계 진단:동아경제신문 & daenews.co.kr","동아경제","global_incident:platform_regulation:platform_sector:platform_regulation","","","","","",""
"2026.6.9","https://newsyonhap.com/news/107786","스테이블코인 감독권 갈등에 막힌 '디지털 자산 기본법'…원화 스테이블코인·현물 ETF로 돌파구 모색","뉴스N연합","스테이블코인 감독권 갈등에 막힌 '디지털 자산 기본법'","","","","","",""
"2026.6.9","http://www.bubb.co.kr/news/articleView.html?idxno=4886","중국, ‘뒷광고·가짜 리뷰’ 겨냥…온라인 제품평가 규제 강화","법치뉴스","중국, 온라인 제품평가 규제 강화","","","","","",""
"2026.6.9","https://www.newsis.com/view/NISX20260609_0003661376","오픈AI도 IPO 비공개 신청서 제출…""시기 아직 결정 안해""","뉴시스","오픈AI IPO 추진","","","","","",""
"2026.6.9","https://www.ddaily.co.kr/page/view/2026060909393680546","삼성SDS, 과기정통부 첨단 GPU 사업 선정에 주가 강세","디지털데일리","국가 AI 인프라/AIDC/GPU 정책","","","","","",""
"2026.6.9","https://contents.premium.naver.com/ahnlaw/anlaw/contents/260608115043751vx","일베금지법 완벽정리 처벌부터 위헌 논란까지, 정말 커뮤니티 폐쇄가 가능할까","네이버 프리미엄콘텐츠","global_incident:platform_regulation:naver:platform_content_moderation_obligation","","","","","",""
"2026.6.9","https://www.thefairnews.co.kr/news/articleView.html?idxno=78988","배민 1:1 맞춤 컨설팅 통했다…외식업주 주문·매출 두 자릿수 성장","thefairnews.co.kr","배민 1:1 맞춤 컨설팅 효과","","","","","",""
"2026.6.9","https://www.businessplus.kr/news/articleView.html?idxno=112663","[마켓+]엔비디아 생태계 올라탄 'K-로봇'…'피지컬 AI' 시대 글로벌 격전지 부상","비즈니스플러스","K-로봇, 피지컬 AI 시대 글로벌 격전지 부상","","","","","",""
"2026-06-10","https://www.fnnews.com/ampNews/202606091638497938","""카톡 멈추진 않겠지""...카카오 노조, 오늘 부분 파업한다","파이낸셜뉴스","카카오 노조 임단협/파업 및 내부 갈등","https://www.fnnews.com/ampNews/202606091638497938","global_incident:platform_regulation:kakao:platform_operator_obligation","action_started","카톡 멈추진 않겠지 카카오 노조 오늘 부분 파업한다","google_rss_v28_self_rescue_competitor_summary_scope",""
"2026-06-10","https://www.etnews.com/20260609000326","개인정보위, 10일 쿠팡 제재안 심의…과징금 수위 주목","전자신문","쿠팡 개인정보 유출 관련 개인정보보호위원회 제재","https://www.etnews.com/20260609000326","v27:platform_enforcement:coupang:privacy_data_violation","litigation","개인정보위 10일 쿠팡 제재안 심의 과징금 수위 주목","google_rss_v28_self_rescue_competitor_summary_scope",""
"2026-06-10","https://news.kbs.co.kr/news/pc/view/view.do?ncd=8582084","‘와우회원가’의 함정…공정위, 쿠팡 기만 광고 제재","KBS 뉴스","쿠팡 기만 광고 제재","https://news.kbs.co.kr/news/pc/view/view.do?ncd=8582084","v27:platform_enforcement:coupang:deceptive_membership_price_ad","penalty_or_sanction","와우회원가의 함정 공정위 쿠팡 기만 광고 제재","google_rss_v28_self_rescue_competitor_summary_scope",""
"2026-06-10","http://www.timesisa.com/news/view.html?section=1&category=149&item=&no=49518","과기정통부, 피지컬 AI 핵심기술 국산화 위한 선도사업 본격 착수","시사타임즈","피지컬 AI 핵심 기술 국산화 선도사업","http://www.timesisa.com/news/view.html?section=1&category=149&item=&no=49518","global_incident:platform_regulation:kt:platform_content_moderation_obligation","decision","과기정통부 피지컬 ai 핵심기술 국산화 위한 선도사업 본격 착수","google_rss_v28_self_rescue_competitor_summary_scope",""
"2026-06-10","https://www.news1.kr/amp/finance/general-finance/6193415","[단독] 금감원, 사회공헌·광고 집행 현장조사 착수…우리금융 첫 타자","뉴스1","government_regulatory_enforcement:금감원 사회공헌 광고 집행 현장조사 착수 우리금융 첫 타자","https://www.news1.kr/amp/finance/general-finance/6193415","global_incident:platform_regulation:financial_authority:platform_algorithm_ad_obligation","investigation","금감원 사회공헌 광고 집행 현장조사 착수 우리금융 첫 타자","google_rss_v28_self_rescue_competitor_summary_scope",""
"2026-06-10","https://news.einfomax.co.kr/news/articleViewAmp.html?idxno=4419213","금감원 ""토스 중복출금 오류 재발 방지책 제출하라""…현장점검 검토 |","연합인포맥스","금융감독원, 토스 중복출금 오류 재발 방지책 제출 요구","https://news.einfomax.co.kr/news/articleViewAmp.html?idxno=4419213","global_incident:platform_regulation:toss:platform_operator_obligation","decision","금감원 토스 중복출금 오류 재발 방지책 제출하라 현장점검 검토","google_rss_v28_self_rescue_competitor_summary_scope",""
"2026-06-10","https://news.nate.com/view/20260610n25291","과기정통부·방미통위, AI·OTT 협력 강화…데이터 공유 나선다","네이트","government_ai_core_policy:과기정통부 방미통위 ai ott 협력 강화 데이터 공유 나선다","https://news.nate.com/view/20260610n25291","global_incident:platform_regulation:science_ict_ministry:platform_content_moderation_obligation","consultation","과기정통부 방미통위 ai ott 협력 강화 데이터 공유 나선다","google_rss_v28_self_rescue_competitor_summary_scope",""
"2026-06-10","https://www.mt.co.kr/amp/economy/2026/06/09/2026060909150224538","공정위, 허위·거짓광고 위반 과징금 2배 가중…감경은 축소 - 머니투데이","머니투데이","global_incident:platform_regulation:fair_trade_authority:platform_algorithm_ad_obligation","https://www.mt.co.kr/amp/economy/2026/06/09/2026060909150224538","global_incident:platform_regulation:fair_trade_authority:platform_algorithm_ad_obligation","penalty_or_sanction","공정위 허위 거짓광고 위반 과징금 2배 가중 감경은 축소","google_rss_v28_self_rescue_competitor_summary_scope",""
"2026-06-10","https://www.sisajournal.com/news/articleViewAmp.html?idxno=375936","박용진 “대형마트 주말 의무휴업 규제, 쿠팡만 키웠다”","시사저널","대형마트 주말 의무휴업 규제 관련 발언","https://www.sisajournal.com/news/articleViewAmp.html?idxno=375936","privacy_security:coupang:data_leak","vote_or_mediation","박용진 대형마트 주말 의무휴업 규제 쿠팡만 키웠다","google_rss_v28_self_rescue_competitor_summary_scope",""
"2026-06-10","https://www.newsis.com/view/NISX20260610_0003663376","과기정통부, 'AI 미래 유니콘 기업'에 리벨리온 등 15개사 선정","뉴시스","government_ai_core_policy:과기정통부 ai 미래 유니콘 기업 에 리벨리온 등 15개사 선정","https://www.newsis.com/view/NISX20260610_0003663376","event:과기정통부:ai_infrastructure_security","general","과기정통부 ai 미래 유니콘 기업 에 리벨리온 등 15개사 선정","google_rss_v28_self_rescue_competitor_summary_scope",""
"2026-06-10","https://www.etnews.com/20260610000279","네이버, 고품질 '숏폼' 생태계 만든다…'클립' 수익화 콘텐츠 기준 강화","전자신문","네이버 클립 수익화 정책 강화","https://www.etnews.com/20260610000279","privacy_security:naver:data_leak","action_started","네이버 고품질 숏폼 생태계 만든다 클립 수익화 콘텐츠 기준 강화","google_rss_v28_self_rescue_competitor_summary_scope",""
"2026-06-10","https://www.newspim.com/news/view/20260609001148","[슈퍼 IPO] 앤스로픽 대해부 ⑦매출·수익성 모두 오픈AI 앞질렀다","뉴스핌","앤트로픽, 오픈AI 대비 매출·수익성 우위","https://www.newspim.com/news/view/20260609001148","global_incident:ai_security_policy:kakao:openai_security_access","action_started","슈퍼 ipo 앤스로픽 대해부 매출 수익성 모두 오픈ai 앞질렀다","google_rss_v28_self_rescue_competitor_summary_scope",""
"2026-06-10","https://www.edaily.co.kr/News/Read?newsId=03345606645480408&mediaCodeNo=257","LG·현대차·네이버까지…AI 보안 스타트업 '에임인텔리전스'에 전략 투자","이데일리","LG·현대차·네이버 AI 보안 스타트업 투자","https://www.edaily.co.kr/News/Read?newsId=03345606645480408&mediaCodeNo=257","v27:platform_enforcement:naver:privacy_data_violation","general","lg 현대차 네이버까지 ai 보안 스타트업 에임인텔리전스 에 전략 투자","google_rss_v28_self_rescue_competitor_summary_scope",""
"2026-06-10","https://www.newsfreezone.co.kr/news/articleViewAmp.html?idxno=693821","KT, AI·데이터 광고 플랫폼 볼보 EX90 마케팅에 적용","뉴스프리존","국가 AI 인프라/AIDC/GPU 정책","https://www.newsfreezone.co.kr/news/articleViewAmp.html?idxno=693821","privacy_security:kt:data_leak","action_started","kt ai 데이터 광고 플랫폼 볼보 ex90 마케팅에 적용","google_rss_v28_self_rescue_competitor_summary_scope",""
"2026-06-12","https://news.nate.com/view/20260611n29164","""알리페이에 고객정보 넘겨""…法, 카카오페이 과징금 60억 적법 판결","네이트","카카오페이 개인정보위 과징금 행정소송 1심 패소","https://news.nate.com/view/20260611n29164","v27:platform_enforcement:kakao:privacy_data_violation","litigation","알리페이에 고객정보 넘겨 카카오페이 과징금 60억 적법 판결","google_rss_v36_locked_categories_protected_candidates",""
"2026-06-12","https://www.inven.co.kr/webzine/news?news=314725&site=destiny2","카카오게임즈, 라인야후 3천억원 투자 유치...지분구조 개편","인벤","카카오게임즈 최대주주 변경 및 공동대표 체제","https://www.inven.co.kr/webzine/news?news=314725&site=destiny2","global_incident:leadership_service:kakao:service_reform_backlash","general","카카오게임즈 라인야후 3천억원 투자 유치 지분구조 개편","google_rss_v36_locked_categories_protected_candidates",""
"2026-06-12","http://www.nbnnews.co.kr/news/articleView.html?idxno=1034636","'클로드 코드' 돌풍에 오픈AI, 챗GPT 토큰 요금 '대폭 인하' 검토","내외뉴스통신","오픈AI 챗GPT 요금 인하 검토 및 AI 경쟁 심화","http://www.nbnnews.co.kr/news/articleView.html?idxno=1034636","global_incident:ai_security_policy:kakao:anthropic_glasswing_security","consultation","클로드 코드 돌풍에 오픈ai 챗gpt 토큰 요금 대폭 인하 검토","google_rss_v36_locked_categories_protected_candidates",""
"2026-06-12","https://news.nate.com/view/20260611n13874?mid=n1101","강준현 더불어민주당 의원 ""하반기 디지털자산기본법 입법 논의할 것 [토크노미 코리아 2026]","네이트","디지털자산기본법 하반기 논의 재개","https://news.nate.com/view/20260611n13874?mid=n1101","global_incident:digital_asset_policy:digital_asset_sector:digital_asset_policy","consultation","강준현 더불어민주당 의원 하반기 디지털자산기본법 입법 논의할 것 토크노미 코리아 2026","google_rss_v36_locked_categories_protected_candidates",""
"2026-06-12","https://v.daum.net/v/QFp4shhDNc?f=p","과기정통부, AI·6G 보안 국제표준 개발 착수","v.daum.net","과기정통부 AI·6G 보안 국제표준 개발 착수","https://v.daum.net/v/QFp4shhDNc?f=p","global_incident:ai_security_policy:science_ict_ministry:ai_security_policy","rumor_or_report","과기정통부 ai 6g 보안 국제표준 개발 착수","google_rss_v36_locked_categories_protected_candidates",""
"2026-06-12","https://www.ceoscoredaily.com/page/view/2026061113230832551","SKT, 엔비디아 이어 앤트로픽도 ‘맞손’…“AI 인프라·데이터·보안, ‘날개’ 달았다”","CEO스코어데일리","국가 AI 인프라/AIDC/GPU 정책","https://www.ceoscoredaily.com/page/view/2026061113230832551","global_incident:platform_regulation:toss:platform_data_protection_obligation","penalty_or_sanction","skt 엔비디아 이어 앤트로픽도 맞손 ai 인프라 데이터 보안 날개 달았다","google_rss_v36_locked_categories_protected_candidates",""
"2026-06-12","https://www.etnews.com/20260611000099","네이버클라우드, 국방 AX 세미나서 옴니모달·FDE 기반 실전형 국방 AI 구현 방안 공개","전자신문","네이버클라우드 국방 AI 전략","https://www.etnews.com/20260611000099","privacy_security:naver:data_leak","decision","네이버클라우드 국방 ax 세미나서 옴니모달 fde 기반 실전형 국방 ai 구현 방안 공개","google_rss_v36_locked_categories_protected_candidates",""
"2026-06-13","https://www.mt.co.kr/tech/2026/06/12/2026061210494253199","[단독]창사 첫 파업 속 카카오 조직개편…비즈니스 전현수·톡부문 공석 - 머니투데이","머니투데이","카카오 노조 임단협/파업 및 내부 갈등","https://www.mt.co.kr/tech/2026/06/12/2026061210494253199","global_incident:platform_regulation:kakao:platform_content_moderation_obligation","vote_or_mediation","창사 첫 파업 속 카카오 조직개편 비즈니스 전현수 톡부문 공석","google_rss_v38_1_issue_integrity_best_article_guard",""
"2026-06-13","http://www.newsworker.co.kr/news/articleViewAmp.html?idxno=431097","티빙 개인정보 탈탈 털렸는데...카카오·네이버 연동 회원들 괜찮나요?","뉴스워커","global_incident:platform_regulation:kakao:platform_regulation","http://www.newsworker.co.kr/news/articleViewAmp.html?idxno=431097","v27:platform_enforcement:coupang:deceptive_membership_price_ad","penalty_or_sanction","티빙 개인정보 탈탈 털렸는데 카카오 네이버 연동 회원들 괜찮나요","google_rss_v38_1_issue_integrity_best_article_guard",""
"2026-06-13","http://www.ainet.link/27147","[조선시대 문헌부터 사투리까지… AI 성능 평가도 'K-스타일'로 바뀐다] 과기정통부·NIA, 연내 한국형 AI 독자 벤치마크 구축… 번역식 평가 벗어나 문맥·추론 능력 정밀 검증","AI넷","government_ai_core_policy:조선시대 문헌부터 사투리까지 ai 성능 평가도 k 스타일 로 바뀐다 과기정통부 nia 연내 한국형 ai 독자","http://www.ainet.link/27147","global_incident:platform_regulation:science_ict_ministry:platform_content_moderation_obligation","rumor_or_report","조선시대 문헌부터 사투리까지 ai 성능 평가도 k 스타일 로 바뀐다 과기정통부 nia 연내 한국형 ai 독자 벤치마크 구축 번역식 평가 벗어나 문맥 추론 능력 정밀 검증","google_rss_v38_1_issue_integrity_best_article_guard",""
"2026-06-13","https://contents.premium.naver.com/unis/something/contents/260612181343523rt","앤트로픽·구글이 매달 3조 원씩 내는 곳 — 멤피스 콜로서스 실체 분석","네이버 프리미엄콘텐츠","국가 AI 인프라/AIDC/GPU 정책","https://contents.premium.naver.com/unis/something/contents/260612181343523rt","global_incident:platform_regulation:naver:platform_content_moderation_obligation","decision","앤트로픽 구글이 매달 3조 원씩 내는 곳 멤피스 콜로서스 실체 분석","google_rss_v38_1_issue_integrity_best_article_guard",""
"2026-06-13","https://www.ddaily.co.kr/page/view/2026060916361642165","[인텔 어게인 CPU] ④ HP·레노버·델부터 韓 네이버까지…‘인텔 하이브리드 동맹’","디지털데일리","네이버 인텔 CPU 동맹","https://www.ddaily.co.kr/page/view/2026060916361642165","global_incident:platform_regulation:naver:platform_data_protection_obligation","review_scheduled","인텔 어게인 cpu hp 레노버 델부터 네이버까지 인텔 하이브리드 동맹","google_rss_v38_1_issue_integrity_best_article_guard",""
"2026-06-13","https://www.newsis.com/view/NISX20260612_0003667324","비트코인 회복 가로막는 AI 열풍…스페이스X·오픈AI 상장 러시","뉴시스","해외 AI 빅테크 IPO 및 시장 평가","https://www.newsis.com/view/NISX20260612_0003667324","global_incident:platform_regulation:openai:platform_content_moderation_obligation","action_started","비트코인 회복 가로막는 ai 열풍 스페이스x 오픈ai 상장 러시","google_rss_v38_1_issue_integrity_best_article_guard",""
"2026-06-13","https://simplywall.st/ko/stocks/us/retail/nasdaq-amzn/amazoncom/news/fe1d50ae319c96cd","아마존, 글로벌스타 애플 지분 인수로 위성 통신·주가 매력 부각","simplywall.st","아마존 위성 통신 분야 투자 (애플 연관)","https://simplywall.st/ko/stocks/us/retail/nasdaq-amzn/amazoncom/news/fe1d50ae319c96cd","global_incident:platform_regulation:apple:platform_content_moderation_obligation","investigation","아마존 글로벌스타 애플 지분 인수로 위성 통신 주가 매력 부각","google_rss_v38_1_issue_integrity_best_article_guard",""
"2026-06-14","https://www.thepublic.kr/news/articleViewAmp.html?idxno=307589","카카오페이, 4000만명 정보 알리페이 제공…법원 “60억원 과징금 정당”","더퍼블릭","카카오페이 알리페이 개인정보 제공 관련 과징금 소송 패소","https://www.thepublic.kr/news/articleViewAmp.html?idxno=307589","v27:platform_enforcement:kakao:privacy_data_violation","penalty_or_sanction","카카오페이 4000만명 정보 알리페이 제공 법원 60억원 과징금 정당","google_rss_v38_1_issue_integrity_best_article_guard",""
"2026-06-14","https://www.news1.kr/it-science/cc-newmedia/6196617","네이버·SKT, 엔비디아와 AI 협력…카카오 첫 파업[뉴스잇(IT)쥬]","뉴스1","카카오 노조 임단협/파업 및 내부 갈등","https://www.news1.kr/it-science/cc-newmedia/6196617","global_incident:platform_regulation:kakao:platform_self_preferencing","action_started","네이버 skt 엔비디아와 ai 협력 카카오 첫 파업 뉴스잇 it 쥬","google_rss_v38_1_issue_integrity_best_article_guard",""
"2026-06-14","https://www.inven.co.kr/webzine/news?news=314782&site=over","[게임주총] 카카오게임즈 ""지분구조 재편에 임직원 고용안정 명문화""","인벤","카카오게임즈 최대주주 변경 및 공동대표 체제","https://www.inven.co.kr/webzine/news?news=314782&site=over","global_incident:labor_ir:kakao:labor_ir","general","게임주총 카카오게임즈 지분구조 재편에 임직원 고용안정 명문화","google_rss_v38_1_issue_integrity_best_article_guard",""
"2026-06-14","https://news.nate.com/view/20260613n02380","[AI세계속으로]개인정보 보호 강조하는 애플표 AI…""이용자 정보 학습 X""","네이트","애플 AI 전략 및 개인정보 보호 강조","https://news.nate.com/view/20260613n02380","privacy_security:google:data_leak","action_started","ai세계속으로 개인정보 보호 강조하는 애플표 ai 이용자 정보 학습 x","google_rss_v38_1_issue_integrity_best_article_guard",""
"2026-06-14","https://www.edaily.co.kr/News/Read?newsId=02807686645481392&mediaCodeNo=257","쿠팡 과징금, 세계 최대?…개인정보위 ""메타 50억달러 사례 있다""","이데일리","쿠팡 개인정보 유출 과징금","https://www.edaily.co.kr/News/Read?newsId=02807686645481392&mediaCodeNo=257","v27:platform_enforcement:coupang:privacy_data_violation","penalty_or_sanction","쿠팡 과징금 세계 최대 개인정보위 메타 50억달러 사례 있다","google_rss_v38_1_issue_integrity_best_article_guard",""
"2026-06-14","https://www.chosun.com/economy/tech_it/2026/06/13/5YAMJYF5XRF7BNBSYAZOQRDTQE?outputType=amp","미국 정부 ‘미토스’ 해외 접속 전면 금지...앤트로픽, 서비스 중단","조선일보","앤트로픽 AI 모델 외국인 접근 차단","https://www.chosun.com/economy/tech_it/2026/06/13/5YAMJYF5XRF7BNBSYAZOQRDTQE?outputType=amp","privacy_security:toss:data_leak","decision","미국 정부 미토스 해외 접속 전면 금지 앤트로픽 서비스 중단","google_rss_v38_1_issue_integrity_best_article_guard",""
"2026-06-14","https://www.aitimes.com/news/articleView.html?idxno=211704","미 주정부 연합, 오픈AI 전격 조사…취약계층 보호·기술 결함 검증","AI타임스","오픈AI IPO 전망 및 美 주검찰 조사","https://www.aitimes.com/news/articleView.html?idxno=211704","global_incident:platform_regulation:google:platform_content_moderation_obligation","investigation","미 주정부 연합 오픈ai 전격 조사 취약계층 보호 기술 결함 검증","google_rss_v38_1_issue_integrity_best_article_guard",""
"2026-06-14","https://news.nate.com/view/20260614n01246","'린 AI 네이티브'가 뜬다…AI가 바꾸는 中 창업 생태계","네이트","중국 AI 스타트업 생태계 성장","https://news.nate.com/view/20260614n01246","global_incident:platform_regulation:apple:platform_content_moderation_obligation","action_started","린 ai 네이티브 가 뜬다 ai가 바꾸는 창업 생태계","google_rss_v38_1_issue_integrity_best_article_guard",""
"2026-06-14","https://www.aitimes.com/news/articleView.html?idxno=211707","중국, 미 국방부 기술 기업 블랙리스트 조치에 “정상회담 합의 훼손” 반발","AI타임스","미중 기술 패권 갈등 심화 (AI 기업 블랙리스트)","https://www.aitimes.com/news/articleView.html?idxno=211707","global_incident:platform_regulation:platform_sector:platform_algorithm_ad_obligation","decision","중국 미 국방부 기술 기업 블랙리스트 조치에 정상회담 합의 훼손 반발","google_rss_v38_1_issue_integrity_best_article_guard",""
"2026-06-15","https://www.sedaily.com/article/20055643","카카오벤처스, LP 소통 플랫폼 ‘KV 파트너스’ 베타 출시","서울경제","카카오벤처스 LP 소통 플랫폼 출시","https://www.sedaily.com/article/20055643","global_incident:platform_regulation:kakao:platform_operator_obligation","review_scheduled","카카오벤처스 lp 소통 플랫폼 kv 파트너스 베타 출시","google_rss_v40_enforcement_dedupe_self_soft_fallback",""
"2026-06-15","https://besuccess.com?p=183872","데이트리스 ‘파운더브리프’, 중기부·창진원 ‘모두의 창업’ AI 공급 플랫폼 선정","beSUCCESS","중기부 AI 창업 지원 정책","https://besuccess.com?p=183872","global_incident:platform_regulation:platform_sector:platform_content_moderation_obligation","decision","데이트리스 파운더브리프 중기부 창진원 모두의 창업 ai 공급 플랫폼 선정","google_rss_v40_enforcement_dedupe_self_soft_fallback",""
"2026-06-15","https://zdnet.co.kr/view?no=20260615133234","AI '미토스' 리스크에 망분리 규제 완화…KB국민·농협은행 '다음 기회로'","지디넷코리아","AI 관련 금융권 망분리 규제 동향","https://zdnet.co.kr/view?no=20260615133234","privacy_security:kakao:security_incident","decision","ai 미토스 리스크에 망분리 규제 완화 kb국민 농협은행 다음 기회로","google_rss_v40_enforcement_dedupe_self_soft_fallback",""
"2026-06-15","http://knpp.co.kr/news/511032","공정위, 반복 허위·과장 광고 기업 과징금 최대 2배 상향…감경 기준도 강화","한국공공정책신문","공정위 광고 규제 강화","http://knpp.co.kr/news/511032","global_incident:platform_regulation:fair_trade_authority:platform_algorithm_ad_obligation","penalty_or_sanction","공정위 반복 허위 과장 광고 기업 과징금 최대 2배 상향 감경 기준도 강화","google_rss_v40_enforcement_dedupe_self_soft_fallback",""
"2026-06-15","https://www.mt.co.kr/tech/2026/06/15/2026061512363778323","과징금 6247억, 철퇴 맞은 쿠팡…""방미통위 제재도 조만간 개시"" - 머니투데이","머니투데이","쿠팡 공정위 과징금 부과 (자사우대/기만광고) AND 쿠팡 납치광고 방미통위 심의 착수","https://www.mt.co.kr/tech/2026/06/15/2026061512363778323","v27:platform_enforcement:coupang:deceptive_membership_price_ad","penalty_or_sanction","과징금 6247억 철퇴 맞은 쿠팡 방미통위 제재도 조만간 개시","google_rss_v40_enforcement_dedupe_self_soft_fallback",""
"2026-06-15","https://v.daum.net/v/20260615120322188","구글 인앱결제 과징금 속도…김종철 방미통위원장 ""조만간 공식화""","v.daum.net","방미통위, 구글·애플 인앱결제 제재 공식화","https://v.daum.net/v/20260615120322188","v27:platform_enforcement:google:app_market_payment_fee","penalty_or_sanction","구글 인앱결제 과징금 속도 김종철 방미통위원장 조만간 공식화","google_rss_v40_enforcement_dedupe_self_soft_fallback",""
"2026-06-15","https://v.daum.net/v/20260615100048344","국방 AX 힘 싣는 네이버클라우드…""2030년 전군 AI 에이전트 확산""","v.daum.net","네이버클라우드 국방 AX 전략 및 경량 AI 모델 공개","https://v.daum.net/v/20260615100048344","global_incident:platform_regulation:naver:platform_content_moderation_obligation","decision","국방 ax 힘 싣는 네이버클라우드 2030년 전군 ai 에이전트 확산","google_rss_v40_enforcement_dedupe_self_soft_fallback",""
"2026-06-15","https://www.pressman.kr/news/articleView.html?idxno=102252","엔비디아가 SKT 손잡은 이유… AI 시대엔 토큰이 돈 된다","프레스맨","국가 AI 인프라/AIDC/GPU 정책","https://www.pressman.kr/news/articleView.html?idxno=102252","global_incident:platform_regulation:google:platform_data_protection_obligation","action_started","엔비디아가 skt 손잡은 이유 ai 시대엔 토큰이 돈 된다","google_rss_v40_enforcement_dedupe_self_soft_fallback",""
"2026-06-15","https://www.yna.co.kr/view/AKR20260614002751091?section=international%2Fnorth-america","美정부, 앤트로픽 AI 수출통제 오픈AI 등으로 확대 안해(종합)","연합뉴스","global_incident:ai_security_policy:openai:anthropic_glasswing_security","https://www.yna.co.kr/view/AKR20260614002751091?section=international%2Fnorth-america","global_incident:platform_regulation:toss:platform_operator_obligation","decision","정부 앤트로픽 ai 수출통제 오픈ai 등으로 확대 안해","google_rss_v40_enforcement_dedupe_self_soft_fallback",""
"2026-06-15","https://www.financialpost.co.kr/news/articleView.html?idxno=262475","신한투자증권 등 SK텔레콤 '앤트로픽 베팅' 3년의 결실 촉각...""10배 수익"" 풀이","파이낸셜포스트","SKT, 앤트로픽 추가 투자","https://www.financialpost.co.kr/news/articleView.html?idxno=262475","global_incident:digital_asset_policy:google:sto_policy","review_scheduled","신한투자증권 등 sk텔레콤 앤트로픽 베팅 3년의 결실 촉각 10배 수익 풀이","google_rss_v40_enforcement_dedupe_self_soft_fallback",""
"2026-06-16","https://www.sentv.co.kr/article/view/sentv202606150045","총파업 앞둔 카카오, 조직개편…노사 긴장 속 수익화 방점","서울경제TV","카카오 노조 임단협/파업 및 내부 갈등","https://www.sentv.co.kr/article/view/sentv202606150045","privacy_security:kakao:data_leak","action_started","총파업 앞둔 카카오 조직개편 노사 긴장 속 수익화 방점","google_rss_v43_quality_gated_minima_anti_overdelete",""
"2026-06-16","https://bloomingbit.io/feed/news/114339","금융위 ""법인 가상자산 시장 참여 올해 꼭 추진""","블루밍비트","금융위 법인 디지털자산 시장 참여 추진","https://bloomingbit.io/feed/news/114339","global_incident:platform_regulation:financial_authority:platform_operator_obligation","action_started","금융위 법인 가상자산 시장 참여 올해 꼭 추진","google_rss_v43_quality_gated_minima_anti_overdelete",""
"2026-06-16","https://v.daum.net/v/20260616160136228","""지역 중심 AI 인프라 구축""…정부, AIDC 특별법 논의의 장 마련","v.daum.net","AI 정책 컨트롤타워 인선/공백","https://v.daum.net/v/20260616160136228","global_incident:platform_enforcement:openai:delivery_platform_fee_mfn","decision","지역 중심 ai 인프라 구축 정부 aidc 특별법 논의의 장 마련","google_rss_v43_quality_gated_minima_anti_overdelete",""
"2026-06-16","https://www.seconomy.kr/news/articleView.html?idxno=139800","네이버클라우드, 국방용 경량 옴니모달 AI 공개","공유경제신문","네이버클라우드 국방 특화 AI 공개","https://www.seconomy.kr/news/articleView.html?idxno=139800","global_incident:platform_regulation:naver:platform_content_moderation_obligation","action_started","네이버클라우드 국방용 경량 옴니모달 ai 공개","google_rss_v43_quality_gated_minima_anti_overdelete",""
"2026-06-16","https://www.mt.co.kr/amp/tech/2026/06/15/2026061414100264355","쿠팡이 세계 최대? 메타는 50억달러…'과징금 비교'의 함정 - 머니투데이","머니투데이","쿠팡 공정위 과징금","https://www.mt.co.kr/amp/tech/2026/06/15/2026061414100264355","v27:platform_enforcement:coupang:privacy_data_violation","penalty_or_sanction","쿠팡이 세계 최대 메타는 50억달러 과징금 비교 의 함정","google_rss_v43_quality_gated_minima_anti_overdelete",""
"2026-06-16","https://www.etnews.com/20260616000293","네이버클라우드, 글로벌 해킹대회 상위 1%…보안 경쟁력 입증","전자신문","global_incident:privacy_security:naver:naver","https://www.etnews.com/20260616000293","privacy_security:naver:data_leak","decision","네이버클라우드 글로벌 해킹대회 상위 1 보안 경쟁력 입증","google_rss_v43_quality_gated_minima_anti_overdelete",""
"2026-06-16","https://www.pinpointnews.co.kr/news/articleView.html?idxno=460510","금융위, 30년 된 신용정보 동의제도 손질…AI·대안신용평가 규제 완화 시동","핀포인트뉴스","금융위 신용정보법 개정 (AI·금융 규제 완화)","https://www.pinpointnews.co.kr/news/articleView.html?idxno=460510","global_incident:platform_regulation:financial_authority:platform_data_protection_obligation","decision","금융위 30년 된 신용정보 동의제도 손질 ai 대안신용평가 규제 완화 시동","google_rss_v43_quality_gated_minima_anti_overdelete",""
"2026-06-17","https://www.businesspost.co.kr/BP?command=article_view&num=440121","카카오 카카오톡 채팅방에 '챗GPT 챗봇' 호출기능 도입, 대화 중 사용 가능","비즈니스포스트","카카오톡 내 ChatGPT 연동","https://www.businesspost.co.kr/BP?command=article_view&num=440121","global_incident:ai_security_policy:kakao:openai_security_access","review_scheduled","카카오 카카오톡 채팅방에 챗gpt 챗봇 호출기능 도입 대화 중 사용 가능","google_rss_v44_final_artifact_sync_only","CEO_Morning_Briefing"
"2026-06-17","https://www.inthenews.co.kr/news/article.html?no=88133","카카오뱅크 몽골 진출준비 착착…윤호영 대표 중앙은행 총재와 판교회동","인더뉴스","카카오뱅크 판교 조직/거점 일원화","https://www.inthenews.co.kr/news/article.html?no=88133","global_incident:platform_regulation:kakao:platform_data_protection_obligation","action_started","카카오뱅크 몽골 진출준비 착착 윤호영 대표 중앙은행 총재와 판교회동","google_rss_v44_final_artifact_sync_only","CEO_Morning_Briefing"
"2026-06-17","https://news.nate.com/view/20260617n05665","카카오모빌리티, 보령머드축제 셔틀 서비스 운영","네이트","self_strategic_reference:카카오모빌리티 보령머드축제 셔틀 서비스 운영","https://news.nate.com/view/20260617n05665","global_incident:platform_regulation:kakao:platform_regulation","review_scheduled","카카오모빌리티 보령머드축제 셔틀 서비스 운영","google_rss_v44_final_artifact_sync_only","CEO_Morning_Briefing"
"2026-06-17","https://www.toptvkorea.com/news/496979","쿠팡 '심판이자 선수' 규제 사각지대 확대…공정위 칼날 어디까지","toptvkorea.com","global_incident:platform_regulation:coupang:platform_operator_obligation","https://www.toptvkorea.com/news/496979","v27:platform_enforcement:coupang:deceptive_membership_price_ad","penalty_or_sanction","쿠팡 심판이자 선수 규제 사각지대 확대 공정위 칼날 어디까지","google_rss_v44_final_artifact_sync_only","CEO_Morning_Briefing"
"2026-06-17","https://sisaissue.com/View.aspx?No=4113670","""버틸 수 있나""…6246억 과징금, 쿠팡-정부 다툼에 '조용히 웃는' 대형 로펌","시사의창","쿠팡_공정위_과징금_제재","https://sisaissue.com/View.aspx?No=4113670","v27:platform_enforcement:coupang:deceptive_membership_price_ad","litigation","버틸 수 있나 6246억 과징금 쿠팡 정부 다툼에 조용히 웃는 대형 로펌","google_rss_v44_final_artifact_sync_only","CEO_Morning_Briefing"
"2026-06-17","https://www.edaily.co.kr/News/Read?newsId=03135686645482704&mediaCodeNo=257","美 앤스로픽 '차단' 속…과기정통부, 오픈AI와 'AI 안전' 협력 강화","이데일리","과기정통부-오픈AI AI 안전 협력 강화","https://www.edaily.co.kr/News/Read?newsId=03135686645482704&mediaCodeNo=257","privacy_security:toss:data_leak","decision","앤스로픽 차단 속 과기정통부 오픈ai와 ai 안전 협력 강화","google_rss_v44_final_artifact_sync_only","CEO_Morning_Briefing"
"2026-06-17","https://www.newswhoplus.com/news/articleView.html?idxno=62442","과기정통부, 오픈AI와 안전협약…고위험 AI '평가기준' 맞춘다","뉴스후플러스","정부-오픈AI AI 안전 협력 강화 및 평가기준 마련","https://www.newswhoplus.com/news/articleView.html?idxno=62442","global_incident:platform_regulation:openai:platform_operator_obligation","decision","과기정통부 오픈ai와 안전협약 고위험 ai 평가기준 맞춘다","google_rss_v44_final_artifact_sync_only","CEO_Morning_Briefing"
"2026-06-17","https://news.nate.com/view/20260617n09580?mid=n0100","KT그룹 희망나눔재단, 'K-AI 콘텐츠 공모전'…과기정통부 '전국민 AI 경진대회' 연계","네이트","과기정통부_KT그룹_K-AI_콘텐츠_공모전_연계","https://news.nate.com/view/20260617n09580?mid=n0100","privacy_security:kt:data_leak","action_started","kt그룹 희망나눔재단 k ai 콘텐츠 공모전 과기정통부 전국민 ai 경진대회 연계","google_rss_v44_final_artifact_sync_only","CEO_Morning_Briefing"
"2026-06-17","https://www.techdaily.co.kr/news/articleView.html?idxno=28763","네이버클라우드, 국방 특화 ‘HyperCLOVA X SEED 4B’ 공개… 드론·전술차량 AI 확대","테크데일리","네이버클라우드 국방 특화 AI 모델 출시","https://www.techdaily.co.kr/news/articleView.html?idxno=28763","global_incident:platform_regulation:naver:platform_content_moderation_obligation","decision","네이버클라우드 국방 특화 hyperclova x seed 4b 공개 드론 전술차량 ai 확대","google_rss_v44_final_artifact_sync_only","CEO_Morning_Briefing"
"2026-06-17","https://zdnet.co.kr/view?no=20260617091222","네이버, 광고 전문가 인증제 도입…공식 파트너 역량 검증한다","지디넷코리아","네이버 광고 전문가 인증제 도입","https://zdnet.co.kr/view?no=20260617091222","global_incident:platform_regulation:naver:platform_algorithm_ad_obligation","review_scheduled","네이버 광고 전문가 인증제 도입 공식 파트너 역량 검증한다","google_rss_v44_final_artifact_sync_only","CEO_Morning_Briefing"
"2026-06-17","https://dealsiteplus.co.kr/articles/163669","LGU+, 이용자 보호 '매우우수'…과징금 감경 '유예'","딜사이트 플러스","LGU+ 이용자 보호 등급 및 과징금 감경","https://dealsiteplus.co.kr/articles/163669","privacy_security:kakao:data_leak","penalty_or_sanction","lgu+ 이용자 보호 매우우수 과징금 감경 유예","google_rss_v44_final_artifact_sync_only","CEO_Morning_Briefing"
"2026-06-17","https://www.aifnlife.co.kr/news/articleView.html?idxno=27237","[AI 인사이드] AI 검색 전성기에도 네이버 독주…“생성형 AI가 정보 탐색 100% 못 채운다”","AI라이프경제","네이버 AI 검색 전략 및 시장 분석","https://www.aifnlife.co.kr/news/articleView.html?idxno=27237","global_incident:platform_regulation:kakao:platform_content_moderation_obligation","review_scheduled","ai 인사이드 ai 검색 전성기에도 네이버 독주 생성형 ai가 정보 탐색 100 못 채운다","google_rss_v44_final_artifact_sync_only","CEO_Morning_Briefing"
"2026-06-17","https://news.nate.com/view/20260617n08078?mid=n0105","네이버, 중소기업 찾아가는 개인정보보호 컨설팅 지원","네이트","네이버 중소기업 개인정보 컨설팅 지원","https://news.nate.com/view/20260617n08078?mid=n0105","privacy_security:naver:data_leak","investigation","네이버 중소기업 찾아가는 개인정보보호 컨설팅 지원","google_rss_v44_final_artifact_sync_only","CEO_Morning_Briefing"
"2026-06-17","https://www.tokenpost.kr/news/breaking/369900","IMF “나이지리아 스테이블코인 해외송금 급증…규제 보완 필요”","tokenpost.kr","IMF 나이지리아 스테이블코인 규제 보완 요청","https://www.tokenpost.kr/news/breaking/369900","global_incident:platform_regulation:meta:platform_data_protection_obligation","rumor_or_report","imf 나이지리아 스테이블코인 해외송금 급증 규제 보완 필요","google_rss_v44_final_artifact_sync_only","CEO_Morning_Briefing"
"2026-06-19","https://news.nate.com/view/20260618n27269","법원 ""카카오 음원서비스 과징금 위법""…공정위 처분 취소","네이트","global_incident:platform_regulation:kakao:platform_operator_obligation","https://news.nate.com/view/20260618n27269","v27:platform_enforcement:kakao:consumer_dark_pattern","penalty_or_sanction","법원 카카오 음원서비스 과징금 위법 공정위 처분 취소","google_rss_v44_final_artifact_sync_only","CEO_Morning_Briefing"
"2026-06-19","https://www.digitaltoday.co.kr/news/articleView.html?idxno=676385","차AI헬스케어, 카카오헬스케어 지분 26.91% 확보","디지털투데이","global_incident:mna_capital:kakao:mna_capital","https://www.digitaltoday.co.kr/news/articleView.html?idxno=676385","global_incident:platform_regulation:kakao:platform_operator_obligation","decision","차ai헬스케어 카카오헬스케어 지분 26 91 확보","google_rss_v44_final_artifact_sync_only","CEO_Morning_Briefing"
"2026-06-19","https://mobile.newsis.com/view_amp.html?ar_id=NISX20260618_0003674641","'멜론 중도해지 고지 미흡' 카카오, 과징금 소송 파기환송심 승소","뉴시스","global_incident:platform_enforcement:kakao:consumer_dark_pattern","https://mobile.newsis.com/view_amp.html?ar_id=NISX20260618_0003674641","v27:platform_enforcement:kakao:consumer_dark_pattern","penalty_or_sanction","멜론 중도해지 고지 미흡 카카오 과징금 소송 파기환송심 승소","google_rss_v44_final_artifact_sync_only","CEO_Morning_Briefing"
"2026-06-19","https://www.autodaily.co.kr/news/articleViewAmp.html?idxno=545019","해킹사고 KT, 수천억대 과징금 부과 전망…개인정보위 최종 처분 임박","엠투데이","KT 개인정보위 대규모 과징금 (쿠팡 선례)","https://www.autodaily.co.kr/news/articleViewAmp.html?idxno=545019","v27:platform_enforcement:coupang:privacy_data_violation","penalty_or_sanction","해킹사고 kt 수천억대 과징금 부과 전망 개인정보위 최종 처분 임박","google_rss_v44_final_artifact_sync_only","CEO_Morning_Briefing"
"2026-06-19","https://www.kairnews.com/news/497571","법무법인 광장 공정거래 세미나, 네이버 쇼핑 판결·차액가맹금 대법원 판례 집중 분석","한국AI부동산신문","comp_domestic_ai_platform:법무법인 광장 공정거래 세미나 네이버 쇼핑 판결 차액가맹금 대법원 판례 집중 분석","https://www.kairnews.com/news/497571","v27:platform_enforcement:naver:self_preferencing_algorithm","litigation","법무법인 광장 공정거래 세미나 네이버 쇼핑 판결 차액가맹금 대법원 판례 집중 분석","google_rss_v44_final_artifact_sync_only","CEO_Morning_Briefing"
"2026-06-19","https://www.etoday.co.kr/news/view/2595327","자율주행 AI 학습데이터 표준안 나온다…정부, E2E 데이터 가이드라인 공개","이투데이","global_incident:platform_regulation:platform_sector:platform_data_protection_obligation","https://www.etoday.co.kr/news/view/2595327","global_incident:platform_regulation:toss:platform_content_moderation_obligation","action_started","자율주행 ai 학습데이터 표준안 나온다 정부 e2e 데이터 가이드라인 공개","google_rss_v44_final_artifact_sync_only","CEO_Morning_Briefing"
"2026-06-19","https://www.edaily.co.kr/News/Read?newsId=04342726645483360&mediaCodeNo=257","AI 컨트롤타워 된 과기정통부…노사, 근무환경 개선 착수","이데일리","AI 정책 컨트롤타워 인선/공백","https://www.edaily.co.kr/News/Read?newsId=04342726645483360&mediaCodeNo=257","global_incident:labor_ir:science_ict_ministry:bonus_compensation_dispute","action_started","ai 컨트롤타워 된 과기정통부 노사 근무환경 개선 착수","google_rss_v44_final_artifact_sync_only","CEO_Morning_Briefing"
"2026-06-19","https://www.etnews.com/20260619000136","과기정통부 주도 '피지컬 AI 얼라이언스' 2기 출범…실행형 협력체계 전환","전자신문","government_ai_core_policy:과기정통부 주도 피지컬 ai 얼라이언스 2기 출범 실행형 협력체계 전환","https://www.etnews.com/20260619000136","global_incident:platform_regulation:science_ict_ministry:platform_data_protection_obligation","action_started","과기정통부 주도 피지컬 ai 얼라이언스 2기 출범 실행형 협력체계 전환","google_rss_v44_final_artifact_sync_only","CEO_Morning_Briefing"
"2026-06-19","https://zdnet.co.kr/view?no=20260618174334","KT ""부울경 지역 기업 AX 돕겠다...보안·비용절감 자신""","지디넷코리아","국가 AI 인프라/AIDC/GPU 정책","https://zdnet.co.kr/view?no=20260618174334","privacy_security:kt:data_leak","rumor_or_report","kt 부울경 지역 기업 ax 돕겠다 보안 비용절감 자신","google_rss_v44_final_artifact_sync_only","CEO_Morning_Briefing"
"2026-06-19","https://www.newsspace.kr/news/article.html?no=14395","[이슈&논란] SK텔레콤, 앤트로픽 수출 통제의 배후 기업으로 지목…초고성능 AI모델, 워싱턴 인가제(licensing)로 전환되나","뉴스스페이스","global_incident:ai_security_policy:skt:anthropic_glasswing_security","https://www.newsspace.kr/news/article.html?no=14395","global_incident:platform_enforcement:toss:consumer_dark_pattern","decision","이슈 논란 sk텔레콤 앤트로픽 수출 통제의 배후 기업으로 지목 초고성능 ai모델 워싱턴 인가제 licensing 로 전환되나","google_rss_v44_final_artifact_sync_only","CEO_Morning_Briefing"
"2026-06-19","https://www.jabon.co.kr/news/articleView.html?idxno=4235","[6.19 개장 전 공시] 아이크래프트 네이버클라우드 518억 수주, HD현대마린 280억 계약","jabon.co.kr","네이버클라우드 수주 실적","https://www.jabon.co.kr/news/articleView.html?idxno=4235","global_incident:leadership_service:kakao:executive_change","decision","6 19 개장 전 공시 아이크래프트 네이버클라우드 518억 수주 hd현대마린 280억 계약","google_rss_v44_final_artifact_sync_only","CEO_Morning_Briefing"
"2026-06-19","https://v.daum.net/v/3VI8I33G1Z","농진청, 네이버클라우드와 '농업 AX' 논의…""일하는 방식 혁신""","v.daum.net","네이버클라우드-농진청 농업 AX 협력","https://v.daum.net/v/3VI8I33G1Z","global_incident:platform_regulation:naver:platform_data_protection_obligation","rumor_or_report","농진청 네이버클라우드와 농업 ax 논의 일하는 방식 혁신","google_rss_v44_final_artifact_sync_only","CEO_Morning_Briefing"
"2026-06-19","https://www.etnews.com/20260618000002","앤트로픽, 서울 사무소 공식 출범…네이버·넥슨·LG CNS 등과 전방위 협력","전자신문","앤트로픽 한국 진출 및 국내 기업 협력","https://www.etnews.com/20260618000002","global_incident:platform_regulation:naver:platform_operator_obligation","decision","앤트로픽 서울 사무소 공식 출범 네이버 넥슨 lg cns 등과 전방위 협력","google_rss_v44_final_artifact_sync_only","CEO_Morning_Briefing"
"2026-06-22","https://news.mtn.co.kr/news-detail/2026061815103598695","메타·카카오 이긴 개보위, 이번엔 쿠팡...숙제는 '소송 예산'","MTN 머니투데이방송","self_legal_regulatory:메타 카카오 이긴 개보위 이번엔 쿠팡 숙제는 소송 예산","https://news.mtn.co.kr/news-detail/2026061815103598695","","general","메타 카카오 이긴 개보위 이번엔 쿠팡 숙제는 소송 예산","google_rss_v44_final_artifact_sync_only","CEO_Morning_Briefing"
"2026-06-22","https://mobile.inews24.com/v/1295194","다날, 카카오게임즈 대표적 수혜주 부각-KTB투자證","아이뉴스24","global_incident:leadership_service:kakao:leadership_service","https://mobile.inews24.com/v/1295194","global_incident:leadership_service:kakao:leadership_service","general","다날 카카오게임즈 대표적 수혜주 부각 ktb투자","google_rss_v44_final_artifact_sync_only","CEO_Morning_Briefing"
"2026-06-22","https://www.edaily.co.kr/News/Read?newsId=02797846645484344&mediaCodeNo=257","""주주가치 훼손 않는 협력만""…카카오게임즈, 라인게임즈 합병설 선 긋기","이데일리","global_incident:mna_capital:kakao:mna_capital","https://www.edaily.co.kr/News/Read?newsId=02797846645484344&mediaCodeNo=257","global_incident:platform_regulation:kakao:platform_operator_obligation","decision","주주가치 훼손 않는 협력만 카카오게임즈 라인게임즈 합병설 선 긋기","google_rss_v44_final_artifact_sync_only","CEO_Morning_Briefing"
"2026-06-22","https://www.sjsori.com/news/articleView.html?idxno=86908","한투운용 스페이스X ETF 광고 논란…금감원 검사·경찰 내사 착수(1부)","세종의소리","government_regulatory_enforcement:한투운용 스페이스x etf 광고 논란 금감원 검사 경찰 내사 착수 1부","https://www.sjsori.com/news/articleView.html?idxno=86908","event:금감원:legal_regulatory_enforcement+service_reform_backlash","investigation","한투운용 스페이스x etf 광고 논란 금감원 검사 경찰 내사 착수 1부","google_rss_v44_final_artifact_sync_only","CEO_Morning_Briefing"
"2026-06-22","https://www.lawtimes.co.kr/news/articleViewAmp.html?idxno=222325","금융위원회 인공지능 가이드라인 발표에 따른 기업지배구조 변화","법률신문","금융권 AI 도입 가이드라인/모범사례","https://www.lawtimes.co.kr/news/articleViewAmp.html?idxno=222325","global_incident:platform_regulation:financial_authority:platform_operator_obligation","decision","금융위원회 인공지능 가이드라인 발표에 따른 기업지배구조 변화","google_rss_v44_final_artifact_sync_only","CEO_Morning_Briefing"
"2026-06-22","https://www.digitalasset.works/news/articleView.html?idxno=41573","[전문] 민주 안도걸 ""후반기 국회 곧 개원...디지털자산기본법 제정 속도""","디지털애셋","global_incident:digital_asset_policy:digital_asset_sector:digital_asset_policy","https://www.digitalasset.works/news/articleView.html?idxno=41573","global_incident:platform_regulation:digital_asset_sector:platform_transaction_user_protection_obligation","general","전문 민주 안도걸 후반기 국회 곧 개원 디지털자산기본법 제정 속도","google_rss_v44_final_artifact_sync_only","CEO_Morning_Briefing"
"2026-06-22","https://www.techdaily.co.kr/news/articleViewAmp.html?idxno=28803","과기정통부, 피지컬 AI 얼라이언스 2기 출범... 로봇·AI반도체·데이터센터 총집결","테크데일리","government_ai_core_policy:과기정통부 피지컬 ai 얼라이언스 2기 출범 로봇 ai반도체 데이터센터 총집결","https://www.techdaily.co.kr/news/articleViewAmp.html?idxno=28803","global_incident:platform_regulation:science_ict_ministry:platform_data_protection_obligation","action_started","과기정통부 피지컬 ai 얼라이언스 2기 출범 로봇 ai반도체 데이터센터 총집결","google_rss_v44_final_artifact_sync_only","CEO_Morning_Briefing"
"2026-06-22","https://www.financialpost.co.kr/news/articleView.html?idxno=263491","[현장] 국회서 디지털자산 제도화 논의…""금융권 역할·스테이블코인 기준 정해야""","파이낸셜포스트","global_incident:digital_asset_policy:digital_asset_sector:stablecoin_policy","https://www.financialpost.co.kr/news/articleView.html?idxno=263491","global_incident:platform_regulation:digital_asset_sector:platform_algorithm_ad_obligation","action_started","현장 국회서 디지털자산 제도화 논의 금융권 역할 스테이블코인 기준 정해야","google_rss_v44_final_artifact_sync_only","CEO_Morning_Briefing"
"2026-06-22","https://www.choicestock.co.kr/stock/news_view/154492?bu=","네이버 투자에 엔비디아도 찜한 K-AI, 휴머노이드로 비바테크 접수","초이스스탁","comp_domestic_ai_platform:네이버 투자에 엔비디아도 찜한 k ai 휴머노이드로 비바테크 접수","https://www.choicestock.co.kr/stock/news_view/154492?bu=","event:네이버:ai_infrastructure_security","general","네이버 투자에 엔비디아도 찜한 k ai 휴머노이드로 비바테크 접수","google_rss_v44_final_artifact_sync_only","CEO_Morning_Briefing"
"2026-06-22","https://m.wowtv.co.kr/NewsCenter/AMP/Read?articleId=AKR20260619151900017","네이버 검색 80% 찍었다…AI탭 출시 후 점유율 ＇껑충＇","한국경제TV","comp_domestic_ai_platform:네이버 검색 80 찍었다 ai탭 출시 후 점유율 껑충","https://m.wowtv.co.kr/NewsCenter/AMP/Read?articleId=AKR20260619151900017","v27:platform_enforcement:naver:deceptive_membership_price_ad","action_started","네이버 검색 80 찍었다 ai탭 출시 후 점유율 껑충","google_rss_v44_final_artifact_sync_only","CEO_Morning_Briefing"
"2026-06-22","https://www.speconomy.com/news/articleView.html?idxno=415201","LGU+, MS 코파일럿 사내 도입 한 달 만에 전사 이용률 80% 돌파","스페셜경제","comp_domestic_strategy:lgu+ ms 코파일럿 사내 도입 한 달 만에 전사 이용률 80 돌파","https://www.speconomy.com/news/articleView.html?idxno=415201","global_incident:platform_regulation:google:platform_content_moderation_obligation","general","lgu+ ms 코파일럿 사내 도입 한 달 만에 전사 이용률 80 돌파","google_rss_v44_final_artifact_sync_only","CEO_Morning_Briefing"
"2026-06-22","https://www.newstomato.com/ReadNews.aspx?no=1304749","(앤트로픽 쇼크)""파트너십 리스크에 10조 증발까지""…동맹 빛바랜 SKT","뉴스토마토","국가 AI 인프라/AIDC/GPU 정책","https://www.newstomato.com/ReadNews.aspx?no=1304749","global_incident:platform_regulation:toss:platform_content_moderation_obligation","penalty_or_sanction","앤트로픽 쇼크 파트너십 리스크에 10조 증발까지 동맹 빛바랜 skt","google_rss_v44_final_artifact_sync_only","CEO_Morning_Briefing"
"2026-06-22","https://news.nate.com/view/20260622n18847","구글, 폐기 픽셀폰 2000대로 데이터센터 만든다…저비용 서버 실험 추진","네이트","comp_overseas_regulation_data:구글 폐기 픽셀폰 2000대로 데이터센터 만든다 저비용 서버 실험 추진","https://news.nate.com/view/20260622n18847","global_incident:platform_regulation:google:platform_regulation","review_scheduled","구글 폐기 픽셀폰 2000대로 데이터센터 만든다 저비용 서버 실험 추진","google_rss_v44_final_artifact_sync_only","CEO_Morning_Briefing"
"2026-06-23","https://biz.sbs.co.kr/amp/article/20000318233","광고 확대하는 카카오…톡딜·선물하기 '카탈로그'","biz.sbs.co.kr.","global_incident:platform_regulation:kakao:platform_algorithm_ad_obligation","https://biz.sbs.co.kr/amp/article/20000318233","privacy_security:kakao:data_leak","review_scheduled","광고 확대하는 카카오 톡딜 선물하기 카탈로그","google_rss_v44_final_artifact_sync_only","CEO_Morning_Briefing"
"2026-06-23","https://www.thelec.kr/news/articleView.html?idxno=58423","카카오게임즈, 해외 김태환·국내 이시우 '투톱'...투자·인수 추진","디일렉","카카오게임즈 최대주주 변경 및 공동대표 체제","https://www.thelec.kr/news/articleView.html?idxno=58423","global_incident:leadership_service:kakao:executive_change","decision","카카오게임즈 해외 김태환 국내 이시우 투톱 투자 인수 추진","google_rss_v44_final_artifact_sync_only","CEO_Morning_Briefing"
"2026-06-23","http://www.wikileaks-kr.org/news/articleView.html?idxno=188869","정보보호 분야 340억원 투입…카카오, AI 경쟁 속 보안도 투자한다","위키리크스한국","self_privacy_security:정보보호 분야 340억원 투입 카카오 ai 경쟁 속 보안도 투자한다","http://www.wikileaks-kr.org/news/articleView.html?idxno=188869","v27:platform_enforcement:kakao:privacy_data_violation","action_started","정보보호 분야 340억원 투입 카카오 ai 경쟁 속 보안도 투자한다","google_rss_v44_final_artifact_sync_only","CEO_Morning_Briefing"
"2026-06-23","https://www.pinpointnews.co.kr/news/articleView.html?idxno=462026","""최대 2000억"" 과징금 부과 앞둔 KT, 쿠팡·SKT 선례에 '긴장'","핀포인트뉴스","global_incident:platform_regulation:coupang:coupang_designation_disclosure","https://www.pinpointnews.co.kr/news/articleView.html?idxno=462026","v27:platform_enforcement:coupang:privacy_data_violation","penalty_or_sanction","최대 2000억 과징금 부과 앞둔 kt 쿠팡 skt 선례에 긴장","google_rss_v44_final_artifact_sync_only","CEO_Morning_Briefing"
"2026-06-23","http://www.newsroad.co.kr/news/articleView.html?idxno=60777","금감원, '스페이스X 공모' 과장광고 논란에 현장검사…한투운용 등 겨냥","뉴스로드","government_regulatory_enforcement:금감원 스페이스x 공모 과장광고 논란에 현장검사 한투운용 등 겨냥","http://www.newsroad.co.kr/news/articleView.html?idxno=60777","event:금감원:service_reform_backlash","investigation","금감원 스페이스x 공모 과장광고 논란에 현장검사 한투운용 등 겨냥","google_rss_v44_final_artifact_sync_only","CEO_Morning_Briefing"
"2026-06-23","https://www.pinpointnews.co.kr/news/articleView.html?idxno=461916","강서구, 장애인 주차위반 과태료 카카오톡으로 알린다","핀포인트뉴스","global_incident:platform_regulation:kakao:platform_regulation","https://www.pinpointnews.co.kr/news/articleView.html?idxno=461916","global_incident:platform_regulation:kakao:platform_content_moderation_obligation","penalty_or_sanction","강서구 장애인 주차위반 과태료 카카오톡으로 알린다","google_rss_v44_final_artifact_sync_only","CEO_Morning_Briefing"
"2026-06-23","https://www.digitalasset.works/news/articleView.html?idxno=41565","금융위, 규제 샌드박스 적용대상 가상자산 업권으로 확대","디지털애셋","global_incident:digital_asset_policy:financial_authority:digital_asset_policy","https://www.digitalasset.works/news/articleView.html?idxno=41565","global_incident:platform_regulation:financial_authority:platform_content_moderation_obligation","action_started","금융위 규제 샌드박스 적용대상 가상자산 업권으로 확대","google_rss_v44_final_artifact_sync_only","CEO_Morning_Briefing"
"2026-06-23","https://www.blockmedia.co.kr/archives/1108288","안도걸 의원 ""디지털자산 기본법 하반기 처리 시동…스테이블코인 입법도 추진""","블록미디어","global_incident:digital_asset_policy:digital_asset_sector:stablecoin_policy","https://www.blockmedia.co.kr/archives/1108288","v27:platform_enforcement:meta:delivery_platform_fee_mfn","general","안도걸 의원 디지털자산 기본법 하반기 처리 시동 스테이블코인 입법도 추진","google_rss_v44_final_artifact_sync_only","CEO_Morning_Briefing"
"2026-06-23","https://aimatters.co.kr/news-report/44935","네이버, 엔비디아 DSX로 ‘AI 팩토리’ 짓는다…55MW로 시작해 기가와트급 소버린 AI로","AI 매터스","comp_domestic_ai_platform:네이버 엔비디아 dsx로 ai 팩토리 짓는다 55mw로 시작해 기가와트급 소버린 ai로","https://aimatters.co.kr/news-report/44935","event:네이버:ai_infrastructure_security","general","네이버 엔비디아 dsx로 ai 팩토리 짓는다 55mw로 시작해 기가와트급 소버린 ai로","google_rss_v44_final_artifact_sync_only","CEO_Morning_Briefing"
"2026-06-23","https://www.i-boss.co.kr/ab-2987-542892","네이버 쇼핑 가구매, 정말 안전할까? 연매출 200억 광고사 지사장이 말하는 현실","아이보스","comp_domestic_finance_commerce:네이버 쇼핑 가구매 정말 안전할까 연매출 200억 광고사 지사장이 말하는 현실","https://www.i-boss.co.kr/ab-2987-542892","global_incident:platform_regulation:kakao:platform_data_protection_obligation","review_scheduled","네이버 쇼핑 가구매 정말 안전할까 연매출 200억 광고사 지사장이 말하는 현실","google_rss_v44_final_artifact_sync_only","CEO_Morning_Briefing"
"2026-06-23","https://www.biztribune.co.kr/news/articleView.html?idxno=355054","네이버랩스 유럽, 로봇 두뇌 경량화 기술 공개…피지컬 AI 상용화 속도","비즈트리뷴","comp_domestic_ai_platform:네이버랩스 유럽 로봇 두뇌 경량화 기술 공개 피지컬 ai 상용화 속도","https://www.biztribune.co.kr/news/articleView.html?idxno=355054","global_incident:platform_regulation:naver:platform_content_moderation_obligation","action_started","네이버랩스 유럽 로봇 두뇌 경량화 기술 공개 피지컬 ai 상용화 속도","google_rss_v44_final_artifact_sync_only","CEO_Morning_Briefing"
"2026-06-23","https://mobile.newsis.com/view_amp.html?ar_id=NISX20260622_0003677648","LGU+, MS 코파일럿 사내 도입 한달만에 임직원 사용률 80% 돌파","뉴시스","comp_domestic_strategy:lgu+ ms 코파일럿 사내 도입 한달만에 임직원 사용률 80 돌파","https://mobile.newsis.com/view_amp.html?ar_id=NISX20260622_0003677648","global_incident:platform_regulation:lguplus:platform_content_moderation_obligation","general","lgu+ ms 코파일럿 사내 도입 한달만에 임직원 사용률 80 돌파","google_rss_v44_final_artifact_sync_only","CEO_Morning_Briefing"
"2026-06-23","https://www.itworld.co.kr/article/4188237/%EC%9D%BC%EA%B4%80%EB%90%9C-%EC%95%A0%ED%94%8C%EB%A6%AC%EC%BC%80%EC%9D%B4%EC%85%98-%EB%B3%B4%EC%95%88%EC%9D%B4-ai-%EA%B2%BD%EC%9F%81%EB%A0%A5-f5-%ED%95%98%EC%9D%B4%EB%B8%8C%EB%A6%AC%EB%93%9C.html","""일관된 애플리케이션 보안이 AI 경쟁력"" F5, 하이브리드 멀티클라우드 시대 ADSP 비전 공개","itworld.co.kr","comp_overseas_platform_ai:일관된 애플리케이션 보안이 ai 경쟁력 f5 하이브리드 멀티클라우드 시대 adsp 비전 공개","https://www.itworld.co.kr/article/4188237/%EC%9D%BC%EA%B4%80%EB%90%9C-%EC%95%A0%ED%94%8C%EB%A6%AC%EC%BC%80%EC%9D%B4%EC%85%98-%EB%B3%B4%EC%95%88%EC%9D%B4-ai-%EA%B2%BD%EC%9F%81%EB%A0%A5-f5-%ED%95%98%EC%9D%B4%EB%B8%8C%EB%A6%AC%EB%93%9C.html","global_incident:platform_regulation:apple:platform_data_protection_obligation","decision","일관된 애플리케이션 보안이 ai 경쟁력 f5 하이브리드 멀티클라우드 시대 adsp 비전 공개","google_rss_v44_final_artifact_sync_only","CEO_Morning_Briefing"
"2026-06-24","https://www.newsinside.kr/news/articleView.html?idxno=4787054","카카오페이, 카카오페이증권 잔여 지분 1730억원에 인수…완전자회사 편입","뉴스인사이드","global_incident:mna_capital:kakao:mna_capital","https://www.newsinside.kr/news/articleView.html?idxno=4787054","global_incident:platform_regulation:kakao:platform_operator_obligation","decision","카카오페이 카카오페이증권 잔여 지분 1730억원에 인수 완전자회사 편입","google_rss_v44_final_artifact_sync_only","CEO_Morning_Briefing"
"2026-06-24","https://www.seoulfn.com/news/articleView.html?idxno=631626","카카오게임즈, 김태환·이시우 공동대표 선임","서울파이낸스","카카오게임즈 최대주주 변경 및 공동대표 체제","https://www.seoulfn.com/news/articleView.html?idxno=631626","global_incident:leadership_service:kakao:executive_change","decision","카카오게임즈 김태환 이시우 공동대표 선임","google_rss_v44_final_artifact_sync_only","CEO_Morning_Briefing"
"2026-06-24","https://www.etnews.com/20260624000259","카카오, 데이터센터 온실가스 4753톤 감축…재생에너지 2.8배 확대","전자신문","self_strategic_reference:카카오 데이터센터 온실가스 4753톤 감축 재생에너지 2 8배 확대","https://www.etnews.com/20260624000259","privacy_security:kakao:data_leak","action_started","카카오 데이터센터 온실가스 4753톤 감축 재생에너지 2 8배 확대","google_rss_v44_final_artifact_sync_only","CEO_Morning_Briefing"
"2026-06-24","http://www.srtimes.kr/news/articleViewAmp.html?idxno=205985","카카오, ESG 보고서 발간…데이터센터 안산 온실가스 4,753톤 감축","SR타임스","self_filler_reference:카카오 esg 보고서 발간 데이터센터 안산 온실가스 4 753톤 감축","http://www.srtimes.kr/news/articleViewAmp.html?idxno=205985","global_incident:platform_regulation:kakao:platform_data_protection_obligation","action_started","카카오 esg 보고서 발간 데이터센터 안산 온실가스 4 753톤 감축","google_rss_v44_final_artifact_sync_only","CEO_Morning_Briefing"
"2026-06-24","https://www.mt.co.kr/amp/tech/2026/06/24/2026062414553777479","""정부 전용 데이터센터 리전""…네이버클라우드, 소버린AI 풀스택 전략 - 머니투데이","머니투데이","comp_domestic_public_infra:정부 전용 데이터센터 리전 네이버클라우드 소버린ai 풀스택 전략","https://www.mt.co.kr/amp/tech/2026/06/24/2026062414553777479","v27:platform_enforcement:naver:privacy_data_violation","decision","정부 전용 데이터센터 리전 네이버클라우드 소버린ai 풀스택 전략","google_rss_v44_final_artifact_sync_only","CEO_Morning_Briefing"
"2026-06-24","https://zdnet.co.kr/view?no=20260624155104","페이블5가 촉발한 외산 AI 리스크…네이버클라우드, 정부 전용 리전으로 AI 주권 확보","지디넷코리아","comp_domestic_public_infra:페이블5가 촉발한 외산 ai 리스크 네이버클라우드 정부 전용 리전으로 ai 주권 확보","https://zdnet.co.kr/view?no=20260624155104","global_incident:platform_regulation:naver:platform_data_protection_obligation","action_started","페이블5가 촉발한 외산 ai 리스크 네이버클라우드 정부 전용 리전으로 ai 주권 확보","google_rss_v44_final_artifact_sync_only","CEO_Morning_Briefing"
"2026-06-24","https://www.munhwa.com/article/11597633","정부, 의료 데이터 공유 플랫폼 첫 실증…카카오헬스케어 컨소시엄 참여","문화일보","global_incident:platform_regulation:kakao:platform_regulation","https://www.munhwa.com/article/11597633","global_incident:platform_regulation:kakao:platform_data_protection_obligation","action_started","정부 의료 데이터 공유 플랫폼 첫 실증 카카오헬스케어 컨소시엄 참여","google_rss_v44_final_artifact_sync_only","CEO_Morning_Briefing"
"2026-06-24","http://www.economytalk.kr/news/articleView.html?idxno=422165","[진단] KT 탓, 티빙 탓만 하면 끝?… 제휴 서비스 보안 책임은 제각각","이코노미톡뉴스","comp_domestic_strategy:진단 kt 탓 티빙 탓만 하면 끝 제휴 서비스 보안 책임은 제각각","http://www.economytalk.kr/news/articleView.html?idxno=422165","v27:platform_enforcement:coupang:consumer_dark_pattern","action_started","진단 kt 탓 티빙 탓만 하면 끝 제휴 서비스 보안 책임은 제각각","google_rss_v44_final_artifact_sync_only","CEO_Morning_Briefing"
"2026-06-24","https://news.nate.com/view/20260624n22404?mid=n0100","[AI픽] AI발 공급망 공격 막는다…정부, SW 보안 로드맵 발표","네이트","government_ai_core_policy:ai발 공급망 공격 막는다 정부 sw 보안 로드맵 발표","https://news.nate.com/view/20260624n22404?mid=n0100","global_incident:platform_regulation:science_ict_ministry:platform_content_moderation_obligation","action_started","ai발 공급망 공격 막는다 정부 sw 보안 로드맵 발표","google_rss_v44_final_artifact_sync_only","CEO_Morning_Briefing"
"2026-06-24","https://www.inews24.com/view/1979354","'제2의 대박' 될까…SKT 투자 펭귄솔루션스, 엔비디아 파트너 선정","아이뉴스24","comp_domestic_strategy:제2의 대박 될까 skt 투자 펭귄솔루션스 엔비디아 파트너 선정","https://www.inews24.com/view/1979354","global_incident:platform_regulation:openai:platform_content_moderation_obligation","action_started","제2의 대박 될까 skt 투자 펭귄솔루션스 엔비디아 파트너 선정","google_rss_v44_final_artifact_sync_only","CEO_Morning_Briefing"
"2026-06-24","https://www.2news.co.kr/news/articleView.html?idxno=12412","네이버클라우드-지멘스, 제조 산업 AI 전환(AX) 가속화","2news.co.kr","comp_domestic_ai_platform:네이버클라우드 지멘스 제조 산업 ai 전환 ax 가속화","https://www.2news.co.kr/news/articleView.html?idxno=12412","global_incident:leadership_service:naver:executive_change","review_scheduled","네이버클라우드 지멘스 제조 산업 ai 전환 ax 가속화","google_rss_v44_final_artifact_sync_only","CEO_Morning_Briefing"
"2026-06-24","https://www.efnews.co.kr/news/articleView.html?idxno=130535","kt 밀리의서재, 코엑스 서울국제도서전서 10주년 기념 '밀리하우스' 공개","파이낸셜신문","comp_domestic_strategy:kt 밀리의서재 코엑스 서울국제도서전서 10주년 기념 밀리하우스 공개","https://www.efnews.co.kr/news/articleView.html?idxno=130535","global_incident:platform_regulation:kt:platform_content_moderation_obligation","review_scheduled","kt 밀리의서재 코엑스 서울국제도서전서 10주년 기념 밀리하우스 공개","google_rss_v44_final_artifact_sync_only","CEO_Morning_Briefing"
"2026-06-24","https://www.newsquest.co.kr/news/articleView.html?idxno=268472","월드컵만 풍년, 실적은 흉년…SKT·LGU+ 날아오를 때에 KT ‘나 홀로 역주행’에 투자 매력 꼴찌","뉴스퀘스트","comp_domestic_strategy:월드컵만 풍년 실적은 흉년 skt lgu+ 날아오를 때에 kt 나 홀로 역주행에 투자 매력 꼴찌","https://www.newsquest.co.kr/news/articleView.html?idxno=268472","privacy_security:skt:data_leak","decision","월드컵만 풍년 실적은 흉년 skt lgu+ 날아오를 때에 kt 나 홀로 역주행에 투자 매력 꼴찌","google_rss_v44_final_artifact_sync_only","CEO_Morning_Briefing"
"2026-06-24","https://www.thelec.kr/news/articleView.html?idxno=58593","박윤영 KT 대표, KT클라우드 재합병 검토하나","디일렉","global_incident:leadership_service:kt:leadership_service","https://www.thelec.kr/news/articleView.html?idxno=58593","global_incident:platform_regulation:kt:platform_data_protection_obligation","consultation","박윤영 kt 대표 kt클라우드 재합병 검토하나","google_rss_v44_final_artifact_sync_only","CEO_Morning_Briefing"
"2026-06-25","https://www.fins.co.kr/news/articleView.html?idxno=108922","카카오페이손보, ISO 27001·27017 동시 획득…글로벌 보안 경쟁력 입증","보험매일","self_privacy_security:카카오페이손보 iso 27001 27017 동시 획득 글로벌 보안 경쟁력 입증","https://www.fins.co.kr/news/articleView.html?idxno=108922","v27:platform_enforcement:kakao:delivery_platform_fee_mfn","decision","카카오페이손보 iso 27001 27017 동시 획득 글로벌 보안 경쟁력 입증","google_rss_v44_final_artifact_sync_only","CEO_Morning_Briefing"
"2026-06-25","https://news.nate.com/view/20260625n27973","카카오페이손해보험, 정보보호·클라우드 보안 국제 인증 'ISO' 2종 동시 취득","네이트","self_privacy_security:카카오페이손해보험 정보보호 클라우드 보안 국제 인증 iso 2종 동시 취득","https://news.nate.com/view/20260625n27973","global_incident:platform_regulation:kakao:platform_data_protection_obligation","decision","카카오페이손해보험 정보보호 클라우드 보안 국제 인증 iso 2종 동시 취득","google_rss_v44_final_artifact_sync_only","CEO_Morning_Briefing"
"2026-06-25","https://biz.sbs.co.kr/amp/article/20000318759","카카오페이손보, '정보보호·클라우드 보안' 국제 인증 동시 취득","biz.sbs.co.kr.","self_privacy_security:카카오페이손보 정보보호 클라우드 보안 국제 인증 동시 취득","https://biz.sbs.co.kr/amp/article/20000318759","event:카카오+카카오페이:phishing_security+privacy_security_reliability","general","카카오페이손보 정보보호 클라우드 보안 국제 인증 동시 취득","google_rss_v44_final_artifact_sync_only","CEO_Morning_Briefing"
"2026-06-25","https://www.e-science.co.kr/news/articleView.html?idxno=131027","카카오페이손해보험, 국제 보안 인증 확대…클라우드 기반 정보보호 체계 강화","이코노미사이언스","self_privacy_security:카카오페이손해보험 국제 보안 인증 확대 클라우드 기반 정보보호 체계 강화","https://www.e-science.co.kr/news/articleView.html?idxno=131027","privacy_security:kakao:data_leak","general","카카오페이손해보험 국제 보안 인증 확대 클라우드 기반 정보보호 체계 강화","google_rss_v44_final_artifact_sync_only","CEO_Morning_Briefing"
"2026-06-25","https://www.edaily.co.kr/News/Read?newsId=04979046645485000&mediaCodeNo=257","세종 ‘각’에 정부 전용 리전…네이버클라우드, 공공 AX 정조준","이데일리","comp_domestic_public_infra:세종 각에 정부 전용 리전 네이버클라우드 공공 ax 정조준","https://www.edaily.co.kr/News/Read?newsId=04979046645485000&mediaCodeNo=257","global_incident:platform_regulation:naver:platform_data_protection_obligation","action_started","세종 각에 정부 전용 리전 네이버클라우드 공공 ax 정조준","google_rss_v44_final_artifact_sync_only","CEO_Morning_Briefing"
"2026-06-25","http://www.sisacast.kr/news/articleView.html?idxno=97063","[정책포커스] 금융위, 글로벌 스탠다드 AI 디지털 자본시장 설계...혁신의 출발점은 '투자자 보호'","시사캐스트","government_ai_core_policy:정책포커스 금융위 글로벌 스탠다드 ai 디지털 자본시장 설계 혁신의 출발점은 투자자 보호","http://www.sisacast.kr/news/articleView.html?idxno=97063","global_incident:digital_asset_policy:financial_authority:sto_policy","vote_or_mediation","정책포커스 금융위 글로벌 스탠다드 ai 디지털 자본시장 설계 혁신의 출발점은 투자자 보호","google_rss_v44_final_artifact_sync_only","CEO_Morning_Briefing"
"2026-06-25","https://www.financialpost.co.kr/news/articleView.html?idxno=263892","개보위, 빗썸 개인정보 해외이전 위반에 ""과징금 2.1억원""","파이낸셜포스트","global_incident:platform_regulation:bithumb:platform_data_protection_obligation","https://www.financialpost.co.kr/news/articleView.html?idxno=263892","v27:platform_enforcement:google:delivery_platform_fee_mfn","penalty_or_sanction","개보위 빗썸 개인정보 해외이전 위반에 과징금 2 1억원","google_rss_v44_final_artifact_sync_only","CEO_Morning_Briefing"
"2026-06-25","https://www.mhns.co.kr/news/articleView.html?idxno=751289","과기정통부·국정원, SW 공급망 보안 강화 로드맵 공개... AI 사이버 위협 차단","더쎈뉴스","government_ai_core_policy:과기정통부 국정원 sw 공급망 보안 강화 로드맵 공개 ai 사이버 위협 차단","https://www.mhns.co.kr/news/articleView.html?idxno=751289","global_incident:platform_regulation:science_ict_ministry:platform_content_moderation_obligation","litigation","과기정통부 국정원 sw 공급망 보안 강화 로드맵 공개 ai 사이버 위협 차단","google_rss_v44_final_artifact_sync_only","CEO_Morning_Briefing"
"2026-06-25","https://www.yna.co.kr/amp/view/AKR20260625135300017","네이버클라우드, 정부 GPU 사업 사용권 1천576장 확보","연합뉴스","국가 AI 인프라/AIDC/GPU 정책","https://www.yna.co.kr/amp/view/AKR20260625135300017","global_incident:platform_regulation:naver:platform_content_moderation_obligation","penalty_or_sanction","네이버클라우드 정부 gpu 사업 사용권 1천576장 확보","google_rss_v44_final_artifact_sync_only","CEO_Morning_Briefing"
"2026-06-25","https://news.nate.com/view/20260625n25683","네이버 D2SF, AI 해외 직구 개척한 스타트업 '사줘' 신규 투자","네이트","comp_domestic_ai_platform:네이버 d2sf ai 해외 직구 개척한 스타트업 사줘 신규 투자","https://news.nate.com/view/20260625n25683","privacy_security:naver:data_leak","decision","네이버 d2sf ai 해외 직구 개척한 스타트업 사줘 신규 투자","google_rss_v44_final_artifact_sync_only","CEO_Morning_Briefing"
"2026-06-25","https://www.newswatch.kr/news/articleView.html?idxno=80214","[단독] LG유플러스, 5G 속도 과장광고 행정소송 '패소'","뉴스워치","comp_domestic_public_infra:lg유플러스 5g 속도 과장광고 행정소송 패소","https://www.newswatch.kr/news/articleView.html?idxno=80214","global_incident:platform_regulation:skt:platform_content_moderation_obligation","litigation","lg유플러스 5g 속도 과장광고 행정소송 패소","google_rss_v44_final_artifact_sync_only","CEO_Morning_Briefing"
"2026-06-25","https://www.4th.kr/news/articleView.html?idxno=2113688","LGU+, 세계 첫 아이패드 IPTV 출시…애플 유저 공략","포쓰저널","comp_domestic_strategy:lgu+ 세계 첫 아이패드 iptv 출시 애플 유저 공략","https://www.4th.kr/news/articleView.html?idxno=2113688","global_incident:platform_regulation:kakao:platform_content_moderation_obligation","action_started","lgu+ 세계 첫 아이패드 iptv 출시 애플 유저 공략","google_rss_v44_final_artifact_sync_only","CEO_Morning_Briefing"
"2026-06-25","https://www.itbiznews.com/news/articleView.html?idxno=217329","LGU+, 애플 아이패드 기반 이동형 IPTV 상품 출시","IT비즈뉴스","comp_domestic_strategy:lgu+ 애플 아이패드 기반 이동형 iptv 상품 출시","https://www.itbiznews.com/news/articleView.html?idxno=217329","global_incident:platform_regulation:apple:platform_content_moderation_obligation","action_started","lgu+ 애플 아이패드 기반 이동형 iptv 상품 출시","google_rss_v44_final_artifact_sync_only","CEO_Morning_Briefing"
"2026-06-25","https://www.theguru.co.kr/news/article.html?no=103528","'천문학적 매출 예고' 퀄컴, 데이터센터 AI 칩 수요 폭증…메타 등 대형 고객 확보 '자신감'","더구루","comp_overseas_regulation_data:천문학적 매출 예고 퀄컴 데이터센터 ai 칩 수요 폭증 메타 등 대형 고객 확보 자신감","https://www.theguru.co.kr/news/article.html?no=103528","event:메타:ai_infrastructure_security+financial_performance","review_scheduled","천문학적 매출 예고 퀄컴 데이터센터 ai 칩 수요 폭증 메타 등 대형 고객 확보 자신감","google_rss_v44_final_artifact_sync_only","CEO_Morning_Briefing"
"2026-06-26","https://www.thepublic.kr/news/articleView.html?idxno=309117","카카오뱅크, 마스턴캐피탈 인수 추진…종합 금융 플랫폼 속도","더퍼블릭","global_incident:platform_regulation:kakao:platform_regulation","https://www.thepublic.kr/news/articleView.html?idxno=309117","global_incident:platform_regulation:kakao:platform_content_moderation_obligation","review_scheduled","카카오뱅크 마스턴캐피탈 인수 추진 종합 금융 플랫폼 속도","google_rss_v44_final_artifact_sync_only","CEO_Morning_Briefing"
"2026-06-26","https://www.yna.co.kr/view/AKR20260626054500017","카카오·KT클라우드, AI '가드레일'로 안전성 높인다","연합뉴스","self_filler_reference:카카오 kt클라우드 ai 가드레일 로 안전성 높인다","https://www.yna.co.kr/view/AKR20260626054500017","global_incident:platform_regulation:kakao:platform_data_protection_obligation","action_started","카카오 kt클라우드 ai 가드레일 로 안전성 높인다","google_rss_v44_final_artifact_sync_only","CEO_Morning_Briefing"
"2026-06-26","https://news.nate.com/view/20260626n09788","카카오뱅크, 마스턴캐피탈 인수한 진짜 목적은?","네이트","global_incident:mna_capital:kakao:mna_capital","https://news.nate.com/view/20260626n09788","global_incident:platform_regulation:kakao:platform_operator_obligation","decision","카카오뱅크 마스턴캐피탈 인수한 진짜 목적은","google_rss_v44_final_artifact_sync_only","CEO_Morning_Briefing"
"2026-06-26","https://news.nate.com/view/20260626n18049","한성숙 후보자, 플랫폼 알고리즘 조작 문제에 ""불공정거래면 제재""","네이트","global_incident:platform_regulation:platform_sector:platform_algorithm_ad_obligation","https://news.nate.com/view/20260626n18049","v27:platform_enforcement:naver:delivery_platform_fee_mfn","penalty_or_sanction","한성숙 후보자 플랫폼 알고리즘 조작 문제에 불공정거래면 제재","google_rss_v44_final_artifact_sync_only","CEO_Morning_Briefing"
"2026-06-26","https://v.daum.net/v/20260625100204922?f=p","개보위, 빗썸에 과징금 2.1억원…""이용자 동의 없이 개인정보 해외 이전""","v.daum.net","global_incident:platform_regulation:bithumb:platform_data_protection_obligation","https://v.daum.net/v/20260625100204922?f=p","privacy_security:bithumb:data_leak","penalty_or_sanction","개보위 빗썸에 과징금 2 1억원 이용자 동의 없이 개인정보 해외 이전","google_rss_v44_final_artifact_sync_only","CEO_Morning_Briefing"
"2026-06-26","https://www.denews.co.kr/news/articleView.html?idxno=41570","노타, 중기부 ‘우주 의약 딥테크 플랫폼 개발 사업’ 참여","디지털경제뉴스","global_incident:platform_regulation:platform_sector:platform_regulation","https://www.denews.co.kr/news/articleView.html?idxno=41570","global_incident:platform_regulation:platform_sector:platform_content_moderation_obligation","decision","노타 중기부 우주 의약 딥테크 플랫폼 개발 사업 참여","google_rss_v44_final_artifact_sync_only","CEO_Morning_Briefing"
"2026-06-26","https://www.speconomy.com/news/articleView.html?idxno=415311","공정위, 쿠팡 30억원 상생안 수용…PB 갑질 제재 대신 ‘자진시정’","스페셜경제","global_incident:platform_regulation:coupang:platform_operator_obligation","https://www.speconomy.com/news/articleView.html?idxno=415311","global_incident:platform_regulation:coupang:platform_operator_obligation","penalty_or_sanction","공정위 쿠팡 30억원 상생안 수용 pb 갑질 제재 대신 자진시정","google_rss_v44_final_artifact_sync_only","CEO_Morning_Briefing"
"2026-06-26","https://www.asanfocus.co.kr/news/articleView.html?idxno=45911","천안시, 과기정통부 ‘AI라운지’ 공모 선정… AI 기본사회 실현","아산포커스","government_ai_core_policy:천안시 과기정통부 ai라운지 공모 선정 ai 기본사회 실현","https://www.asanfocus.co.kr/news/articleView.html?idxno=45911","global_incident:platform_regulation:science_ict_ministry:platform_content_moderation_obligation","consultation","천안시 과기정통부 ai라운지 공모 선정 ai 기본사회 실현","google_rss_v44_final_artifact_sync_only","CEO_Morning_Briefing"
"2026-06-26","https://v.daum.net/v/HyMXV78BSU","SKT, 글로벌 표준 자율 네트워크 전략 공개…AI 기반 운영 고도화","v.daum.net","국가 AI 인프라/AIDC/GPU 정책","https://v.daum.net/v/HyMXV78BSU","global_incident:platform_regulation:skt:platform_data_protection_obligation","decision","skt 글로벌 표준 자율 네트워크 전략 공개 ai 기반 운영 고도화","google_rss_v44_final_artifact_sync_only","CEO_Morning_Briefing"
"2026-06-26","https://www.livebiz.today/news/articleView.html?idxno=202861","쿠팡이 개인정보 유출 사태서 헤매는 사이... 네이버, 쇼핑 앱 신규 설치 '독주'","생생비즈플러스","global_incident:platform_regulation:naver:coupang_designation_disclosure","https://www.livebiz.today/news/articleView.html?idxno=202861","privacy_security:coupang:data_leak","general","쿠팡이 개인정보 유출 사태서 헤매는 사이 네이버 쇼핑 앱 신규 설치 독주","google_rss_v44_final_artifact_sync_only","CEO_Morning_Briefing"
"2026-06-26","https://news.mtn.co.kr/news-detail/2026062517572493225","네이버, '2025 통합보고서' 발간…AI 시대 성장 전략 공개","MTN 머니투데이방송","comp_domestic_ai_platform:네이버 2025 통합보고서 발간 ai 시대 성장 전략 공개","https://news.mtn.co.kr/news-detail/2026062517572493225","privacy_security:naver:data_leak","decision","네이버 2025 통합보고서 발간 ai 시대 성장 전략 공개","google_rss_v44_final_artifact_sync_only","CEO_Morning_Briefing"
"2026-06-26","https://mobile.inews24.com/v/946523","SK텔레콤, 구글과 5G 통신 인프라 협력 강화","아이뉴스24","comp_domestic_strategy:sk텔레콤 구글과 5g 통신 인프라 협력 강화","https://mobile.inews24.com/v/946523","","general","sk텔레콤 구글과 5g 통신 인프라 협력 강화","google_rss_v44_final_artifact_sync_only","CEO_Morning_Briefing"
"2026-06-26","https://news.nate.com/view/20260626n25420?mid=n0100","[비즈톡톡] 다시 품고 싶은 KT, 비싸게 팔고 싶은 투자자…KT클라우드 재합병의 딜레마","네이트","global_incident:mna_capital:kt:mna_capital","https://news.nate.com/view/20260626n25420?mid=n0100","global_incident:digital_asset_policy:openai:digital_asset_policy","decision","비즈톡톡 다시 품고 싶은 kt 비싸게 팔고 싶은 투자자 kt클라우드 재합병의 딜레마","google_rss_v44_final_artifact_sync_only","CEO_Morning_Briefing"
"2026-06-26","https://mobile.inews24.com/v/1317104","인기협, '구글 앱 통행세 확대, 콘텐츠 산업 영향 공개'","아이뉴스24","global_incident:platform_regulation:google:platform_content_moderation_obligation","https://mobile.inews24.com/v/1317104","global_incident:platform_regulation:google:platform_content_moderation_obligation","rumor_or_report","인기협 구글 앱 통행세 확대 콘텐츠 산업 영향 공개","google_rss_v44_final_artifact_sync_only","CEO_Morning_Briefing"
"2026-06-30","https://www.itbiznews.com/news/articleView.html?idxno=217652","카카오, KT클라우드와 안전한 AI생태계 구축 ‘맞손’","IT비즈뉴스","self_strategic_reference:카카오 kt클라우드와 안전한 ai생태계 구축 맞손","https://www.itbiznews.com/news/articleView.html?idxno=217652","global_incident:platform_regulation:kakao:platform_data_protection_obligation","action_started","카카오 kt클라우드와 안전한 ai생태계 구축 맞손","google_rss_v44_final_artifact_sync_only","CEO_Morning_Briefing"
"2026-06-30","https://blog.naver.com/dealsite/224329113429?viewType=pc","카카오게임즈 매각김태환 체제 첫 과제는 '자회사 재편'…4Q가 분수령 : 네이버 블로그","Naver Blog","카카오게임즈 최대주주 변경 및 공동대표 체제","https://blog.naver.com/dealsite/224329113429?viewType=pc","global_incident:leadership_service:kakao:leadership_service","general","카카오게임즈 매각김태환 체제 첫 과제는 자회사 재편 4q가 분수령 네이버 블로그","google_rss_v44_final_artifact_sync_only","CEO_Morning_Briefing"
"2026-06-30","https://www.g-enews.com/article/Finance/2026/06/202606301420211013bb91c46fcd_1","카카오뱅크 금융 AI 보안·안전성 연구, 국제 학회 잇달아 논문 채택","글로벌이코노믹","global_incident:ai_security_policy:kakao:ai_security_policy","https://www.g-enews.com/article/Finance/2026/06/202606301420211013bb91c46fcd_1","privacy_security:kakao:data_leak","review_scheduled","카카오뱅크 금융 ai 보안 안전성 연구 국제 학회 잇달아 논문 채택","google_rss_v44_final_artifact_sync_only","CEO_Morning_Briefing"
"2026-06-30","https://www.msn.com/ko-kr/news/other/kisa-%EB%94%A5%ED%8E%98%EC%9D%B4%ED%81%AC-%EC%96%B5%EC%A0%9C-%EB%93%B1-ai-%EA%B0%9C%EC%9D%B8%EC%A0%95%EB%B3%B4-%ED%99%9C%EC%9A%A9-%EC%97%B0%EA%B5%AC-%EC%B0%A9%EC%88%98/ar-AA26MhYY","KISA, 딥페이크 억제 등 AI 개인정보 활용 연구 착수","MSN","global_incident:platform_enforcement:microsoft:privacy_data_violation","https://www.msn.com/ko-kr/news/other/kisa-%EB%94%A5%ED%8E%98%EC%9D%B4%ED%81%AC-%EC%96%B5%EC%A0%9C-%EB%93%B1-ai-%EA%B0%9C%EC%9D%B8%EC%A0%95%EB%B3%B4-%ED%99%9C%EC%9A%A9-%EC%97%B0%EA%B5%AC-%EC%B0%A9%EC%88%98/ar-AA26MhYY","v27:platform_enforcement:microsoft:privacy_data_violation","general","kisa 딥페이크 억제 등 ai 개인정보 활용 연구 착수","google_rss_v44_final_artifact_sync_only","CEO_Morning_Briefing"
"2026-06-30","https://www.dtoday.co.kr/news/articleView.html?idxno=777832","이강일 의원, 글로벌 빅테크 조세회피 차단법 대표발의","일간투데이","government_appointment_governance:이강일 의원 글로벌 빅테크 조세회피 차단법 대표발의","https://www.dtoday.co.kr/news/articleView.html?idxno=777832","privacy_security:google:data_leak","penalty_or_sanction","이강일 의원 글로벌 빅테크 조세회피 차단법 대표발의","google_rss_v44_final_artifact_sync_only","CEO_Morning_Briefing"
"2026-06-30","https://news.nate.com/view/20260630n34446","선거에 밀렸던 스테이블코인 입법…이정문 의원 ""하반기 국회서 속도 낼 것""","네이트","global_incident:digital_asset_policy:digital_asset_sector:stablecoin_policy","https://news.nate.com/view/20260630n34446","global_incident:platform_regulation:digital_asset_sector:platform_data_protection_obligation","decision","선거에 밀렸던 스테이블코인 입법 이정문 의원 하반기 국회서 속도 낼 것","google_rss_v44_final_artifact_sync_only","CEO_Morning_Briefing"
"2026-06-30","http://www.aifnlife.co.kr/news/articleViewAmp.html?idxno=27326","[AI 정부정책] ""3년이 골든타임""…정부, 피지컬 AI 세계 1위·데이터센터 초강대국 선언 |","AI라이프경제","government_ai_core_policy:ai 정부정책 3년이 골든타임 정부 피지컬 ai 세계 1위 데이터센터 초강대국 선언","http://www.aifnlife.co.kr/news/articleViewAmp.html?idxno=27326","event:과기정통부:ai_infrastructure_security+aidc_datacenter","action_started","ai 정부정책 3년이 골든타임 정부 피지컬 ai 세계 1위 데이터센터 초강대국 선언","google_rss_v44_final_artifact_sync_only","CEO_Morning_Briefing"
"2026-06-30","https://www.aipostkorea.com/news/articleViewAmp.html?idxno=11919","트럼프 제재 비웃듯…'美 민주당 잠룡' 개빈 뉴섬, 앤트로픽 '클로드' 주정부 도입","AI포스트","global_incident:ai_security_policy:sector:anthropic_glasswing_security","https://www.aipostkorea.com/news/articleViewAmp.html?idxno=11919","global_incident:platform_regulation:toss:platform_operator_obligation","penalty_or_sanction","트럼프 제재 비웃듯 민주당 잠룡 개빈 뉴섬 앤트로픽 클로드 주정부 도입","google_rss_v44_final_artifact_sync_only","CEO_Morning_Briefing"
"2026-06-30","https://www.msn.com/ko-kr/news/other/lgu-%EC%A7%80%EC%97%94%EC%94%A8%EC%97%90%EB%84%88%EC%A7%80%EC%99%80-%EB%A7%9E%EC%86%90-%EB%8D%B0%EC%9D%B4%ED%84%B0%EC%84%BC%ED%84%B0-%EC%A0%84%EB%A0%A5-%EC%9D%B8%ED%94%84%EB%9D%BC-%EA%B0%95%ED%99%94/ar-AA26HGqh","LGU+, 지엔씨에너지와 맞손…데이터센터 전력 인프라 강화","MSN","comp_domestic_ai_platform:lgu+ 지엔씨에너지와 맞손 데이터센터 전력 인프라 강화","https://www.msn.com/ko-kr/news/other/lgu-%EC%A7%80%EC%97%94%EC%94%A8%EC%97%90%EB%84%88%EC%A7%80%EC%99%80-%EB%A7%9E%EC%86%90-%EB%8D%B0%EC%9D%B4%ED%84%B0%EC%84%BC%ED%84%B0-%EC%A0%84%EB%A0%A5-%EC%9D%B8%ED%94%84%EB%9D%BC-%EA%B0%95%ED%99%94/ar-AA26HGqh","event:LGU+:ai_infrastructure_security","general","lgu+ 지엔씨에너지와 맞손 데이터센터 전력 인프라 강화","google_rss_v44_final_artifact_sync_only","CEO_Morning_Briefing"
"2026-06-30","https://www.edaily.co.kr/News/Read?newsId=05333286645486968&mediaCodeNo=257","A‘AI탭’ 띄운 네이버, 토큰 폭증 대비 1GW AI팩토리…GS도 2.4GW 승부수","이데일리","comp_domestic_ai_platform:aai탭 띄운 네이버 토큰 폭증 대비 1gw ai팩토리 gs도 2 4gw 승부수","https://www.edaily.co.kr/News/Read?newsId=05333286645486968&mediaCodeNo=257","global_incident:platform_regulation:naver:platform_data_protection_obligation","action_started","aai탭 띄운 네이버 토큰 폭증 대비 1gw ai팩토리 gs도 2 4gw 승부수","google_rss_v44_final_artifact_sync_only","CEO_Morning_Briefing"
"2026-06-30","https://www.fnnews.com/news/202606300932020131","KT, AX 연계한 ESG 경영 전략 공개…데이터센터 효율화·보안 강화","파이낸셜뉴스","국가 AI 인프라/AIDC/GPU 정책","https://www.fnnews.com/news/202606300932020131","global_incident:platform_regulation:kt:platform_data_protection_obligation","action_started","kt ax 연계한 esg 경영 전략 공개 데이터센터 효율화 보안 강화","google_rss_v44_final_artifact_sync_only","CEO_Morning_Briefing"
"2026-06-30","https://mobile.newsis.com/view_amp.html?ar_id=NISX20260630_0003690297","SKT, 작년 보안 투자 1434억…전년 대비 54% 늘었다","뉴시스","comp_domestic_strategy:skt 작년 보안 투자 1434억 전년 대비 54 늘었다","https://mobile.newsis.com/view_amp.html?ar_id=NISX20260630_0003690297","privacy_security:skt:data_leak","penalty_or_sanction","skt 작년 보안 투자 1434억 전년 대비 54 늘었다","google_rss_v44_final_artifact_sync_only","CEO_Morning_Briefing"
"2026-06-30","https://www.msn.com/ko-kr/news/other/%EA%B3%B5%EA%B3%B5-ai-%EC%83%9D%ED%83%9C%EA%B3%84-%ED%92%80%EC%8A%A4%ED%83%9D-%ED%8C%8C%ED%8A%B8%EB%84%88-%EB%90%98%EA%B2%A0%EB%8B%A4-%EB%84%A4%EC%9D%B4%EB%B2%84%ED%81%B4%EB%9D%BC%EC%9A%B0%EB%93%9C-ax-%EC%8B%9C%EC%9E%A5-%EC%A0%95%EC%A1%B0%EC%A4%80/ar-AA26pAUv?apiversion=v2&domshim=1&noservercache=1&noservertelemetry=1&batchservertelemetry=1&renderwebcomponents=1&wcseo=1","공공 AI 생태계 풀스택 파트너 되겠다…네이버클라우드, AX 시장 정조준","MSN","comp_domestic_public_infra:공공 ai 생태계 풀스택 파트너 되겠다 네이버클라우드 ax 시장 정조준","https://www.msn.com/ko-kr/news/other/%EA%B3%B5%EA%B3%B5-ai-%EC%83%9D%ED%83%9C%EA%B3%84-%ED%92%80%EC%8A%A4%ED%83%9D-%ED%8C%8C%ED%8A%B8%EB%84%88-%EB%90%98%EA%B2%A0%EB%8B%A4-%EB%84%A4%EC%9D%B4%EB%B2%84%ED%81%B4%EB%9D%BC%EC%9A%B0%EB%93%9C-ax-%EC%8B%9C%EC%9E%A5-%EC%A0%95%EC%A1%B0%EC%A4%80/ar-AA26pAUv?apiversion=v2&domshim=1&noservercache=1&noservertelemetry=1&batchservertelemetry=1&renderwebcomponents=1&wcseo=1","event:네이버:ai_infrastructure_security+government_ai","general","공공 ai 생태계 풀스택 파트너 되겠다 네이버클라우드 ax 시장 정조준","google_rss_v44_final_artifact_sync_only","CEO_Morning_Briefing"
"2026-07-01","https://v.daum.net/v/20260701070902173?f=p","AI 시대 보안은 필수…네이버·카카오, 정보보호 투자 '역대 최대'","v.daum.net","self_privacy_security:ai 시대 보안은 필수 네이버 카카오 정보보호 투자 역대 최대","https://v.daum.net/v/20260701070902173?f=p","v27:platform_enforcement:naver:privacy_data_violation","decision","ai 시대 보안은 필수 네이버 카카오 정보보호 투자 역대 최대","google_rss_v44_final_artifact_sync_only","CEO_Morning_Briefing"
"2026-07-01","https://www.ngetnews.com/news/articleView.html?idxno=551153","카카오페이증권 MTS 접속 장애...개장 전 정상화","뉴스저널리즘","global_incident:privacy_security:kakao:kakao","https://www.ngetnews.com/news/articleView.html?idxno=551153","privacy_security:kakao:data_leak","penalty_or_sanction","카카오페이증권 mts 접속 장애 개장 전 정상화","google_rss_v44_final_artifact_sync_only","CEO_Morning_Briefing"
"2026-07-01","https://zdnet.co.kr/view?no=20260701160252","카카오게임즈, 공동대표 체제 출범 후 하반기 신작 3종 드라이브 본격화","지디넷코리아","카카오게임즈 최대주주 변경 및 공동대표 체제","https://zdnet.co.kr/view?no=20260701160252","global_incident:platform_regulation:kakao:platform_content_moderation_obligation","action_started","카카오게임즈 공동대표 체제 출범 후 하반기 신작 3종 드라이브 본격화","google_rss_v44_final_artifact_sync_only","CEO_Morning_Briefing"
"2026-07-01","https://www.sedaily.com/article/20062538","공정위, 앱마켓서 ‘갑질’한 구글에 8500억 과징금 예고","서울경제","global_incident:platform_enforcement:google:app_market_payment_fee","https://www.sedaily.com/article/20062538","v27:platform_enforcement:coupang:delivery_platform_fee_mfn","penalty_or_sanction","공정위 앱마켓서 갑질한 구글에 8500억 과징금 예고","google_rss_v44_final_artifact_sync_only","CEO_Morning_Briefing"
"2026-07-01","https://news.nate.com/view/20260701n23065","구글, 공정위 제재 착수에 ""공정 경쟁 중…법 위반 없었다""","네이트","global_incident:platform_regulation:google:platform_operator_obligation","https://news.nate.com/view/20260701n23065","v27:platform_enforcement:kakao:app_market_payment_fee","penalty_or_sanction","구글 공정위 제재 착수에 공정 경쟁 중 법 위반 없었다","google_rss_v44_final_artifact_sync_only","CEO_Morning_Briefing"
"2026-07-01","https://www.epnc.co.kr/news/articleView.html?idxno=403722","정부, ‘제조AI 2030 전략’ 공개…2030년까지 20조 투자·100조 부가가치 창출","테크월드","government_ai_core_policy:정부 제조ai 2030 전략 공개 2030년까지 20조 투자 100조 부가가치 창출","https://www.epnc.co.kr/news/articleView.html?idxno=403722","","rumor_or_report","정부 제조ai 2030 전략 공개 2030년까지 20조 투자 100조 부가가치 창출","google_rss_v44_final_artifact_sync_only","CEO_Morning_Briefing"
"2026-07-01","https://www.ddaily.co.kr/page/view/2026070112383015496","유심 해킹 1년…SKT, 정보보호 투자 70% 늘렸다","디지털데일리","global_incident:privacy_security:skt:skt","https://www.ddaily.co.kr/page/view/2026070112383015496","v27:platform_enforcement:microsoft:deceptive_membership_price_ad","investigation","유심 해킹 1년 skt 정보보호 투자 70 늘렸다","google_rss_v44_final_artifact_sync_only","CEO_Morning_Briefing"
"2026-07-01","https://www.etnews.com/20260701000370","후반기 정무위 출범…디지털자산법·STO·인터넷은행 현안 산적","전자신문","global_incident:digital_asset_policy:digital_asset_sector:sto_policy","https://www.etnews.com/20260701000370","global_incident:platform_regulation:hongkong_els:platform_transaction_user_protection_obligation","penalty_or_sanction","후반기 정무위 출범 디지털자산법 sto 인터넷은행 현안 산적","google_rss_v44_final_artifact_sync_only","CEO_Morning_Briefing"
"2026-07-01","https://news.mtn.co.kr/news-detail/2026070112295384786","쿠팡·SKT 1000억대 보안에도 유출…""기업 구제 관점에서 보안 투자 지속해야""","MTN 머니투데이방송","global_incident:privacy_security:coupang:coupang","https://news.mtn.co.kr/news-detail/2026070112295384786","privacy_security:coupang:data_leak","general","쿠팡 skt 1000억대 보안에도 유출 기업 구제 관점에서 보안 투자 지속해야","google_rss_v44_final_artifact_sync_only","CEO_Morning_Briefing"
"2026-07-01","https://www.newsquest.co.kr/news/articleViewAmp.html?idxno=268894","네이버, 엔비디아 손잡고 AI 팩토리 승부수…문제는 ‘수익화 시간표’","뉴스퀘스트","comp_domestic_ai_platform:네이버 엔비디아 손잡고 ai 팩토리 승부수 문제는 수익화 시간표","https://www.newsquest.co.kr/news/articleViewAmp.html?idxno=268894","global_incident:platform_regulation:naver:platform_data_protection_obligation","action_started","네이버 엔비디아 손잡고 ai 팩토리 승부수 문제는 수익화 시간표","google_rss_v44_final_artifact_sync_only","CEO_Morning_Briefing"
"2026-07-01","https://mobile.newsis.com/view_amp.html?ar_id=NISX20260701_0003690685","LGU+, 지속가능경영보고서 발간…보안·AI·탄소중립 성과 담아","뉴시스","comp_domestic_ai_platform:lgu+ 지속가능경영보고서 발간 보안 ai 탄소중립 성과 담아","https://mobile.newsis.com/view_amp.html?ar_id=NISX20260701_0003690685","privacy_security:lguplus:data_leak","decision","lgu+ 지속가능경영보고서 발간 보안 ai 탄소중립 성과 담아","google_rss_v44_final_artifact_sync_only","CEO_Morning_Briefing"
"2026-07-01","https://www.ddaily.co.kr/page/view/2026070110415988291","글로벌 투자자 눈에 비친 통신3사…""LGU+ 거버넌스 우려 가장 커""","디지털데일리","comp_domestic_strategy:글로벌 투자자 눈에 비친 통신3사 lgu+ 거버넌스 우려 가장 커","https://www.ddaily.co.kr/page/view/2026070110415988291","global_incident:platform_regulation:skt:platform_data_protection_obligation","decision","글로벌 투자자 눈에 비친 통신3사 lgu+ 거버넌스 우려 가장 커","google_rss_v44_final_artifact_sync_only","CEO_Morning_Briefing"
"2026-07-01","https://www.choicestock.co.kr/stock/news_view/148056?bu=","삼성·SK 하이닉스 공급망 흔든다… 엔비디아·MS 'AI PC' 동맹의 파장","초이스스탁US","comp_overseas_platform_ai:삼성 sk 하이닉스 공급망 흔든다 엔비디아 ms ai pc 동맹의 파장","https://www.choicestock.co.kr/stock/news_view/148056?bu=","global_incident:platform_regulation:platform_sector:platform_data_protection_obligation","decision","삼성 sk 하이닉스 공급망 흔든다 엔비디아 ms ai pc 동맹의 파장","google_rss_v44_final_artifact_sync_only","CEO_Morning_Briefing"
"2026-07-02","https://www.metroseoul.co.kr/article/20260702500405","글로벌 AI, 네이버·카카오와 손잡았다…한국 생태계 경쟁 본격화","메트로신문","self_strategic_reference:글로벌 ai 네이버 카카오와 손잡았다 한국 생태계 경쟁 본격화","https://www.metroseoul.co.kr/article/20260702500405","global_incident:platform_regulation:kakao:platform_content_moderation_obligation","action_started","글로벌 ai 네이버 카카오와 손잡았다 한국 생태계 경쟁 본격화","google_rss_v44_final_artifact_sync_only","CEO_Morning_Briefing"
"2026-07-02","https://www.edaily.co.kr/News/Read?newsId=03922886645510256&mediaCodeNo=257","토스vs카카오 광고노출 방해 소송전 '고소 취하'로 마무리","이데일리","global_incident:privacy_security:kakao:kakao","https://www.edaily.co.kr/News/Read?newsId=03922886645510256&mediaCodeNo=257","privacy_security:kakao:data_leak","general","토스vs카카오 광고노출 방해 소송전 고소 취하 로 마무리","google_rss_v44_final_artifact_sync_only","CEO_Morning_Briefing"
"2026-07-02","https://www.s-econ.kr/news/articleView.html?idxno=4002071","카카오뱅크, ‘적자 캐피탈’ 인수에 신저가 직면…밸류업 증명 관건","주주경제신문","global_incident:mna_capital:kakao:mna_capital","https://www.s-econ.kr/news/articleView.html?idxno=4002071","global_incident:platform_regulation:kakao:platform_operator_obligation","review_scheduled","카카오뱅크 적자 캐피탈 인수에 신저가 직면 밸류업 증명 관건","google_rss_v44_final_artifact_sync_only","CEO_Morning_Briefing"
"2026-07-02","https://www.sisaweek.com/news/articleView.html?idxno=236482","구글, 또 ‘앱마켓 갑질’ 제재 받나… 공정위, 과징금 절차 착수","시사위크","global_incident:platform_enforcement:google:app_market_payment_fee","https://www.sisaweek.com/news/articleView.html?idxno=236482","v27:platform_enforcement:google:delivery_platform_fee_mfn","penalty_or_sanction","구글 또 앱마켓 갑질 제재 받나 공정위 과징금 절차 착수","google_rss_v44_final_artifact_sync_only","CEO_Morning_Briefing"
"2026-07-02","http://www.queen.co.kr/news/articleView.html?idxno=459631","美하원 법사위 ""韓정부 쿠팡 차별"" … 과도한 과징금과 강압적 조사·규제 부과","Queen 이코노미퀸","global_incident:platform_regulation:coupang:platform_operator_obligation","http://www.queen.co.kr/news/articleView.html?idxno=459631","v27:platform_enforcement:coupang:privacy_data_violation","penalty_or_sanction","하원 법사위 정부 쿠팡 차별 과도한 과징금과 강압적 조사 규제 부과","google_rss_v44_final_artifact_sync_only","CEO_Morning_Briefing"
"2026-07-02","https://m.boannews.com/html/detail.html?idx=144449","보안투자액 톱3, 삼성전자·쿠팡·KT 순... 자율공시 기업 30% 증가","보안뉴스","comp_domestic_strategy:보안투자액 톱3 삼성전자 쿠팡 kt 순 자율공시 기업 30 증가","https://m.boannews.com/html/detail.html?idx=144449","v27:platform_enforcement:coupang:privacy_data_violation","investigation","보안투자액 톱3 삼성전자 쿠팡 kt 순 자율공시 기업 30 증가","google_rss_v44_final_artifact_sync_only","CEO_Morning_Briefing"
"2026-07-02","https://www.mt.co.kr/world/2026/07/02/2026070215083262119","""오픈AI, 美 정부에 지분 5% 제공 논의…앤트로픽·구글 참여도 언급"" - 머니투데이","머니투데이","global_incident:ai_security_policy:google:anthropic_glasswing_security","https://www.mt.co.kr/world/2026/07/02/2026070215083262119","v27:platform_enforcement:toss:privacy_data_violation","vote_or_mediation","오픈ai 정부에 지분 5 제공 논의 앤트로픽 구글 참여도 언급","google_rss_v44_final_artifact_sync_only","CEO_Morning_Briefing"
"2026-07-02","https://www.edaily.co.kr/News/Read?newsId=05457926645510584&mediaCodeNo=257","규제완화 요청한 가상자산업계…이찬진 ""공감하지만, 공은 국회에""","이데일리","global_incident:digital_asset_policy:digital_asset_sector:digital_asset_policy","https://www.edaily.co.kr/News/Read?newsId=05457926645510584&mediaCodeNo=257","global_incident:platform_regulation:dunamu_upbit:platform_transaction_user_protection_obligation","decision","규제완화 요청한 가상자산업계 이찬진 공감하지만 공은 국회에","google_rss_v44_final_artifact_sync_only","CEO_Morning_Briefing"
"2026-07-02","https://www.sisajournal-e.com/news/articleViewAmp.html?idxno=422127","KT “인공지능 전환(AX) 이어 양자전환 돕겠다”···금융 부문 협력 논의 중","시사저널e","국가 AI 인프라/AIDC/GPU 정책","https://www.sisajournal-e.com/news/articleViewAmp.html?idxno=422127","global_incident:platform_regulation:kt:platform_data_protection_obligation","action_started","kt 인공지능 전환 ax 이어 양자전환 돕겠다 금융 부문 협력 논의 중","google_rss_v44_final_artifact_sync_only","CEO_Morning_Briefing"
"2026-07-02","https://www.realnews.co.kr/news/articleView.html?idxno=30790","네이버, 대화형 검색 ‘AI탭’ 정식 출시···5000만 이용자 공략","리얼뉴스","comp_domestic_ai_platform:네이버 대화형 검색 ai탭 정식 출시 5000만 이용자 공략","https://www.realnews.co.kr/news/articleView.html?idxno=30790","v27:platform_enforcement:naver:deceptive_membership_price_ad","action_started","네이버 대화형 검색 ai탭 정식 출시 5000만 이용자 공략","google_rss_v44_final_artifact_sync_only","CEO_Morning_Briefing"
"2026-07-02","https://www.newsis.com/view/NISX20260701_0003692154","KT, 양자암호통신 연구 넘어 서비스로…공공·국방 보안 확대","뉴시스","comp_domestic_public_infra:kt 양자암호통신 연구 넘어 서비스로 공공 국방 보안 확대","https://www.newsis.com/view/NISX20260701_0003692154","global_incident:platform_regulation:naver:platform_operator_obligation","penalty_or_sanction","kt 양자암호통신 연구 넘어 서비스로 공공 국방 보안 확대","google_rss_v44_final_artifact_sync_only","CEO_Morning_Briefing"
"2026-07-02","https://www.sentv.co.kr/article/view/sentv202607020032","양자컴퓨터 해킹 막는다…SKT, 차세대 보안 기술 공개","서울경제TV","global_incident:privacy_security:skt:skt","https://www.sentv.co.kr/article/view/sentv202607020032","privacy_security:skt:data_leak","action_started","양자컴퓨터 해킹 막는다 skt 차세대 보안 기술 공개","google_rss_v44_final_artifact_sync_only","CEO_Morning_Briefing"
"2026-07-02","https://www.msn.com/ko-kr/news/techandscience/lgu-%EC%A7%80%EC%86%8D%EA%B0%80%EB%8A%A5%EA%B2%BD%EC%98%81%EB%B3%B4%EA%B3%A0%EC%84%9C-%EB%B0%9C%EA%B0%84%EC%A0%95%EB%B3%B4%EB%B3%B4%EC%95%88-%EA%B0%95%ED%99%94-%EB%82%B4%EC%9A%A9-%EA%B3%A0%EB%8F%84%ED%99%94/ar-AA26Vk4R","LGU+, 지속가능경영보고서 발간...정보보안 강화 내용 고도화","MSN","comp_domestic_strategy:lgu+ 지속가능경영보고서 발간 정보보안 강화 내용 고도화","https://www.msn.com/ko-kr/news/techandscience/lgu-%EC%A7%80%EC%86%8D%EA%B0%80%EB%8A%A5%EA%B2%BD%EC%98%81%EB%B3%B4%EA%B3%A0%EC%84%9C-%EB%B0%9C%EA%B0%84%EC%A0%95%EB%B3%B4%EB%B3%B4%EC%95%88-%EA%B0%95%ED%99%94-%EB%82%B4%EC%9A%A9-%EA%B3%A0%EB%8F%84%ED%99%94/ar-AA26Vk4R","event:LGU+:phishing_security+privacy_security_reliability","general","lgu+ 지속가능경영보고서 발간 정보보안 강화 내용 고도화","google_rss_v44_final_artifact_sync_only","CEO_Morning_Briefing"
