카테고리,카테고리명,검색어,기사제목,언론사,정규언론사,게시일,RSS게시일,RSS요약,본문전문,본문글자수,본문추출방식,본문품질점수,본문품질사유,중요도점수,본문사용가능,본문정제적용,원래RSS링크,링크,랭킹점수,사건태그,사건단계,원문날짜,원문날짜출처,날짜검증결과,날짜후보수,대표선택점수,개인정보보안사건키,개인정보보안대표보너스,전역사건키,전역사건기본키,전역사건대표보너스,이슈패밀리,정책규제의무,자사홍보성,링크상태,링크검증사유,본문정합성,v20_issue_id,v20_issue_group,v20_issue_family,v20_internal_category,v20_issue_score,v21_self_tier,v21_gov_tier,v21_competitor_tier,v21_competitor_scope,Gemini카테고리,Gemini내부카테고리,Gemini이슈유형,Gemini이슈그룹,Gemini중복그룹,Gemini관련성,Gemini중요도,Gemini대외협력중요도,Gemini관련도,Gemini판단사유,Gemini선정사유,선정단계,수집검색어,수집원카테고리,수집JSON카테고리,Gemini판단카테고리,최종카테고리,최종카테고리명,선정순서,본문상태,최종카테고리검증결과,v24대표기사정합성,브리핑ID,최종브리핑요약,최종브리핑섹션,최종브리핑제목,최종브리핑링크,최종브리핑언론사,최종브리핑기준,v44_final_source,v44_final_rank,v42_rescue_source,최종카테고리재배치,v20_bodyless_reason,v25한국정부국회근거,v39_title_link_only_reason
자사_및_계열사_이슈,자사 및 계열사 이슈,카카오,광고 확대하는 카카오…톡딜·선물하기 '카탈로그',biz.sbs.co.kr.,biz.sbs.co.kr.,"Tue, 23 Jun 2026 02:26:00 GMT","Tue, 23 Jun 2026 02:26:00 GMT",광고 확대하는 카카오…톡딜·선물하기 '카탈로그' biz.sbs.co.kr.,"광고 확대하는 카카오…톡딜·선물하기 '카탈로그' SBS Biz 김동필 입력2026.06.23 11:26 수정2026.06.23 14:15 [사진=카카오] 카카오가 카카오 커머스 판매자를 위한 신규 광고 상품 ‘커머스 카탈로그 광고’를 출시했다고 오늘(23일) 밝혔습니다. 커머스 카탈로그 광고는 카카오톡 선물하기·톡스토어 판매자가 보유한 상품 정보를 카카오 광고 플랫폼 '카카오모먼트'와 연동해 광고를 집행할 수 있는 쇼핑형 광고 상품입니다. 판매자는 별도의 광고 소재 제작 없이 등록된 상품 정보를 광고에 활용할 수 있으며, 카카오톡과 카카오톡 선물하기, 카카오 톡딜 등 주요 지면에 상품을 노출할 수 있습니다. 상품 조회·찜·위시리스트 등 이용자 행동 데이터를 기반으로 고객에게 맞춤형 상품을 노출하는 점이 특징입니다. 카카오는 향후 AI 기반 오디언스 확장 기능 등을 추가하며 커머스 카탈로그 광고를 지속 고도화할 계획입니다. 카카오 관계자는 ""커머스 카탈로그 광고는 판매자가 보유한 상품을 활용해 보다 손쉽게 광고를 운영할 수 있도록 지원하는 상품""이라며 ""특히 톡딜을 이용하는 중소상공인 판매자들이 카카오 광고를 경험하고 고객 접점을 확대하는 계기가 될 것으로 기대한다""고 말했습니다. ⓒ SBS Medianet & SBS I&M 무단복제-",643,trafilatura,59.0,acceptable_important,97.5,True,False,https://news.google.com/rss/articles/CBMiWEFVX3lxTE5MQ19TUVZibFhBSGxaX2RDMjdYdU5tWWk5Z05zZFROWUdaVVBUVjBBMzFvN01NTnFmZXloUUNaa0Z6RGtTcE5PTjFBam0zS1NiczJuZ0F4Ul8?oc=5,https://biz.sbs.co.kr/amp/article/20000318233,96.8,"ai_infrastructure_security,market_power_platform,platform_obligation,search_ads",ai_infrastructure_security,2026-06-23,json_ld:datePublished,original_date_recent,8,158.35,privacy_security:kakao:data_leak:initial_investigation_response,16.0,global_incident:platform_regulation:kakao:platform_data_protection_obligation:general,global_incident:platform_regulation:kakao:platform_data_protection_obligation,24.0,self:platform_obligation,Y,,ok,http_200,body_valid,I056,global_incident:platform_regulation:kakao:platform_algorithm_ad_obligation,self_strategic_reference,SELF_AFFILIATE_BUSINESS,509.8,STRATEGIC_REFERENCE,,COMP_DOMESTIC_AI_PLATFORM,domestic,자사_및_계열사_이슈,SELF_AFFILIATE_BUSINESS,self_strategic_reference,global_incident:platform_regulation:kakao:platform_algorithm_ad_obligation,global_incident:platform_regulation:kakao:platform_algorithm_ad_obligation,"카카오·계열사의 사업 확장, 제휴, MOU, 신규 서비스 참고 이슈",4,3,4,v40: 직접 리스크는 아니지만 자사 사업 확장·제휴성 이슈로 2순위 반영,로컬 보조 라벨 / v40: 직접 리스크는 아니지만 자사 사업 확장·제휴성 이슈로 2순위 반영,issue_selected,카카오,자사 및 계열사 이슈,자사_및_계열사_이슈,자사_및_계열사_이슈,자사_및_계열사_이슈,자사 및 계열사 이슈,7,본문추출성공,pass:self_guardrail_pass,pass:representative_aligned,1,광고 확대하는 카카오…톡딜·선물하기 '카탈로그' SBS Biz 김동필 입력2026.06.23 11:26 수정2026.06.23 14:15 [사진=카카오] 카카오가 카카오 커머스 판매자를 위한 신규 광고 상품 ‘커머스 카탈로그 광고’를 출시했다고 오늘(23일) 밝혔습니다. 커머스 카탈로그 광고는 카카오톡 선물하기·톡스토어 판매자가 보유한 상품 정보를 카카오 광고 플랫폼 '카카오모먼트'와 연동해 광고를 집행할 수 있는 쇼핑형 광고 상품입니다.,자사_및_계열사_이슈,광고 확대하는 카카오…톡딜·선물하기 '카탈로그',https://biz.sbs.co.kr/amp/article/20000318233,biz.sbs.co.kr.,CEO_Morning_Briefing,CEO_Morning_Briefing,1,,,,,
자사_및_계열사_이슈,자사 및 계열사 이슈,카카오,"카카오게임즈, 해외 김태환·국내 이시우 '투톱'...투자·인수 추진",디일렉,디일렉,"Mon, 22 Jun 2026 03:30:26 GMT","Mon, 22 Jun 2026 03:30:26 GMT","카카오게임즈, 해외 김태환·국내 이시우 '투톱'...투자·인수 추진 디일렉","(좌) 카카오게임즈 이시우 공동대표 (우) 카카오게임즈 김태환 공동대표 (사진=카카오게임즈) 카카오게임즈가 김태환 · 이시우 신임 공동 대표이사를 공식 선임했다. 카카오게임즈의 대주주가 카카오에서 라인야후의 엘트리플에이인베스트먼트로 전환된 후 수장까지 교체된 것이다. 업계는 이번 공동대표 체제에 대해 해외와 국내 사업을 각각 나눠 맡는 역할 분담형에 가깝다는 평가다. 카카오게임즈는 22일 이사회를 열고 김태환·이시우 공동대표이사 신규 선임을 결의했다고 공시했다. 기존 한상우 단독대표 체제는 종료됐다. 이날 열린 임시주주총회에서는 김태환 전 라인게임즈 부사장과 이시우 카카오게임즈 최고사업책임자(CBO)의 사내이사 선임 안건도 가결됐다. 두 후보의 사내이사 선임안은 의결권 행사 주식수 기준 각각 99.9%의 찬성률로 통과됐다. 앞서 카카오게임즈는 19일 최대주주가 카카오 외 13인에서 엘트리플에이인베스트먼트 외 10인으로 변경됐다고 공시했다. 변경 전 카카오 외 13인의 보유 주식은 4035만9440주, 지분율은 45.38%였다. 변경 후 엘트리플에이인베스트먼트 외 10인의 보유 주식은 4144만1235주, 지분율은 38.95%다. 엘트리플에이인베스트먼트 단독 보유 주식은 3556만6086주로 지분율은 33.43%다. 카카오의 단독 지분율은 기존 37.93%에서 14.68%로 낮아졌다. 카카오가 최대주주 지위를 내려놓고, 엘트리플에이인베스트먼트가 새롭게 올라선 것이다. 엘트리플에이인베스트먼트는 주식매매와 제3자 배정 유상증자를 통해 지분을 확보했다. 주식매매로 취득한 주식은 1810만7732주, 제3자 배정 유상증자로 인수한 신주는 1745만8354주다. 신주 인수분은 1년간 보호예수될 예정이다. 인수자금은 자기자금 약 4100억원과 차입금 약 789억원으로 조달했다. 공시에 따르면 엘트리플에이인베스트먼트의 최대주주는 페트리코제육호사모투자 합자회사이며, 해당 합자회사의 최대출자자는 LY주식회사다. 결국 카카오게임즈 리더십 교체는 지배구조 변화가 실제 경영진 재편으로 이어진 모습이다. 최대주주 변경은 카카오게임즈의 소유 구조를 변경한 요인이며, 김태환·이시우 공동대표 선임은 새로운 구조 아래 사업 방향을 다시 짜는 첫 실행 조치인 셈이다. 김태환 공동대표는 해외 사업과 투자 등에 강점인 인물이다. 그는 넥슨코리아 부사장, 넥슨재팬 최고사업개발책임자(CBDO), 넥슨아메리카 부사장, 브링코 대표이사, 라인게임즈 부사장 등을 거쳤다. 넥슨재팬과 넥슨아메리카를 거친 경력은 글로벌 사업 개발과 해외 시장 대응 경험을 보여준다. 이시우 공동대표는 국내 사업과 기존 퍼블리싱 조직 안정화에 장점이 있다는 평가다. 그는 2015년 카카오게임즈에 합류해 모바일 사업본부장을 맡았고, 2023년부터 CBO로 근무했다. NHN, 위메이드, 게임인재단을 거친 뒤 카카오게임즈의 모바일사업과 국내 퍼블리싱을 담당해온 사업 책임자다. 공시에 따르면 이 대표는 카카오게임즈 주식 6000주를 보유하고 있다. 이같은 공동대표들 이력으로 인해 업계는 김태환 공동대표가 카카오게임즈의 ‘밖’을 담당하고, 이시우 공동대표는 ‘안’을 챙기는 형태로 본다. 리더십 교체 후 핵심 이슈 가운데 하나로 카카오게임즈의 해외 법인·사업이 꼽히고 있다. 카카오게임즈 유럽 법인의 역할 재정의가 대표적이다. 카카오게임즈 유럽은 서구권 퍼블리싱과 글로벌 사업 확장의 전초기지다. 그러나 최근에는 재무 부담과 투자 구조 문제가 더 부각되고 있다. 이 회사는 국내 개발사 라이온하트스튜디오 지분 투자 구조와도 연결돼 있어 해외 영업 법인 이상의 의미를 갖는다. 카카오게임즈 유럽은 라이온하트스튜디오 지분 30.37%를 보유하고 있다. 지난해 실적으로 매출 5억원, 순손실 1839억원을 기록했다. 2022년부터 2025년까지 4년 누적 순손실은 8309억원에 달한다. 국내 사업도 기존 게임 매출 하락 방어와 실적 반등을 꾀해야 한다. 카카오게임즈는 다중접속역할게임(MMORPG) ‘오딘: 발할라 라이징’ 흥행으로 성장했으나 이후 대형 흥행작을 지속적으로 만들어내지는 못했다. 이 요인이 결국 회사의 어려운 상황을 초래했다는 게 업계의 중론이다. 이 공동대표는 올해 출시 예정인 MMORPG '도깨비의 세계'와 MMORPG '오딘Q: 발키리스콜'으로 터닝 포인트를 이뤄내야 하는 중책을 맡은 것이다. 한편 카카오게임즈는 이날 공동대표 인사에 대해 ""비핵심 사업 정리와 재무 구조 개선을 마무리하고, 전략적 투자 유치로 확보한 재무건전성을 기반으로 성장 전략을 꾀한다""며 ""국내외 유망 개발사에 대한 지분 투자와 인수합병을 적극 추진해 포트폴리오와 개발 역량을 확대할 계획""이라고 입장을 밝혔다.",2280,newspaper3k,66.0,good,199.0,True,False,https://news.google.com/rss/articles/CBMiZkFVX3lxTE9weUxFTFZRZ09aRjdmT2xYRDQwN2VNMFA1WHBCREt1cXN1anpjcXlweXNLRXdKS1VuaWdQUGNyVHkyTGl6LUs3TUt0VXp0NDFTdElVRUtoY2o2ODBWczVVSDIxMWVWZw?oc=5,https://www.thelec.kr/news/articleView.html?idxno=58423,226.8,"financial_performance,kakao_games_management,leadership_change,platform_obligation,policy_legislation,strategy_mna_governance",kakao_games_ceo_appointment,2026-06-22,json_ld:datePublished,original_date_recent,4,247.7,,7.0,global_incident:leadership_service:kakao:executive_change:executive_or_org_change,global_incident:leadership_service:kakao:executive_change,18.0,,,,ok,http_200,body_valid,I074,카카오게임즈 최대주주 변경 및 공동대표 체제,self_governance_mna,SELF_DIRECT_RISK,412.8,DIRECT_RISK,,COMP_DOMESTIC_STRATEGY,other,자사_및_계열사_이슈,SELF_DIRECT_RISK,self_governance_mna,카카오게임즈 최대주주 변경 및 공동대표 체제,카카오게임즈 최대주주 변경 및 공동대표 체제,카카오 또는 계열사에 직접 발생한 외부 대응 필요 이슈,5,5,5,로컬 보조 라벨 / v26: 오늘 새 직접 사건·진전,로컬 보조 라벨 / v26: 오늘 새 직접 사건·진전 / v40: 직접 리스크는 아니지만 자사 사업 확장·제휴성 이슈로 2순위 반영,issue_selected,카카오,자사 및 계열사 이슈,자사_및_계열사_이슈,자사_및_계열사_이슈,자사_및_계열사_이슈,자사 및 계열사 이슈,9,본문추출성공,pass:self_guardrail_pass,pass:representative_aligned,2,(좌) 카카오게임즈 이시우 공동대표 (우) 카카오게임즈 김태환 공동대표 (사진=카카오게임즈) 카카오게임즈가 김태환 · 이시우 신임. 카카오게임즈는 22일 이사회를 열고 김태환·이시우 공동대표이사 신규 선임을 결의했다고 공시했다.,자사_및_계열사_이슈,"카카오게임즈, 해외 김태환·국내 이시우 '투톱'...투자·인수 추진",https://www.thelec.kr/news/articleView.html?idxno=58423,디일렉,CEO_Morning_Briefing,CEO_Morning_Briefing,2,,,,,
자사_및_계열사_이슈,자사 및 계열사 이슈,카카오,"정보보호 분야 340억원 투입…카카오, AI 경쟁 속 보안도 투자한다",위키리크스한국,위키리크스한국,"Mon, 22 Jun 2026 01:49:00 GMT","Mon, 22 Jun 2026 01:49:00 GMT","정보보호 분야 340억원 투입…카카오, AI 경쟁 속 보안도 투자한다 위키리크스한국","AI 인프라 확대 속 정보보호 투자 8.7% 증가 정보통신업 해킹 급증에 보안 조직·체계 고도화 카카오는 AI 인프라 확대와 함께 이용자 신뢰 확보를 위한 정보보호 투자를 늘리고 있다. 22일 IT업계에 따르면 카카오는 지난해 말 정보보호 부문에 340억4339만원을 투자했다. 전년(313억2705만원) 대비 8.7% 증가한 규모다. 카카오는 AI 서비스 확대와 인프라 고도화에 맞춰 보안 역량 강화에 속도를 내고 있다. 지난해 정보보호 투자 규모는 2021년(141억원) 대비 약 2.4배 증가했다. 단순 보안 시스템 구축을 넘어 서비스 개발 단계부터 보안을 적용하는 데브섹옵스(DevSecOps) 체계를 운영하고, 정기 보안 진단과 모의 침투 훈련, 버그바운티 프로그램 등을 통해 취약점 관리 역량을 강화하고 있다. 이 같은 움직임은 AI 서비스 경쟁이 본격화되면서 이용자 신뢰와 데이터 보호 중요성이 커지고 있기 때문이다. 실제 카카오는 최근 AI 프라이버시 거버넌스 관련 활동을 확대하며 관련 대응 체계 고도화에도 힘을 싣고 있다. 보안 투자 확대는 사이버 위협 증가와도 맞물려 있다. 국회 과학기술정보방송통신위원회 소속 박충권 의원이 과학기술정보통신부로부터 제출받은 자료에 따르면 지난해 국내 사이버 침해사고 신고 건수는 2383건으로 2021년(640건) 대비 약 4배 증가했다. 특히 정보통신업 분야 침해사고는 같은 기간 228건에서 977건으로 4배 이상 늘어난 것으로 나타났다. 다만 AI 투자 확대에 따라 전체 IT 투자 증가 속도가 더 빨라지면서 정보보호 투자 비중은 소폭 낮아졌다. 카카오의 지난해 IT 부문 총 투자액은 8219억8468만원으로 전년 대비 약 14% 증가했다. 이에 따라 정보보호 투자 비중은 2024년 4.3%에서 지난해 4.1%로 0.2% 하락했다. 카카오는 보안 조직과 관리 체계 정비도 병행하고 있다. 대표이사 산하에 정보보호 최고책임자(CISO)와 개인정보보호책임자(CPO)를 두고 정보보호위원회를 운영하고 있으며, 외부 전문가로 구성된 프라이버시 자문위원회를 통해 개인정보 보호 정책과 리스크 관리 체계를 점검하고 있다. 지난해 말 기준 정보보호 전담 인력은 92.2명이다. 업계에서는 생성형 AI 서비스 경쟁이 심화될수록 보안과 개인정보 보호가 플랫폼 기업의 핵심 경쟁력으로 자리 잡을 것으로 보고 있다. AI 기술이 이용자 데이터를 기반으로 고도화되는 만큼 정보보호 투자가 단순 비용이 아닌 신뢰 확보를 위한 필수 투자로 변화하고 있다는 평가다. 카카오 관계자는 ""이용자 보호를 위한 인증 체계 강화와 접근통제, 보안 모니터링 등 실질적인 보안 역량 강화에 중점을 두고 있고, 서비스 개발부터 운영 전 과정에 걸쳐 보안 점검과 취약점 개선 활동을 지속하고 있다""며 ""이용자 신뢰를 최우선 가치로 두고 정보보호 투자와 보안 체계 고도화를 이어갈 계획이다""고 말했다. 공급망부터 연구개발까지…넥센타이어, 유럽 현지화 승부수 공급망부터 연구개발까지…넥센타이어, 유럽 현지화 승부수 SK텔링크, 보안 앞세워 B2B 통합사업자 변신 SK텔링크, 보안 앞세워 B2B 통합사업자 변신 KGM, 무쏘 앞세워 글로벌 픽업 시장 공략 본격화 KGM, 무쏘 앞세워 글로벌 픽업 시장 공략 본격화 안전·효율 경쟁력 강화…진에어, 통합 LCC 준비 속도 안전·효율 경쟁력 강화…진에어, 통합 LCC 준비 속도 한컴, '소버린 에이전틱 OS' 승부수…글로벌 공략 본격화 한컴, '소버린 에이전틱 OS' 승부수…글로벌 공략 본격화 정보보호 분야 340억원 투입…카카오, AI 경쟁 속 보안도 투자한다 정보보호 분야 340억원 투입…카카오, AI 경쟁 속 보안도 투자한다 공급망부터 연구개발까지…넥센타이어, 유럽 현지화 승부수 SK텔링크, 보안 앞세워 B2B 통합사업자 변신 KGM, 무쏘 앞세워 글로벌 픽업 시장 공략 본격화 안전·효율 경쟁력 강화…진에어, 통합 LCC 준비 속도 한컴, '소버린 에이전틱 OS' 승부수…글로벌 공략 본격화 정보보호 분야 340억원 투입…카카오, AI 경쟁 속 보안도 투자한다",1980,bs4_selector,86.0,good,223.2,True,False,https://news.google.com/rss/articles/CBMib0FVX3lxTE9hTDZ2LVhIZGdPNWNRU3pKWTFjSmU4U0pibmNyMEwyTi05czBDZmdnZ2Zsd3lLT2E1WXJ6VmZFU0tQbW1JVTk0VHluMkFJZTR6aHQyMEFtVnNxMDJiZEl4c0E4SmRJajQ5QjRTU1hGRQ?oc=5,http://www.wikileaks-kr.org/news/articleView.html?idxno=188869,114.8,"ai_agent,ai_infrastructure_security,market_power_platform,phishing_security,platform_obligation,policy_legislation,privacy_security_reliability",security_hacking_incident,2026-06-22,meta:article:published_time,original_date_recent,2,283.64,privacy_security:kakao:data_leak:initial_investigation_response,23.0,global_incident:platform_enforcement:kakao:privacy_data_violation:general,global_incident:platform_enforcement:kakao:privacy_data_violation,56.0,self:platform_obligation,Y,,ok,http_200,body_valid,I090,self_privacy_security:정보보호 분야 340억원 투입 카카오 ai 경쟁 속 보안도 투자한다,self_privacy_security,SELF_DIRECT_RISK,381.8,DIRECT_RISK,,,other,자사_및_계열사_이슈,SELF_DIRECT_RISK,self_privacy_security,self_privacy_security:정보보호 분야 340억원 투입 카카오 ai 경쟁 속 보안도 투자한다,self_privacy_security:정보보호 분야 340억원 투입 카카오 ai 경쟁 속 보안도 투자한다,카카오 또는 계열사에 직접 발생한 외부 대응 필요 이슈,5,5,5,로컬 보조 라벨 / v26: 오늘 새 직접 사건·진전,v43_soft_target:자사_및_계열사_이슈: daily-safe portfolio rescue,issue_selected,카카오,자사 및 계열사 이슈,자사_및_계열사_이슈,자사_및_계열사_이슈,자사_및_계열사_이슈,자사 및 계열사 이슈,20,본문추출성공,pass:self_guardrail_pass,pass:representative_aligned,3,AI 인프라 확대 속 정보보호 투자 8.7% 증가 정보통신업 해킹 급증에 보안 조직·체계 고도화 카카오는 AI 인프라 확대와 함께 이용자 신뢰 확보를 위한 정보보호 투자를 늘리고 있다. 22일 IT업계에 따르면 카카오는 지난해 말 정보보호 부문에 340억4339만원을 투자했다.,자사_및_계열사_이슈,"정보보호 분야 340억원 투입…카카오, AI 경쟁 속 보안도 투자한다",http://www.wikileaks-kr.org/news/articleView.html?idxno=188869,위키리크스한국,CEO_Morning_Briefing,CEO_Morning_Briefing,3,v43_soft_target:자사_및_계열사_이슈,,,,
정부_국회,정부/국회,SKT,"""최대 2000억"" 과징금 부과 앞둔 KT, 쿠팡·SKT 선례에 '긴장'",핀포인트뉴스,핀포인트뉴스,"Tue, 23 Jun 2026 02:00:00 GMT","Tue, 23 Jun 2026 02:00:00 GMT","""최대 2000억"" 과징금 부과 앞둔 KT, 쿠팡·SKT 선례에 '긴장' 핀포인트뉴스","대규모 개인정보 유출 및 무단 소액결제 사고와 관련해 개인정보보호위원회(이하 개보위)의 최종 처분을 앞둔 KT에 긴장감이 감돌고 있다. 앞서 유사한 사고를 겪은 SK텔레콤과 쿠팡에 잇따라 대규모 과징금이 부과되면서다. 업계에서는 최근 당국이 개인정보 유출에 대해 강경한 기조를 유지하고 있는 만큼, KT 역시 고강도 처분을 피하기 어려울 것이라는 전망이 나온다. 23일 관련업계에 따르면, 개보위는 최근 KT에 과징금 관련 사전통지서를 전달하고 의견 수렴 절차를 대부분 마무리했다. 현재는 위원회의 최종 의결만 남겨둔 상태로, 이르면 이달 말 전체회의를 통해 최종 처분 수위가 확정될 예정이다. 송경희 개보위원장 역시 지난 11일 브리핑에서 ""KT 건은 이미 사전통지가 이뤄져 검토 중인 단계""라며 ""멀지 않은 시기에 처분을 내릴 것""이라고 밝힌 바 있다. 시장의 관심은 자연스럽게 과징금 규모에 쏠리고 있다. 개보위가 최근 대형 개인정보 유출 사건에 대해 엄격한 기준을 적용하고 있어서다. 앞서 3750만명의 개인정보를 유출한 쿠팡은 지난 11일 개보위로부터 과징금 6246억8100만원을 부과받았다. 이는 국내와 해외를 통틀어 역대 최대로, 지난해 해킹 사태를 겪은 SK텔레콤의 과징금(1348억원)과 비교해도 약 4.6배에 달하는 규모다. 이는 개인정보 유출 기업의 책임을 엄격히 묻는 당국의 기조와도 맞닿아 있다. 국회 역시 최근 고의나 중과실로 대규모 개인정보 유출 사고가 발생할 경우, 전체 매출액의 최대 10%까지 과징금을 부과할 수 있도록 하는 개인정보보호법 개정안을 통과시켰다. 해당 법은 오는 9월부터 시행될 예정이어서 이번 KT 사례에 직접 적용되지는 않지만, 제재 수위가 갈수록 높아지고 있다는 점에서 안심하기 어려운 상황이다. 현행법상 개인정보 유출 과징금은 기업의 전체 매출에서 사건과 무관한 매출을 제외한 뒤, 위반행위의 중대성에 따른 부과기준율을 곱해 최종 금액을 산출한다. 법적 상한선은 직전 3개년 평균 매출의 최대 3%다. 사건과 관련된 매출액을 어디까지 인정할 것인지가 과징금 규모를 결정짓는 핵심 요소가 되는 셈이다. 이에 따라 업계에서는 KT의 전체 매출이 아닌, 유출 사고와 연관된 '무선 서비스 매출'이 과징금 산정의 기준 금액이 될 것으로 보고 있다. 앞서 개보위는 SK텔레콤 제재 당시에도 전체 매출(약 17조원) 대신 통신 매출 중 LTE·5G 개인 고객 매출만을 산정 기준으로 삼고, 사건과 무관한 법인 고객 매출 등은 제외하는 방식을 취했다. KT의 최근 3년간 무선사업 매출은 2023년 6조8000억원, 2024년 6조9000억원, 2025년 7조1000억원으로 평균 약 6조9000억원 수준이다. 이를 바탕으로 법정 상한선인 3%를 단순 적용하면, 총 과징금 규모가 최대 2000억원 안팎에 달할 수 있다는 계산이 나온다. 위반행위의 중대성도 과징금 규모를 좌우할 변수로 꼽힌다. 현재까지 조사 결과에 따르면 KT는 정보 유출을 인지하기까지 11개월이 걸렸고, 서버 장악에 활용된 악성코드도 2년 이상 방치한 것으로 확인됐다. 여기에 소액결제를 통한 실제 금전 피해까지 발생한 만큼, 이 같은 정황이 과징금 산정 과정에서 가중 요인으로 작용할 수 있다. 한 업계 관계자는 “SK텔레콤과 쿠팡 사례를 거치며 개인정보 유출 사고에 대한 당국의 제재 기준이 높아진 것은 분명하다”며 “KT의 경우 피해 규모만으로 타사와 단순 비교하기는 어렵지만 신고 지연과 관리 소홀, 실제 금전 피해 등이 발생했던 만큼 처분 규모가 결코 작지 않을 것”이라고 분석했다. 다만 이번 과징금이 실적에 미치는 영향은 제한적일 것이라는 전망도 존재한다. 회사 측이 해킹 보상 비용을 지난 4분기에 선제적으로 반영했기 때문이다. 앞서 KT는 유심 교체 비용 등 영업비용 2300억원과 개인정보보호위원회 과징금 충당금 관련 영업외비용 1300억원을 계상한 것으로 알려졌다. 한편 KT는 사고 이후 고객 신뢰 회복을 위해 위약금 면제를 포함해 약 4500억원 규모의 고객 보상 프로그램을 시행했다. 이와 함께 정보보안실을 신설하고 최고정보보호책임자(CISO)와 개인정보보호책임자(CPO)를 분리 운영하는 한편, 2030년까지 정보보호 분야에 1조 원을 투자하겠다는 재발 방지 대책을 발표한 바 있다. 손예지 기자 handyeji802@pinpointnews.co.kr 1 [주간 매매 동향] 시장별 외국인 ·기관 순매수도 상위종목 2026.06.20 18:07 2 글로벌 빅테크도 눈독…제주반도체, 온디바이스 AI 확산의 최대 수혜주 부상 2026.06.22 09:50 3 [부고] 은설희(대한경제신문 종합콘텐츠부 과장)씨 부친상 2026.06.20 19:47 4 AI가 코스닥도 바꿨다...바이오 '밀리고' 반도체·소부장 ‘약진’ 2026.06.18 22:11 5 개미들 패닉셀 유도하나… 체인링크 1837만 개 기습 해제에 코인판 '발칵' 2026.06.20 17:14 6 인텔, 이석희 SK하이닉스 前 CEO 영입…""첨단 패키징 경쟁력 강화"" 2026.06.19 17:07 카카오페이, 카카오페이증권 1730억원에 완전자회사 편입 안도걸 의원 ""디지털자산기본법, 하반기 국회서 통과시킬 것"" 메리츠금융 ""홈플러스 회생은 MBK 결단에 달려""…김병주 회장 책임론 제기 1 [주간 매매 동향] 시장별 외국인 ·기관 순매수도 상위종목 2026.06.20 18:07 2 글로벌 빅테크도 눈독…제주반도체, 온디바이스 AI 확산의 최대 수혜주 부상 2026.06.22 09:50 3 [부고] 은설희(대한경제신문 종합콘텐츠부 과장)씨 부친상 2026.06.20 19:47 4 AI가 코스닥도 바꿨다...바이오 '밀리고' 반도체·소부장 ‘약진’ 2026.06.18 22:11 5 개미들 패닉셀 유도하나… 체인링크 1837만 개 기습 해제에 코인판 '발칵' 2026.06.20 17:14 6 인텔, 이석희 SK하이닉스 前 CEO 영입…""첨단 패키징 경쟁력 강화"" 2026.06.19 17:07 1 [주간 매매 동향] 시장별 외국인 ·기관 순매수도 상위종목 2026.06.20 18:07 [주간 매매 동향] 시장별 외국인 ·기관 순매수도 상위종목 2 글로벌 빅테크도 눈독…제주반도체, 온디바이스 AI 확산의 최대 수혜주 부상 2026.06.22 09:50 글로벌 빅테크도 눈독…제주반도체, 온디바이스 AI 확산의 최대 수혜주 부상 3 [부고] 은설희(대한경제신문 종합콘텐츠부 과장)씨 부친상 2026.06.20 19:47 [부고] 은설희(대한경제신문 종합콘텐츠부 과장)씨 부친상 4 AI가 코스닥도 바꿨다...바이오 '밀리고' 반도체·소부장 ‘약진’ 2026.06.18 22:11 AI가 코스닥도 바꿨다...바이오 '밀리고' 반도체·소부장 ‘약진’ 5 개미들 패닉셀 유도하나… 체인링크 1837만 개 기습 해제에 코인판 '발칵' 2026.06.20 17:14 개미들 패닉셀 유도하나… 체인링크 1837만 개 기습 해제에 코인판 '발칵' 6 인텔, 이석희 SK하이닉스 前 CEO 영입…""첨단 패키징 경쟁력 강화"" 2026.06.19 17:07 인텔, 이석희 SK하이닉스 前 CEO 영입…""첨단 패키징 경쟁력 강화"" 카카오페이, 카카오페이증권 1730억원에 완전자회사 편입 안도걸 의원 ""디지털자산기본법, 하반기 국회서 통과시킬 것"" 메리츠금융 ""홈플러스 회생은 MBK 결단에 달려""…김병주 회장 책임론 제기 카카오페이, 카카오페이증권 1730억원에 완전자회사 편입 안도걸 의원 ""디지털자산기본법, 하반기 국회서 통과시킬 것"" 메리츠금융 ""홈플러스 회생은 MBK 결단에 달려""…김병주 회장 책임론 제기",3701,bs4_selector,86.0,good,236.0,True,False,https://news.google.com/rss/articles/CBMic0FVX3lxTFA3YWdsbExfQ2FfTVdmN0ZkLUM4X0pncWstVTVjbGtHSXA4emF1Wk1TLWtqTDBsY2RJdkhpcF9IakZNSjBVYUJTSW1ST0Z5TnlDaTgxMk84QmxMWlV0ekV2amNneHN3ZGZnd0VqSUJWRUlUbUk?oc=5,https://www.pinpointnews.co.kr/news/articleView.html?idxno=462026,320.0,"antitrust_platform,earnings,financial_performance,legal_regulatory_enforcement,phishing_security,platform_obligation,policy_legislation,privacy_security_reliability,strategy_mna_governance",antitrust_general,2026-06-23,meta:article:published_time,original_date_recent,1,292.6,privacy_security:coupang:data_leak:sanction_or_penalty,63.0,global_incident:platform_enforcement:coupang:privacy_data_violation:sanction_penalty,global_incident:platform_enforcement:coupang:privacy_data_violation,56.0,self:platform_obligation,Y,,ok,http_200,body_valid,I001,global_incident:platform_regulation:coupang:coupang_designation_disclosure,comp_domestic_direct_risk,COMPETITOR_PLATFORM_RISK,686.0,,,COMP_DOMESTIC_DIRECT_RISK,domestic,경쟁사_해외이슈,COMPETITOR_PLATFORM_RISK,comp_domestic_direct_risk,global_incident:platform_regulation:coupang:coupang_designation_disclosure,global_incident:platform_regulation:coupang:coupang_designation_disclosure,카카오가 경쟁사 전략·리스크·AI/플랫폼 대응을 비교 참고할 이슈,4,4,5,로컬 보조 라벨 / v26.2: overseas structural industry candidate,로컬 보조 라벨 / v26.2: overseas structural industry candidate,issue_selected,SKT,경쟁사/해외이슈,경쟁사_해외이슈,경쟁사_해외이슈,정부_국회,정부/국회,4,본문추출성공,reassign:v27_korean_official_platform_enforcement_to_gov:platform_enforcement:coupang:privacy_data_violation,pass:representative_aligned,4,대규모 개인정보 유출 및 무단 소액결제 사고와 관련해 개인정보보호위원회(이하 개보위)의 최종 처분을 앞둔 KT에 긴장감이 감돌고 있다. 앞서 3750만명의 개인정보를 유출한 쿠팡은 지난 11일 개보위로부터 과징금 6246억8100만원을 부과받았다.,정부_국회,"""최대 2000억"" 과징금 부과 앞둔 KT, 쿠팡·SKT 선례에 '긴장'",https://www.pinpointnews.co.kr/news/articleView.html?idxno=462026,핀포인트뉴스,CEO_Morning_Briefing,CEO_Morning_Briefing,4,,경쟁사_해외이슈->정부_국회:v27_korean_official_platform_enforcement_to_gov:platform_enforcement:coupang:privacy_data_violation,,,
정부_국회,정부/국회,금융감독원,"금감원, '스페이스X 공모' 과장광고 논란에 현장검사…한투운용 등 겨냥",뉴스로드,뉴스로드,"Tue, 23 Jun 2026 06:55:02 GMT","Tue, 23 Jun 2026 06:55:02 GMT","금감원, '스페이스X 공모' 과장광고 논란에 현장검사…한투운용 등 겨냥 뉴스로드",,0,critical_without_body,0.0,critical_issue_no_body_available,48.5,False,,https://news.google.com/rss/articles/CBMia0FVX3lxTE9zTHJUaHR2dW1MMlh5dXpJSHplOFprbVFCNkdRM2o4dEVabGtCc05LR05YZEpHTk5ycVJROWczeGs3dnFZN2ZmUUJyNi1Nc1dtMXpUQXhLQUh4cGZXMlBjS1BIU0pMZzFmaFZr0gFvQVVfeXFMTVRjRzNZd3hHYnJlMldPcUJULXVNc3NHRGVGYnhMeXRnbUpJaDdfdUNQc1RQMjV6S3RkX25NcmxMQmpvVTlVd1EtMTdLU19pdHdrMHdreURzTFpqbEJGaXFfQ2Y0ejdnVDR3TjJ1Yk93?oc=5,http://www.newsroad.co.kr/news/articleView.html?idxno=60777,225.6,"search_ads,service_reform_backlash",service_reform_backlash,,not_checked_bodyless,not_checked_bodyless,0,-5.0,,,,,,,,,ok,http_200,,I069,government_regulatory_enforcement:금감원 스페이스x 공모 과장광고 논란에 현장검사 한투운용 등 겨냥,government_regulatory_enforcement,GOV_PLATFORM_REGULATION,,,,,,정부_국회,GOV_PLATFORM_REGULATION,government_regulatory_enforcement,government_regulatory_enforcement:금감원 스페이스x 공모 과장광고 논란에 현장검사 한투운용 등 겨냥,government_regulatory_enforcement:금감원 스페이스x 공모 과장광고 논란에 현장검사 한투운용 등 겨냥,카카오 플랫폼·AI·대관 대응 경로에 영향을 줄 수 있는 정책/감독 이슈,4,5,4,로컬 보조 라벨,로컬 보조 라벨,critical_without_body,금융감독원,정부/국회,정부_국회,정부_국회,정부_국회,정부/국회,8,본문추출실패_대체없음_제목링크만,bodyless_pass:v26_2_public_actor_action_pass:public_actor_official_action,pass:representative_aligned,5,,정부_국회,"금감원, '스페이스X 공모' 과장광고 논란에 현장검사…한투운용 등 겨냥",http://www.newsroad.co.kr/news/articleView.html?idxno=60777,뉴스로드,CEO_Morning_Briefing,CEO_Morning_Briefing,5,,,critical_issue_no_body_available,,
정부_국회,정부/국회,카카오톡,"강서구, 장애인 주차위반 과태료 카카오톡으로 알린다",핀포인트뉴스,핀포인트뉴스,"Mon, 22 Jun 2026 00:04:06 GMT","Mon, 22 Jun 2026 00:04:06 GMT","강서구, 장애인 주차위반 과태료 카카오톡으로 알린다 핀포인트뉴스","서울 강서구(구청장 진교훈)가 장애인전용주차구역 위반 과태료를 카카오톡으로 안내하는 모바일 전자고지 서비스를 도입한다. 구는 장애인전용주차구역 위반 과태료 고지서의 전달률을 높이고 주민 편의를 향상하기 위해 오는 7월 1일부터 ‘모바일 전자고지 서비스’를 시행한다고 밝혔다. 그동안 장애인전용주차구역 위반 과태료 사전통지서와 부과고지서는 등기우편으로 발송됐다. 그러나 1인 가구와 맞벌이 가구 증가로 낮 시간대 우편물을 수령하기 어렵거나 실제 거주지와 주민등록상 주소가 달라 고지서가 제때 전달되지 않는 사례가 지속적으로 발생해 왔다. 특히 사전통지서를 받지 못한 주민들은 의견진술 기회를 놓치거나 자진 납부 시 적용되는 과태료 20% 감경 혜택을 받지 못하는 등 불편을 겪어왔다. 이에 구는 카카오톡 알림을 활용한 모바일 전자고지 서비스를 도입해 장애인전용주차구역 위반 과태료 사전통지서와 부과고지서를 휴대전화로 발송할 계획이다. 주민들은 간단한 본인 인증 절차를 거쳐 고지 내용을 즉시 확인할 수 있다. 서비스는 별도의 가입 절차 없이 카카오톡 알림 형태로 제공된다. 다만 모바일 고지서가 발송된 뒤 7일 이내에 열람하지 않을 경우 기존 방식대로 등기우편이 추가 발송된다. 이를 통해 디지털 서비스 이용이 익숙하지 않은 주민들의 불편을 줄이고 고지 누락 가능성도 최소화한다는 방침이다. 구는 이번 서비스 시행으로 고지서 전달률을 높이는 동시에 우편 발송에 따른 행정비용을 절감하고, 보다 신속한 행정서비스를 제공할 수 있을 것으로 기대하고 있다. 구 관계자는 “장애인전용주차구역 위반 모바일 전자고지 서비스는 구민들이 더욱 편리하게 행정정보를 확인할 수 있도록 마련한 제도”라며 “앞으로도 디지털 기술을 활용한 스마트 행정을 확대해 구민 중심의 생활밀착형 서비스를 구현해 나가겠다”고 말했다 한편 모바일 전자고지 서비스와 관련한 자세한 사항은 강서구청 장애인복지과를 통해 확인할 수 있다. 홍인식 기자 his72@pinpointnews.co.kr 1 [주간 매매 동향] 시장별 외국인 ·기관 순매수도 상위종목 2026.06.20 18:07 2 글로벌 빅테크도 눈독…제주반도체, 온디바이스 AI 확산의 최대 수혜주 부상 2026.06.22 09:50 3 [부고] 은설희(대한경제신문 종합콘텐츠부 과장)씨 부친상 2026.06.20 19:47 4 AI가 코스닥도 바꿨다...바이오 '밀리고' 반도체·소부장 ‘약진’ 2026.06.18 22:11 5 개미들 패닉셀 유도하나… 체인링크 1837만 개 기습 해제에 코인판 '발칵' 2026.06.20 17:14 6 인텔, 이석희 SK하이닉스 前 CEO 영입…""첨단 패키징 경쟁력 강화"" 2026.06.19 17:07 카카오페이, 카카오페이증권 1730억원에 완전자회사 편입 안도걸 의원 ""디지털자산기본법, 하반기 국회서 통과시킬 것"" 메리츠금융 ""홈플러스 회생은 MBK 결단에 달려""…김병주 회장 책임론 제기 1 [주간 매매 동향] 시장별 외국인 ·기관 순매수도 상위종목 2026.06.20 18:07 2 글로벌 빅테크도 눈독…제주반도체, 온디바이스 AI 확산의 최대 수혜주 부상 2026.06.22 09:50 3 [부고] 은설희(대한경제신문 종합콘텐츠부 과장)씨 부친상 2026.06.20 19:47 4 AI가 코스닥도 바꿨다...바이오 '밀리고' 반도체·소부장 ‘약진’ 2026.06.18 22:11 5 개미들 패닉셀 유도하나… 체인링크 1837만 개 기습 해제에 코인판 '발칵' 2026.06.20 17:14 6 인텔, 이석희 SK하이닉스 前 CEO 영입…""첨단 패키징 경쟁력 강화"" 2026.06.19 17:07 1 [주간 매매 동향] 시장별 외국인 ·기관 순매수도 상위종목 2026.06.20 18:07 [주간 매매 동향] 시장별 외국인 ·기관 순매수도 상위종목 2 글로벌 빅테크도 눈독…제주반도체, 온디바이스 AI 확산의 최대 수혜주 부상 2026.06.22 09:50 글로벌 빅테크도 눈독…제주반도체, 온디바이스 AI 확산의 최대 수혜주 부상 3 [부고] 은설희(대한경제신문 종합콘텐츠부 과장)씨 부친상 2026.06.20 19:47 [부고] 은설희(대한경제신문 종합콘텐츠부 과장)씨 부친상 4 AI가 코스닥도 바꿨다...바이오 '밀리고' 반도체·소부장 ‘약진’ 2026.06.18 22:11 AI가 코스닥도 바꿨다...바이오 '밀리고' 반도체·소부장 ‘약진’ 5 개미들 패닉셀 유도하나… 체인링크 1837만 개 기습 해제에 코인판 '발칵' 2026.06.20 17:14 개미들 패닉셀 유도하나… 체인링크 1837만 개 기습 해제에 코인판 '발칵' 6 인텔, 이석희 SK하이닉스 前 CEO 영입…""첨단 패키징 경쟁력 강화"" 2026.06.19 17:07 인텔, 이석희 SK하이닉스 前 CEO 영입…""첨단 패키징 경쟁력 강화"" 카카오페이, 카카오페이증권 1730억원에 완전자회사 편입 안도걸 의원 ""디지털자산기본법, 하반기 국회서 통과시킬 것"" 메리츠금융 ""홈플러스 회생은 MBK 결단에 달려""…김병주 회장 책임론 제기 카카오페이, 카카오페이증권 1730억원에 완전자회사 편입 안도걸 의원 ""디지털자산기본법, 하반기 국회서 통과시킬 것"" 메리츠금융 ""홈플러스 회생은 MBK 결단에 달려""…김병주 회장 책임론 제기",2557,bs4_selector,86.0,good,217.0,True,False,https://news.google.com/rss/articles/CBMic0FVX3lxTE40TjhjbU9Eekppd2NBb3cyYjFlZEdqWFc4Q21JZ2R2cXphbmJXZ3k4Q0x0RlZrVktJUkloWlZudGVMSGlZeG50Z3pSRlJUOGdNdjBEU0JzemI2NDREQ1ZWWTc4VDVmcC1PbVFhNVY1VEc3eU3SAXdBVV95cUxPWTBaMjdmRkVIRWJBNGQxWmVpaTVpTnVyck40OTd3TW11X0VONW5TcnV0RWttYWRhZGdtaDgzdGIzNGt3SC1Ra0xTb3pkVzB1VVVGYVFRWG5NakdnT0xsei1sbTBlVm1lZ2hLYkpxbEcxWmdWZFVtMA?oc=5,https://www.pinpointnews.co.kr/news/articleView.html?idxno=461916,104.8,"ai_infrastructure_security,digital_asset_stablecoin,platform_obligation,policy_legislation,privacy_security_reliability,self_pr_promo,stablecoin",stablecoin_forum_aml,2026-06-22,meta:article:published_time,original_date_recent,1,279.3,,21.0,global_incident:platform_regulation:kakao:platform_content_moderation_obligation:policy_change,global_incident:platform_regulation:kakao:platform_content_moderation_obligation,56.0,self:platform_obligation,Y,,ok,http_200,body_valid,I078,global_incident:platform_regulation:kakao:platform_regulation,self_privacy_security,SELF_DIRECT_RISK,411.8,DIRECT_RISK,,,other,정부_국회,SELF_DIRECT_RISK,self_privacy_security,global_incident:platform_regulation:kakao:platform_regulation,global_incident:platform_regulation:kakao:platform_regulation,카카오 또는 계열사에 직접 발생한 외부 대응 필요 이슈,5,5,5,로컬 보조 라벨 / v26: 오늘 새 직접 사건·진전,로컬 보조 라벨 / v26: 오늘 새 직접 사건·진전 / v40: 직접 리스크는 아니지만 자사 사업 확장·제휴성 이슈로 2순위 반영,issue_selected,카카오톡,자사 및 계열사 이슈,자사_및_계열사_이슈,정부_국회,정부_국회,정부/국회,10,본문추출성공,pass:v26_2_public_actor_action_pass:public_actor_official_action,pass:representative_aligned,6,서울 강서구(구청장 진교훈)가 장애인전용주차구역 위반 과태료를 카카오톡으로 안내하는 모바일 전자고지 서비스를 도입한다. 구는 장애인전용주차구역 위반 과태료 고지서의 전달률을 높이고 주민 편의를 향상하기 위해 오는 7월 1일부터 ‘모바일 전자고지 서비스’를 시행한다고 밝혔다.,정부_국회,"강서구, 장애인 주차위반 과태료 카카오톡으로 알린다",https://www.pinpointnews.co.kr/news/articleView.html?idxno=461916,핀포인트뉴스,CEO_Morning_Briefing,CEO_Morning_Briefing,6,,,,Y,
정부_국회,정부/국회,금융위원회,"금융위, 규제 샌드박스 적용대상 가상자산 업권으로 확대",디지털애셋,디지털애셋,"Mon, 22 Jun 2026 02:15:00 GMT","Mon, 22 Jun 2026 02:15:00 GMT","금융위, 규제 샌드박스 적용대상 가상자산 업권으로 확대 디지털애셋","금융위, 규제 샌드박스 적용대상 가상자산 업권으로 확대 가 가 기사의 본문 내용은 이 글자크기로 변경됩니다. 스크롤 이동 상태바 금융위, 규제 샌드박스 적용대상 가상자산 업권으로 확대 가 가 기사의 본문 내용은 이 글자크기로 변경됩니다. 금융위, 규제 샌드박스 적용대상 가상자산 업권으로 확대 가 가 기사의 본문 내용은 이 글자크기로 변경됩니다. 기사의 본문 내용은 이 글자크기로 변경됩니다. 금융위원회가 규제특례(규제 샌드박스) 적용 대상 법령을 가상자산이용자보호법 등으로 확대한다. 금융위 는 19일 이억원 금융위원장 주재로 '규제를 넘는 핀테크, 판을 바꾸는 금융 대전환' 행사를 열었다. 이 행사는 금융규제 샌드박스 제도의 혁신친화적 개선방안에 대한 혁신사업자, 민간전문가, 유관기관 등 제도참여자들의 의견을 듣기 위해 마련했다. 이억원 위원장은 금융규제 샌드박스 제도에 대해 ""금융산업 참여의 저변 확대, 소비자 중심적 서비스 출시, 금융규제의 디지털 전환 등 우리 금융산업의 구조적 변화를 이끌어온 게임 체인저""라고 평가했다. 그러나 ""현행 제도는 혁신 핀테크 기업의 지속적 성장과 제도권 안착을 담보하는 데 일부 한계를 드러냈기 때문에 제도개선 방안을 마련했다""고 설명했다. 이어 ▲핀테크 기업들의 샌드박스 도전기회 확대와 혁신 아이디어 보호를 강화하고 ▲혁신사업자들의 제도권 금융에 연착륙하도록 지원하며 ▲금융규제 샌드박스가 혁신 플랫폼으로 거듭나도록 규제특례 법령 확대, 기획형 샌드박스 활성화 등을 추진하겠다고 덧붙였다. 금융위는 샌드박스를 통한 미래금융 대비를 강화할 계획이다. 이를 위해 먼저 규제특례 대상 법령을 확대한다. 현재 제한적 규제특례 인정범위로는 샌드박스 적용분야에 한계가 있기 때문이다. 그래서 금융·기술환경 변화에 대응한 신규 혁신금융 서비스의 유연한 지정과 운영이 곤란한 상황이 발생한다. 금융위는 금융환경 변화, 시장과 정부 외 샌드박스 수요 등을 반영해 금융업권 서비스를 확대할 계획이다. 구체적으로 인터넷은행법, 가상자산이용자보호법 등 새로운 업권·서비스나 금융 인프라 변화와 관련된 법령 등을 지속 발굴할 계획이다. 또 업권과 부처 협의를 통해 금융규제 샌드박스 적용 수요가 발견되는 경우 조속하게 제도개선을 추진한다. 금융위는 ""금융산업 발전에 맞는 다양한 혁신금융서비스 출현을 유도하려는 것""이라고 설명했다. 규제특례 법령 확대는 금융혁신법 시행령 개정을 통해 3분기부터 추진될 예정이다. 다음으로 신속하고 효율적인 심사체계를 구축한다. 현재 안건의 중요성과 혁신성의 반영이 어려운 경직적 심사구조인데 심사 절차를 안건별로 다원화하고 혁신친화적으로 개편할 계획이다. 이견이 크지 않은 안건은 혁신위 전결 등으로 신속 처리할 수 있도록 절차를 줄이고 전문위원회를 신설해 안건 사전검토 기능을 강화한다. 또 기획형 샌드박스 활용사례를 확대해 정부가 과제를 기획하고 서비스를 실증해 규제개선까지 하향식으로 추진하는 모델을 구축한다. 구체적으로 핀테크 기반 포용적 금융 구현사례를 발굴하거나 역량있는 금융회사에 대한 망분리 규제 의무를 전면 해제하고 금융권의 인공지능(AI) 전환(AX)에 대비한 AI 기반 금융체계를 실증하는 게 추진과제안으로 제시됐다. 그 외에도 샌드박스 이후 제도화 단계에서 정식 인허가를 받았을 때 인정되던 배타적 운영권을 지정 시점부터 부여할 수 있도록 개선하고 서비스 사용화 비용도 패키지형으로 제공해 스타트업의 초기 스테일업을 지원한다. 혁신금융서비스 기간 만료 후 제도권 금융 전환이 신속하고 질서있게 이뤄질 수 있도록 사후관리 체계도 개선한다. 운영성과를 연단위로 밀착점검해 우수 서비스 사용화를 위한 법령정비를 신속하게 추진하고 정비 중 가이드라인을 마련해 운영상 불확실성을 줄일 예정이다. 금융위는 ""제도개선 방안이 신속하게 시장에 안착될 수 있도록 현장 및 유관기관과 지속적으로 소통하고 협력할 예정""이라고 말했다. 금융위원회가 규제특례(규제 샌드박스) 적용 대상 법령을 가상자산이용자보호법 등으로 확대한다. 금융위 는 19일 이억원 금융위원장 주재로 '규제를 넘는 핀테크, 판을 바꾸는 금융 대전환' 행사를 열었다. 이 행사는 금융규제 샌드박스 제도의 혁신친화적 개선방안에 대한 혁신사업자, 민간전문가, 유관기관 등 제도참여자들의 의견을 듣기 위해 마련했다. 이억원 위원장은 금융규제 샌드박스 제도에 대해 ""금융산업 참여의 저변 확대, 소비자 중심적 서비스 출시, 금융규제의 디지털 전환 등 우리 금융산업의 구조적 변화를 이끌어온 게임 체인저""라고 평가했다. 그러나 ""현행 제도는 혁신 핀테크 기업의 지속적 성장과 제도권 안착을 담보하는 데 일부 한계를 드러냈기 때문에 제도개선 방안을 마련했다""고 설명했다. 이어 ▲핀테크 기업들의 샌드박스 도전기회 확대와 혁신 아이디어 보호를 강화하고 ▲혁신사업자들의 제도권 금융에 연착륙하도록 지원하며 ▲금융규제 샌드박스가 혁신 플랫폼으로 거듭나도록 규제특례 법령 확대, 기획형 샌드박스 활성화 등을 추진하겠다고 덧붙였다. 금융위는 샌드박스를 통한 미래금융 대비를 강화할 계획이다. 이를 위해 먼저 규제특례 대상 법령을 확대한다. 현재 제한적 규제특례 인정범위로는 샌드박스 적용분야에 한계가 있기 때문이다. 그래서 금융·기술환경 변화에 대응한 신규 혁신금융 서비스의 유연한 지정과 운영이 곤란한 상황이 발생한다. 금융위는 금융환경 변화, 시장과 정부 외 샌드박스 수요 등을 반영해 금융업권 서비스를 확대할 계획이다. 구체적으로 인터넷은행법, 가상자산이용자보호법 등 새로운 업권·서비스나 금융 인프라 변화와 관련된 법령 등을 지속 발굴할 계획이다. 또 업권과 부처 협의를 통해 금융규제 샌드박스 적용 수요가 발견되는 경우 조속하게 제도개선을 추진한다. 금융위는 ""금융산업 발전에 맞는 다양한 혁신금융서비스 출현을 유도하려는 것""이라고 설명했다. 규제특례 법령 확대는 금융혁신법 시행령 개정을 통해 3분기부터 추진될 예정이다. 다음으로 신속하고 효율적인 심사체계를 구축한다. 현재 안건의 중요성과 혁신성의 반영이 어려운 경직적 심사구조인데 심사 절차를 안건별로 다원화하고 혁신친화적으로 개편할 계획이다. 이견이 크지 않은 안건은 혁신위 전결 등으로 신속 처리할 수 있도록 절차를 줄이고 전문위원회를 신설해 안건 사전검토 기능을 강화한다. 또 기획형 샌드박스 활용사례를 확대해 정부가 과제를 기획하고 서비스를 실증해 규제개선까지 하향식으로 추진하는 모델을 구축한다. 구체적으로 핀테크 기반 포용적 금융 구현사례를 발굴하거나 역량있는 금융회사에 대한 망분리 규제 의무를 전면 해제하고 금융권의 인공지능(AI) 전환(AX)에 대비한 AI 기반 금융체계를 실증하는 게 추진과제안으로 제시됐다. 그 외에도 샌드박스 이후 제도화 단계에서 정식 인허가를 받았을 때 인정되던 배타적 운영권을 지정 시점부터 부여할 수 있도록 개선하고 서비스 사용화 비용도 패키지형으로 제공해 스타트업의 초기 스테일업을 지원한다. 혁신금융서비스 기간 만료 후 제도권 금융 전환이 신속하고 질서있게 이뤄질 수 있도록 사후관리 체계도 개선한다. 운영성과를 연단위로 밀착점검해 우수 서비스 사용화를 위한 법령정비를 신속하게 추진하고 정비 중 가이드라인을 마련해 운영상 불확실성을 줄일 예정이다. 금융위는 ""제도개선 방안이 신속하게 시장에 안착될 수 있도록 현장 및 유관기관과 지속적으로 소통하고 협력할 예정""이라고 말했다.",3583,bs4_selector,86.0,good,226.5,True,False,https://news.google.com/rss/articles/CBMickFVX3lxTFBMYjkyNFFoeDFCU1lsWGVqcDhNZHFIWHM5ODZiaWlhQlFQQU9WZkNpYnJfVWV6b2EyTkpsUTN4SkZzMTFFV1dabEJwQmkxVDAtVTYwX1pMU0dFWlAzRmF6VFQ3VDhSdzVJelJmYW9HTC1YZw?oc=5,https://www.digitalasset.works/news/articleView.html?idxno=41565,102.6,"ai_infrastructure_security,digital_asset_stablecoin,market_power_platform,platform_obligation,policy_legislation,stablecoin",stablecoin_legislation,2026-06-22,json_ld:datePublished,original_date_recent,3,285.95,,7.0,global_incident:platform_regulation:financial_authority:platform_content_moderation_obligation:policy_change,global_incident:platform_regulation:financial_authority:platform_content_moderation_obligation,32.0,self:platform_obligation,Y,,ok,http_200,body_valid,I157,global_incident:digital_asset_policy:financial_authority:digital_asset_policy,government_regulatory_enforcement,GOV_PLATFORM_REGULATION,256.0,,GOV_REGULATORY_ENFORCEMENT,,other,정부_국회,GOV_PLATFORM_REGULATION,government_regulatory_enforcement,global_incident:digital_asset_policy:financial_authority:digital_asset_policy,global_incident:digital_asset_policy:financial_authority:digital_asset_policy,카카오 플랫폼·AI·대관 대응 경로에 영향을 줄 수 있는 정책/감독 이슈,4,5,4,로컬 보조 라벨,v43_hard_min:산업동향: daily-safe portfolio rescue,issue_selected,금융위원회,정부/국회,정부_국회,정부_국회,정부_국회,정부/국회,17,본문추출성공,pass:v26_2_public_actor_action_pass:platform_obligation,pass:representative_aligned,7,"금융위, 규제 샌드박스 적용대상 가상자산 업권으로 확대 가 가 기사의 본문 내용은 이 글자크기로 변경됩니다. 스크롤 이동 상태바 금융위, 규제 샌드박스 적용대상 가상자산 업권으로 확대 가 가 기사의 본문 내용은 이 글자크기로 변경됩니다.",정부_국회,"금융위, 규제 샌드박스 적용대상 가상자산 업권으로 확대",https://www.digitalasset.works/news/articleView.html?idxno=41565,디지털애셋,CEO_Morning_Briefing,CEO_Morning_Briefing,7,v43_hard_min:산업동향,,,Y,
정부_국회,정부/국회,디지털자산기본법,"안도걸 의원 ""디지털자산 기본법 하반기 처리 시동…스테이블코인 입법도 추진""",블록미디어,블록미디어,"Mon, 22 Jun 2026 06:14:00 GMT","Mon, 22 Jun 2026 06:14:00 GMT","안도걸 의원 ""디지털자산 기본법 하반기 처리 시동…스테이블코인 입법도 추진"" 블록미디어","Share Telegram Twitter Facebook Email Copy Link Telegram Twitter Facebook Email Copy Link [블록미디어 오수환 기자] 안도걸 더불어민주당 의원이 하반기 국회에서 디지털자산 (가상자산) 기본법 제정에 속도를 내겠다고 밝혔다. 투자자 보호를 넘어 스테이블코인 의 결제·송금 활용과 실물자산 토큰화 ( RWA ) 시장 성장까지 겨냥한 법·제도 정비에 나서겠다는 구상이다. 안 의원은 22일 서울 여의도 국회의원회관에서 열린 ‘글로벌 디지털자산 제도화 동향과 대한민국 입법 방향’ 세미나에서 “디지털자산 제도화는 더 이상 선택의 문제가 아니다”라며 “투자자 보호와 시장 신뢰 확보는 물론 대한민국이 디지털 금융 시대의 성장 기회를 선점할 수 있는 기반을 마련해야 한다”고 말했다. 안 의원은 블록체인 기반 디지털자산이 결제와 송금 효율성을 높이는 한편, 머니마켓펀드( MMF ), 예금, 부동산 등 실물자산을 디지털 토큰 형태로 발행·거래하는 실물자산 토큰화 ( RWA ) 시장도 빠르게 성장하고 있다고 말했다. 또 글로벌 금융기관들이 토큰화 MMF와 예금 토큰 도입, 디지털자산 기반 거래 시스템 구축에 나서는 등 전통 금융과 디지털 금융의 융합이 본격화되고 있다고 진단했다. 그는 미국을 비롯한 주요국들이 디지털자산 관련 법·제도 정비에 속도를 내며 새로운 금융 인프라 구축 경쟁에 나서고 있다고 소개했다. 이어 우리나라 역시 이러한 변화에 뒤처지지 않기 위해서는 디지털자산 관련 제도적 불확실성을 해소하는 것이 우선 과제라고 강조했다. 안 의원은 “그동안 민주당은 디지털자산 기본법 제정을 위한 논의를 지속해왔고 주요 쟁점에 대한 공감대도 상당 부분 형성됐다”며 “이제는 논의를 넘어 입법으로 나아가야 할 시점”이라면서 “하반기 국회에서 디지털자산 기본법 제정에 속도를 내 투자자 보호와 시장 신뢰를 확보하고, 산업이 건전하게 성장할 수 있는 제도적 기반 마련에 박차를 가하겠다”고 덧붙였다. 아울러 디지털자산 기본법 제정 이후 후속 입법도 추진하겠다고 밝혔다. 안 의원은 스테이블코인 이 기존 전자지급결제수단과 구조적으로 차이가 있는 만큼 결제·정산 과정에 참여하는 사업자의 책임과 이용자 보호 장치를 새롭게 정립해야 한다고 설명했다. 이를 위해 전자금융거래법 등 관련 법률 정비를 적극 추진하겠다고 덧붙였다. 안 의원은 “디지털자산이 투자시장을 넘어 실물경제에서 활용되는 금융 인프라로 발전할 수 있도록 입법적 기반을 차질 없이 구축하겠다”며 “투자자 보호와 시장 신뢰를 확보하는 동시에 디지털 금융 시대의 성장 기회를 선점할 수 있도록 제도 정비에 힘쓰겠다”고 말했다. ""뉴스보다 빠르게, 감정보다 정확하게"" 매일 아침 7시, 시장을 읽는 데이터가 도착합니다.",1362,bs4_selector,86.0,good,174.0,True,False,https://news.google.com/rss/articles/CBMiWEFVX3lxTE9xMENIbEZSdnFVRGxIN2duN3dqaUhYdGt3VTRfUExwTk8wTk5rTU52Y2tocmlKbW9sd1h0djl0bnNnNWJNVmdwSC0tV3BxTmpQTGlja2F4d3A?oc=5,https://www.blockmedia.co.kr/archives/1108288,52.6,"ai_infrastructure_security,digital_asset_stablecoin,market_power_platform,platform_obligation,policy_legislation,stablecoin",stablecoin_forum_aml,2026-06-22,json_ld:datePublished,original_date_recent,21,239.2,,0.0,global_incident:platform_enforcement:meta:delivery_platform_fee_mfn:general,global_incident:platform_enforcement:meta:delivery_platform_fee_mfn,56.0,government:platform_obligation,Y,,ok,http_200,body_valid,I158,global_incident:digital_asset_policy:digital_asset_sector:stablecoin_policy,government_digital_finance_policy,GOV_FINANCIAL_DIGITAL_POLICY,252.0,,GOV_DIGITAL_FINANCE_POLICY,,other,정부_국회,GOV_FINANCIAL_DIGITAL_POLICY,government_digital_finance_policy,global_incident:digital_asset_policy:digital_asset_sector:stablecoin_policy,global_incident:digital_asset_policy:digital_asset_sector:stablecoin_policy,카카오페이·카카오뱅크 등 금융 계열사에 참고 가능한 디지털금융 정책,3,4,3,로컬 보조 라벨,v43_hard_min:산업동향: daily-safe portfolio rescue,issue_selected,디지털자산기본법,정부/국회,정부_국회,정부_국회,정부_국회,정부/국회,18,본문추출성공,pass:v26_2_public_actor_action_pass:public_actor_official_action,pass:representative_aligned,8,Share Telegram Twitter Facebook Email Copy Link Telegram Twitter Facebook Email Copy Link [블록미디어 오수환 기자] 안도걸 더불어민주당 의원이 하반기 국회에서 디지털자산 (가상자산) 기본법 제정에 속도를 내겠다고 밝혔다.,정부_국회,"안도걸 의원 ""디지털자산 기본법 하반기 처리 시동…스테이블코인 입법도 추진""",https://www.blockmedia.co.kr/archives/1108288,블록미디어,CEO_Morning_Briefing,CEO_Morning_Briefing,8,v43_hard_min:산업동향,,,Y,
경쟁사_해외이슈,경쟁사/해외이슈,네이버,"네이버, 엔비디아 DSX로 ‘AI 팩토리’ 짓는다…55MW로 시작해 기가와트급 소버린 AI로",AI 매터스,AI 매터스,"Tue, 23 Jun 2026 05:49:39 GMT","Tue, 23 Jun 2026 05:49:39 GMT","네이버, 엔비디아 DSX로 ‘AI 팩토리’ 짓는다…55MW로 시작해 기가와트급 소버린 AI로 AI 매터스",,0,critical_without_body,0.0,v39_title_link_only:selected_competitor_issue,13.5,False,,https://news.google.com/rss/articles/CBMiVEFVX3lxTE9rVlJ2U01yanpLZHU0UmpSTmtPc0h6bk5YeXdob1ZzUV8xTVBiU2hvVFZRdmZMWVFmOUxJRlBjZi0zQVRHT002SU1OQlJXbUd6Z1VLag?oc=5,https://aimatters.co.kr/news-report/44935,349.5,ai_infrastructure_security,ai_infrastructure_security,,not_checked_bodyless,not_checked_bodyless,0,-5.0,,,,,,,,,ok,http_200,,I003,comp_domestic_ai_platform:네이버 엔비디아 dsx로 ai 팩토리 짓는다 55mw로 시작해 기가와트급 소버린 ai로,comp_domestic_ai_platform,COMPETITOR_AI_STRATEGY,,,,,,경쟁사_해외이슈,COMPETITOR_AI_STRATEGY,comp_domestic_ai_platform,comp_domestic_ai_platform:네이버 엔비디아 dsx로 ai 팩토리 짓는다 55mw로 시작해 기가와트급 소버린 ai로,comp_domestic_ai_platform:네이버 엔비디아 dsx로 ai 팩토리 짓는다 55mw로 시작해 기가와트급 소버린 ai로,카카오가 경쟁사 전략·리스크·AI/플랫폼 대응을 비교 참고할 이슈,4,4,5,로컬 보조 라벨 / v26.2: overseas structural industry candidate,로컬 보조 라벨 / v26.2: overseas structural industry candidate,v39_title_link_only,,,,,경쟁사_해외이슈,경쟁사/해외이슈,5,본문추출실패_대체없음_제목링크만,v39_bodyless_pass:competitor_guardrail_pass,,9,,경쟁사_해외이슈,"네이버, 엔비디아 DSX로 ‘AI 팩토리’ 짓는다…55MW로 시작해 기가와트급 소버린 AI로",https://aimatters.co.kr/news-report/44935,AI 매터스,CEO_Morning_Briefing,CEO_Morning_Briefing,9,,,v39_title_link_only:selected_competitor_issue,,selected_competitor_issue
경쟁사_해외이슈,경쟁사/해외이슈,네이버,"네이버 쇼핑 가구매, 정말 안전할까? 연매출 200억 광고사 지사장이 말하는 현실",아이보스,아이보스,"Tue, 23 Jun 2026 07:00:02 GMT","Tue, 23 Jun 2026 07:00:02 GMT","네이버 쇼핑 가구매, 정말 안전할까? 연매출 200억 광고사 지사장이 말하는 현실 아이보스","네이버 쇼핑 가구매, 정말 안전할까? 연매출 200억 광고사 지사장이 말하는 현실 안녕하세요. 흐름컴퍼니 지사장 박준성 입니다. 이 글을 보시는 분들은 어쩌면 저와 꽤 긴 인연이 될 수도 있다고 생각합니다. 왜냐하면 지금 이 글을 보고 계신 분들은 대부분 네이버 쇼핑 가구매, 네이버 리뷰 마케팅, 네이버 리뷰 작업을 알아보고 계신 대표님들이실 테니까요. 모든 셀러님들과 대표님들은 내 상품 매출을 올리고 싶지, 내리고 싶지는 않으실 겁니다. 그리고 비용을 내고 진행한 네이버 쇼핑 가구매가 오히려 독이 되는 상황 역시 원하지 않으실 겁니다. 오늘은 연매출 200억 이상 규모 광고사의 지사장으로서, 실제 현장에서 가장 많이 받는 질문들에 대해 조금 직설적으로 이야기 해보려고 합니다. 네이버 쇼핑 가구매는 블라인드가 심하다는데 사실인가요? 네. 맞는 말입니다. 오히려 저는 이 부분을 부정하는 업체가 있다면 더 의심해보라고 말씀드리고 싶습니다. 네이버는 쿠팡보다 훨씬 엄격합니다. 쇼핑 리뷰든 영수증 리뷰든 AI가 이상하다고 판단하면 가차 없이 블라인드 처리합니다. 그렇다고 해서 네이버 쇼핑 가구매를 하면 무조건 블라인드가 되느냐? 그건 또 아닙니다. 제가 수년간 진행하면서 느낀 건 결국 진행 방식의 차이입니다. 첫 번째. 상품 상태를 먼저 봐야 합니다. 신규 상품인지. 현재 리뷰가 몇 개인지. 실제 판매량은 얼마나 되는지. 리뷰 10개짜리 상품에 갑자기 리뷰 100개가 달리는 것과 리뷰 500개 상품에 20개가 추가되는 것은 전혀 다른 이야기입니다. 두 번째. 구매하자마자 리뷰 작성하는 방식. 솔직히 저는 이런 방식은 추천하지 않습니다. 실제 소비자들은 물건을 받고 바로 리뷰를 작성하지 않습니다. 보통 며칠 사용해보고 작성합니다. 그래서 리뷰도 실제 소비자 패턴에 가깝게 진행되는 것이 훨씬 자연스럽습니다. 세 번째. 리뷰어 관리입니다. 이 부분은 솔직히 일반 셀러분들이 확인하기 어렵습니다. 한 번 블라인드가 반복된 계정들은 이후에도 문제가 발생하는 경우가 많습니다. 결국 어떤 리뷰어를 사용하느냐가 결과를 좌우합니다. 제가 지금도 가장 신경 쓰는 부분 역시 리뷰어 관리입니다. 네이버 리뷰는 몇 건 정도가 적당한가요? 이 질문은 정말 많이 받습니다. 그런데 솔직히 말씀드리면 저는 이 질문이 가장 답답합니다. 왜냐하면 정답이 없기 때문입니다. 네이버는 쿠팡과 다릅니다. 쿠팡은 비교적 단기적인 반응이 빠르게 나오는 경우가 많지만 네이버는 누적입니다. 저는 항상 대표님들께 네이버는 연금이라고 말씀드립니다. 꾸준히 쌓아야 합니다. 왜냐하면 결국 최상위권에 올라가면 엄청난 매출 차이가 발생하기 때문입니다. 특히 네이버 쇼핑은 총 리뷰 수가 가지는 영향력이 생각보다 큽니다. 추후에 트래픽을 활용하더라도 리뷰가 적은 상품보다 리뷰가 많은 상품이 훨씬 높은 효율을 보여주는 경우가 많습니다. 그래서 ""몇 개 하면 되나요?"" 보다는 오히려 제가 ""얼마나 꾸준히 가져갈 건가요?""라고 여쭙고 싶습니다. 네이버 가구매는 안전한가요? 솔직하게 말씀드리겠습니다. 쿠팡보다 어렵습니다. 그리고 훨씬 엄격합니다. 그래서 아무 업체나 선택해서는 안 됩니다. 실제 활동 이력이 있는 계정인지. 국내 통신사 인증 계정인지. 검색 후 유입이 발생하는지. 상품 탐색 행동이 존재하는지. 실제 사용자처럼 행동 흐름이 구성되는지. 이런 부분들이 전부 중요합니다. 네이버는 단순히 리뷰 숫자만 보는 플랫폼이 아닙니다. 행동 데이터까지 같이 보는 플랫폼입니다. 그래서 같은 네이버 쇼핑 가구매라도 결과 차이가 크게 발생합니다. 마지막으로 한 가지 말씀드리고 싶습니다. 광고업에는 이유 없이 싼 상품이 없습니다. 특히 네이버 쇼핑 가구매나 리뷰 마케팅 업계는 더 그렇습니다. 제가 아이보스를 포함한 여러 커뮤니티를 보다 보면 전문가처럼 이야기하는 분들이 정말 많습니다. 그런데 실제로는 거래처가 거의 없거나 입사한 지 얼마 되지 않은 주니어 직원인 경우도 적지 않습니다. 반대로 현장에서 수년 동안 직접 데이터를 만지고 수천 개의 상품을 운영해본 사람은 보는 관점 자체가 다릅니다. 리뷰를 몇 개 넣을지. 언제 넣을지. 어떤 방식으로 진행할지. 어떤 행동 데이터를 설계할지. 이런 디테일 하나하나가 결국 결과 차이로 이어집니다. 저는 현재 개인 연매출 약 30억 규모의 퍼포먼스 바이럴 마케터로 활동하고 있으며 소상공인 셀러부터 코스닥 상장사까지 다양한 업체를 전담하고 있습니다. 그리고 자신 있게 말씀드릴 수 있습니다. 네이버 쇼핑 가구매는 ""하느냐 안 하느냐""보다 ""누가, 어떤 방식으로 진행하느냐""가 훨씬 중요합니다. ☎ 카톡: sssking ☎ 오픈톡: https://open.kakao.com/o/sceOgK8h ☎ 전화: 010-오공구팔-사사육사",2317,newspaper3k,84.0,good,113.5,True,False,https://news.google.com/rss/articles/CBMiUEFVX3lxTE5QQ0xBT0thMW8xUkNjUWpfbFRyQ3pUMnJjWWt0UnJKaEF1cmlsWmJFWHJyTE5IVkZfSm9hMW5OY1N1aHBrNmxtbl9uMkpsM1BH?oc=5,https://www.i-boss.co.kr/ab-2987-542892,228.5,"ai_infrastructure_security,earnings,financial_performance,market_power_platform,platform_obligation,search_ads",ai_infrastructure_security,2026-06-23,json_ld:datePublished,original_date_recent,3,204.05,,7.0,global_incident:platform_regulation:kakao:platform_data_protection_obligation:executive_or_org_change,global_incident:platform_regulation:kakao:platform_data_protection_obligation,24.0,self:platform_obligation,Y,,ok,http_200,body_valid,I010,comp_domestic_finance_commerce:네이버 쇼핑 가구매 정말 안전할까 연매출 200억 광고사 지사장이 말하는 현실,comp_domestic_finance_commerce,COMPETITOR_PLATFORM_RISK,631.5,,,COMP_DOMESTIC_FINANCE_COMMERCE,domestic,경쟁사_해외이슈,COMPETITOR_PLATFORM_RISK,comp_domestic_finance_commerce,comp_domestic_finance_commerce:네이버 쇼핑 가구매 정말 안전할까 연매출 200억 광고사 지사장이 말하는 현실,comp_domestic_finance_commerce:네이버 쇼핑 가구매 정말 안전할까 연매출 200억 광고사 지사장이 말하는 현실,카카오가 경쟁사 전략·리스크·AI/플랫폼 대응을 비교 참고할 이슈,4,4,5,로컬 보조 라벨 / v26.2: overseas structural industry candidate,로컬 보조 라벨 / v26.2: overseas structural industry candidate,issue_selected,네이버,경쟁사/해외이슈,경쟁사_해외이슈,경쟁사_해외이슈,경쟁사_해외이슈,경쟁사/해외이슈,11,본문추출성공,pass:competitor_guardrail_pass,pass:representative_aligned,10,"네이버 쇼핑 가구매, 정말 안전할까?. 연매출 200억 광고사 지사장이 말하는 현실 안녕하세요.",경쟁사_해외이슈,"네이버 쇼핑 가구매, 정말 안전할까? 연매출 200억 광고사 지사장이 말하는 현실",https://www.i-boss.co.kr/ab-2987-542892,아이보스,CEO_Morning_Briefing,CEO_Morning_Briefing,10,,,,,
경쟁사_해외이슈,경쟁사/해외이슈,네이버,"네이버랩스 유럽, 로봇 두뇌 경량화 기술 공개…피지컬 AI 상용화 속도",비즈트리뷴,비즈트리뷴,"Tue, 23 Jun 2026 07:36:33 GMT","Tue, 23 Jun 2026 07:36:33 GMT","네이버랩스 유럽, 로봇 두뇌 경량화 기술 공개…피지컬 AI 상용화 속도 비즈트리뷴","네이버랩스 유럽 디바인.ㅣ네이버 네이버의 로봇 인공지능(AI) 연구 조직인 네이버랩스 유럽이 자율주행 로봇의 연산 부담을 낮추는 차세대 범용 인코더를 선보였다. 로봇이 사람과 같은 공간에서 움직이기 위해 필요한 시각 인식 기능을 하나의 모델로 묶어 처리 속도와 메모리 효율을 끌어올린 것이 특징이다. 네이버랩스 유럽은 23일 범용 인코더 ‘디바인(DIVINE)’을 공개했다. 인코더는 로봇이 카메라와 라이다(LiDAR) 등 센서로 받아들인 데이터를 AI 모델이 처리할 수 있는 형태로 바꿔주는 핵심 장치다. 기존 자율주행 로봇은 위치 추정, 깊이 계산, 공간 이해, 사람 인식 등 작업별로 별도 인코더를 사용해 왔다. 디바인은 이처럼 나뉘어 있던 여러 인코더 기능을 하나로 통합한 기술이다. 2D 이미지 이해부터 3D 공간 재구성, 사람 인식까지 다양한 시각 AI 작업을 하나의 인코더로 수행할 수 있도록 설계됐다. 로봇이 같은 입력 데이터를 여러 AI 모델에 반복적으로 넣어 처리하던 구조를 줄인 셈이다. 네이버랩스 유럽은 이를 위해 ‘다중 교사 증류’ 방식을 적용했다. 이미지, 공간, 사람 인식 등 각 분야에 특화된 전문가 모델의 핵심 능력을 하나의 학생 모델에 이전하는 방식이다. 회사에 따르면 디바인 적용 시 여러 인코더를 함께 탑재했을 때와 비교해 인코더 메모리 사용량은 약 90% 줄었다. 인코딩 처리 속도는 최대 12배 빨라졌고, 로봇 전체 시스템 기준 메모리 사용량은 약 62% 감소했다. 시스템 처리 속도는 최대 4배까지 높아졌다. 네이버 측은 “이 같은 경량화는 로봇의 실제 활용 범위를 넓히는 데 의미가 있다”며 “기존 로봇용 AI 모델은 연산량이 커 서버나 고성능 컴퓨팅 장비에 의존하는 경우가 많았지만, 디바인은 제한된 온보드 환경에서도 고성능 시각 AI 기능을 수행할 수 있어 소형 로봇이나 현장형 로봇에도 적용 가능성이 커진다”고 설명했다. 증권가에서도 피지컬 AI와 로봇 파운데이션 모델을 차세대 성장 축으로 보고 있다. 미래에셋증권은 ‘피지컬 AI: 휴머노이드로 가는 길’ 보고서에서 최근 1~2년 사이 엔비디아, 구글, 메타 등 글로벌 빅테크의 로봇 투자가 본격화되고 있다고 분석했다. 로봇이 산업 현장과 일상 공간으로 확산되려면 하드웨어뿐 아니라 주변 환경을 이해하고 판단하는 AI 모델의 경량화와 연산 효율 개선이 중요하다는 시각이다. 네이버랩스 유럽의 연구 방향도 이와 맞닿아 있다. 네이버랩스 유럽은 로보틱스 AI 연구의 목표를 현실 세계의 다양한 로봇 시스템을 구동할 수 있는 파운데이션 모델 구축으로 제시해 왔다. 디바인은 여러 전문 인코더를 하나로 통합해 로봇용 AI 모델의 부담을 낮춘다는 점에서 네이버가 추진하는 피지컬 AI 기술 고도화의 연장선에 있다. 네이버랩스 유럽의 관련 연구 성과도 국제 학계에서 인정받았다. 디바인 관련 연구 2건은 각각 2024 유럽컴퓨터비전학회(ECCV)와 2025 컴퓨터비전 및 패턴 인식 컨퍼런스 학술대회(CVPR)에 채택된 바 있다. 두 학회는 컴퓨터비전 분야에서 세계적인 권위를 가진 학술 행사로 꼽힌다. [비즈트리뷴=이서련 기자]",1522,newspaper3k,84.0,good,77.0,True,False,https://news.google.com/rss/articles/CBMicEFVX3lxTE13NlRHMUkyQlpGN0k5aG9NaFJ6YVF0MjFVOWNzZmNFMzMycV9DQzJWcmo5dHpLTm1UaGJLMUVWYkZTTm1WLURKY25WOEpUWXl5dkd1VXcySDdGdVZfa0oxTDMxX3NyVXR4QTFyaG1nNWc?oc=5,https://www.biztribune.co.kr/news/articleView.html?idxno=355054,201.5,"ai_infrastructure_security,platform_obligation",ai_infrastructure_security,2026-06-23,meta:article:published_time,original_date_recent,2,178.5,,23.0,global_incident:platform_regulation:naver:platform_content_moderation_obligation:announcement,global_incident:platform_regulation:naver:platform_content_moderation_obligation,24.0,competitor:platform_obligation,Y,,ok,http_200,body_valid,I015,comp_domestic_ai_platform:네이버랩스 유럽 로봇 두뇌 경량화 기술 공개 피지컬 ai 상용화 속도,comp_domestic_ai_platform,COMPETITOR_AI_STRATEGY,631.5,,,COMP_DOMESTIC_AI_PLATFORM,domestic,경쟁사_해외이슈,COMPETITOR_AI_STRATEGY,comp_domestic_ai_platform,comp_domestic_ai_platform:네이버랩스 유럽 로봇 두뇌 경량화 기술 공개 피지컬 ai 상용화 속도,comp_domestic_ai_platform:네이버랩스 유럽 로봇 두뇌 경량화 기술 공개 피지컬 ai 상용화 속도,카카오가 경쟁사 전략·리스크·AI/플랫폼 대응을 비교 참고할 이슈,4,4,5,로컬 보조 라벨 / v26.2: overseas structural industry candidate,로컬 보조 라벨 / v26.2: overseas structural industry candidate,issue_selected,네이버,경쟁사/해외이슈,경쟁사_해외이슈,경쟁사_해외이슈,경쟁사_해외이슈,경쟁사/해외이슈,12,본문추출성공,pass:competitor_guardrail_pass,pass:representative_aligned,11,네이버랩스 유럽 디바인.ㅣ네이버 네이버의 로봇 인공지능(AI) 연구 조직인 네이버랩스 유럽이 자율주행 로봇의 연산 부담을 낮추는 차세대 범용 인코더를 선보였다. 네이버랩스 유럽은 23일 범용 인코더 ‘디바인(DIVINE)’을 공개했다.,경쟁사_해외이슈,"네이버랩스 유럽, 로봇 두뇌 경량화 기술 공개…피지컬 AI 상용화 속도",https://www.biztribune.co.kr/news/articleView.html?idxno=355054,비즈트리뷴,CEO_Morning_Briefing,CEO_Morning_Briefing,11,,,,,
경쟁사_해외이슈,경쟁사/해외이슈,LGU+,"LGU+, MS 코파일럿 사내 도입 한달만에 임직원 사용률 80% 돌파",뉴시스,뉴시스,"Mon, 22 Jun 2026 00:00:00 GMT","Mon, 22 Jun 2026 00:00:00 GMT","LGU+, MS 코파일럿 사내 도입 한달만에 임직원 사용률 80% 돌파 뉴시스","LGU+, MS 코파일럿 사내 도입 한달만에 임직원 사용률 80% 돌파 기사등록 2026/06/22 09:00:00 누적 프롬프트 44만건 기록…글로벌 기업 평균 70% 웃돌며 전사 안착 사내 데이터 연동으로 보안 해결…데이터 분류 업무 시간 90% 단축 [서울=뉴시스]LG유플러스는 일하는 방식의 근본적 혁신을 위해 생성형 AI 기반 업무 환경을 도입한 지 약 한 달 만에 전사 이용률이 80%를 넘어서는 등 실제 업무에 AI가 빠르게 확산되고 있다고 22일 밝혔다. 사진은 LG유플러스 임직원들이 코파일럿 활용 교육을 받고 있는 모습. (사진=LG유플러스 제공) [서울=뉴시스]윤현성 기자 = LG유플러스가 업무 혁신을 위해 생성형 인공지능(AI) 기반 업무 환경을 도입한 지 약 한 달 만에 전사 이용률 80%를 돌파하는 등 실제 업무 현장에 AI를 빠르게 확산시키고 있다. LG유플러스는 지난달 마이크로소프트(MS)의 '코파일럿(Copilot)'을 전사 표준 업무 도구로 도입한 이후 약 한 달 만에 임직원 사용률이 80%를 넘어섰다고 22일 밝혔다. 이 기간 누적 프롬프트(명령어) 수는 44만건을 기록했다. 임직원 1인당 평균 약 86회의 업무를 AI를 통해 수행한 셈이다. 전체 사용자 중 약 63%는 하루에 한 번 이상 AI를 매일 활용하는 것으로 집계됐다. 사내 업무에 생성형 AI를 도입한 글로벌 기업들의 활용률이 70% 수준인 점을 고려하면, 도입 초기부터 실질적인 업무 도구로 빠르게 자리 잡은 것으로 해석된다. LG유플러스는 코파일럿을 사내 전용 환경으로 구축하고 내부 업무 데이터를 연동해 '회사를 잘 이해하는 AI'로 활용도를 높였다. 기존 외부 AI 서비스의 경우 보안 우려로 사내 데이터 활용이 제한되거나, AI의 답변이 실제 업무 데이터와 부합하는지 추가 검증해야 하는 한계가 있었다. 하지만 코파일럿은 사내 시스템에서 업무 데이터와 실시간으로 연결돼 임직원들의 질문을 업무 맥락 속에서 이해한다. 임직원들은 별도의 자료 가공 없이도 사내 데이터에 기반한 응답을 받아 실제 업무에 활용할 수 있다. 실제 업무 수행 방식의 효율화도 확인됐다. 데이터 분류 업무는 코파일럿 내 '클로드' 모델을 활용해 기준 설정과 분류를 자동화하는 방식으로 전환됐다. 이를 통해 관련 업무 소요 시간이 약 90% 감소한 것으로 나타났다. 보고서 작성 방식도 변화하고 있다. 과거에는 자료를 별도 가공한 뒤 AI와 수차례 대화를 거쳐야 했으나, 현재는 코파일럿 내 GPT와 클로드 모델이 업무 맥락을 반영한 초안을 생성한 뒤 간단한 수정만으로 보고서를 완성하는 수준까지 활용도가 높아졌다. 향후 LG유플러스는 AI를 통한 생산성 향상을 넘어 업무 유형별로 최적화된 AI 환경을 구축해 인공지능 전환(AX)을 고도화할 계획이다. 코파일럿을 전사 표준 업무 도구로 지속 활용하는 동시에 바이브 코딩 영역에는 코덱스와 클로드 코드, 서비스 기획에는 피그마와 클로드, 콘텐츠 생성 부문에는 제미나이를 활용한다. 이처럼 각 특화 영역에서 임직원들이 최적의 AI 모델을 사용할 수 있도록 지원할 방침이다. 황승연 LG유플러스 전략/AX 담당은 ""코파일럿은 도입 이후 비교적 짧은 기간 내 다양한 업무 영역에서 활용이 확인되고 있다""며 ""앞으로도 AI 기반 업무 환경이 안정적으로 정착될 수 있도록 관련 체계를 지속적으로 보완해 나갈 것""이라고 말했다. ◎공감언론 뉴시스 hsyhs@newsis.com LGU+, MS 코파일럿 사내 도입 한달만에 임직원 사용률 80% 돌파 누적 프롬프트 44만건 기록…글로벌 기업 평균 70% 웃돌며 전사 안착 사내 데이터 연동으로 보안 해결…데이터 분류 업무 시간 90% 단축 [서울=뉴시스]LG유플러스는 일하는 방식의 근본적 혁신을 위해 생성형 AI 기반 업무 환경을 도입한 지 약 한 달 만에 전사 이용률이 80%를 넘어서는 등 실제 업무에 AI가 빠르게 확산되고 있다고 22일 밝혔다. 사진은 LG유플러스 임직원들이 코파일럿 활용 교육을 받고 있는 모습. (사진=LG유플러스 제공) [서울=뉴시스]윤현성 기자 = LG유플러스가 업무 혁신을 위해 생성형 인공지능(AI) 기반 업무 환경을 도입한 지 약 한 달 만에 전사 이용률 80%를 돌파하는 등 실제 업무 현장에 AI를 빠르게 확산시키고 있다. LG유플러스는 지난달 마이크로소프트(MS)의 '코파일럿(Copilot)'을 전사 표준 업무 도구로 도입한 이후 약 한 달 만에 임직원 사용률이 80%를 넘어섰다고 22일 밝혔다. 이 기간 누적 프롬프트(명령어) 수는 44만건을 기록했다. 임직원 1인당 평균 약 86회의 업무를 AI를 통해 수행한 셈이다. 전체 사용자 중 약 63%는 하루에 한 번 이상 AI를 매일 활용하는 것으로 집계됐다. 사내 업무에 생성형 AI를 도입한 글로벌 기업들의 활용률이 70% 수준인 점을 고려하면, 도입 초기부터 실질적인 업무 도구로 빠르게 자리 잡은 것으로 해석된다. LG유플러스는 코파일럿을 사내 전용 환경으로 구축하고 내부 업무 데이터를 연동해 '회사를 잘 이해하는 AI'로 활용도를 높였다. 기존 외부 AI 서비스의 경우 보안 우려로 사내 데이터 활용이 제한되거나, AI의 답변이 실제 업무 데이터와 부합하는지 추가 검증해야 하는 한계가 있었다. 하지만 코파일럿은 사내 시스템에서 업무 데이터와 실시간으로 연결돼 임직원들의 질문을 업무 맥락 속에서 이해한다. 임직원들은 별도의 자료 가공 없이도 사내 데이터에 기반한 응답을 받아 실제 업무에 활용할 수 있다. 실제 업무 수행 방식의 효율화도 확인됐다. 데이터 분류 업무는 코파일럿 내 '클로드' 모델을 활용해 기준 설정과 분류를 자동화하는 방식으로 전환됐다. 이를 통해 관련 업무 소요 시간이 약 90% 감소한 것으로 나타났다. 보고서 작성 방식도 변화하고 있다. 과거에는 자료를 별도 가공한 뒤 AI와 수차례 대화를 거쳐야 했으나, 현재는 코파일럿 내 GPT와 클로드 모델이 업무 맥락을 반영한 초안을 생성한 뒤 간단한 수정만으로 보고서를 완성하는 수준까지 활용도가 높아졌다. 향후 LG유플러스는 AI를 통한 생산성 향상을 넘어 업무 유형별로 최적화된 AI 환경을 구축해 인공지능 전환(AX)을 고도화할 계획이다. 코파일럿을 전사 표준 업무 도구로 지속 활용하는 동시에 바이브 코딩 영역에는 코덱스와 클로드 코드, 서비스 기획에는 피그마와 클로드, 콘텐츠 생성 부문에는 제미나이를 활용한다. 이처럼 각 특화 영역에서 임직원들이 최적의 AI 모델을 사용할 수 있도록 지원할 방침이다. 황승연 LG유플러스 전략/AX 담당은 ""코파일럿은 도입 이후 비교적 짧은 기간 내 다양한 업무 영역에서 활용이 확인되고 있다""며 ""앞으로도 AI 기반 업무 환경이 안정적으로 정착될 수 있도록 관련 체계를 지속적으로 보완해 나갈 것""이라고 말했다. ◎공감언론 뉴시스 hsyhs@newsis.com 누적 프롬프트 44만건 기록…글로벌 기업 평균 70% 웃돌며 전사 안착 사내 데이터 연동으로 보안 해결…데이터 분류 업무 시간 90% 단축 [서울=뉴시스]LG유플러스는 일하는 방식의 근본적 혁신을 위해 생성형 AI 기반 업무 환경을 도입한 지 약 한 달 만에 전사 이용률이 80%를 넘어서는 등 실제 업무에 AI가 빠르게 확산되고 있다고 22일 밝혔다. 사진은 LG유플러스 임직원들이 코파일럿 활용 교육을 받고 있는 모습. (사진=LG유플러스 제공) 이 시간 핫 뉴스 백발 배용준 옆 박수진…""얼굴이 고등학생"" 임성민 ""대표·매니저 돈 들고 잠적…국민연금도 못 내"" 김대호, 女아나운서에 ""입에서 발 냄새 나"" 망언 원지, 호주서 인종차별 당했다 ""혐오하는 제스처…"" '음주 뺑소니' 김호중, 가석방…""30일 출소"" 소시 유리, 前 남친 폭로에 당황…""누구 얘기하는 거야?"" '김수현 명예훼손 혐의' 김세의 재판행…구속 기소 43세 한혜진, 레드 미니드레스 자태…파리서 근황 공개 세상에 이런 일이 ""음식에서 돌 나왔다""…치료비 명목 돈 뜯어낸 2명 추적 친모 방임 사망 19개월 딸, 4.7㎏ 처참…법정서 사진공개 층간소음 불만에 윗집 현관문 둔기로 훼손한 40대 여성 체포 부산도시철도 차량기지 침입해 전동차에 그라피티…경찰 추적 ""충전할 돈 없어요""…中서 무릎 꿇고 구걸하는 '로봇 거지' 메뉴 실시간 뉴스 톱기사 히스토리 섹션별 뉴스 지역 뉴스 포토 오늘의 속보",4045,bs4_selector,86.0,good,77.5,True,False,https://news.google.com/rss/articles/CBMieEFVX3lxTE40Q1htcnVBMENtNUhNRUlIUlRnY3NwWG9pbVhpS3NFSzF4Vjg4VU8xanBEZVNjZ25pYWl4VDVkMFFCOGtTdE43c3NzVmVUY2Q1UmliSWdneFhYNm9HSjFBNl90ZWljWm9sUVVQNHJvV2ZnSzFUa3U5MdIBeEFVX3lxTE40Q1htcnVBMENtNUhNRUlIUlRnY3NwWG9pbVhpS3NFSzF4Vjg4VU8xanBEZVNjZ25pYWl4VDVkMFFCOGtTdE43c3NzVmVUY2Q1UmliSWdneFhYNm9HSjFBNl90ZWljWm9sUVVQNHJvV2ZnSzFUa3U5MQ?oc=5,https://mobile.newsis.com/view_amp.html?ar_id=NISX20260622_0003677648,244.5,"ai_agent,ai_infrastructure_security,phishing_security,platform_obligation,policy_legislation,privacy_security_reliability",security_general,2026-06-22,url_date,original_date_recent,7,195.65,,7.0,global_incident:platform_regulation:lguplus:platform_content_moderation_obligation:general,global_incident:platform_regulation:lguplus:platform_content_moderation_obligation,24.0,competitor:platform_obligation,Y,,ok,http_200,body_valid,I033,comp_domestic_strategy:lgu+ ms 코파일럿 사내 도입 한달만에 임직원 사용률 80 돌파,comp_domestic_strategy,COMPETITOR_AI_STRATEGY,617.0,,,COMP_DOMESTIC_STRATEGY,mixed,경쟁사_해외이슈,COMPETITOR_AI_STRATEGY,comp_domestic_strategy,comp_domestic_strategy:lgu+ ms 코파일럿 사내 도입 한달만에 임직원 사용률 80 돌파,comp_domestic_strategy:lgu+ ms 코파일럿 사내 도입 한달만에 임직원 사용률 80 돌파,카카오가 경쟁사 전략·리스크·AI/플랫폼 대응을 비교 참고할 이슈,4,4,5,로컬 보조 라벨 / v26.2: overseas structural industry candidate,로컬 보조 라벨 / v26.2: overseas structural industry candidate,issue_selected,LGU+,경쟁사/해외이슈,경쟁사_해외이슈,경쟁사_해외이슈,경쟁사_해외이슈,경쟁사/해외이슈,13,본문추출성공,pass:competitor_guardrail_pass,pass:representative_aligned,12,"LGU+, MS 코파일럿 사내 도입 한달만에 임직원 사용률 80% 돌파 기사등록 2026/06/22 09:00:00 누적 프롬프트 44만건 기록…글로벌 기업 평균 70% 웃돌며 전사 안착 사내 데이터 연동으로 보안 해결…데이터 분류 업무 시간 90% 단축 [서울=뉴시스]LG유플러스는 일하는 방식의 근본적 혁신을 위해 생성형 AI 기반 업무 환경을 도입한 지 약 한 달 만에 전사 이용률이 80%를 넘어서는 등 실제 업무에 AI가 빠르게 확산되고 있다고 22일 밝혔다.",경쟁사_해외이슈,"LGU+, MS 코파일럿 사내 도입 한달만에 임직원 사용률 80% 돌파",https://mobile.newsis.com/view_amp.html?ar_id=NISX20260622_0003677648,뉴시스,CEO_Morning_Briefing,CEO_Morning_Briefing,12,,,,,
경쟁사_해외이슈,경쟁사/해외이슈,인공지능 산업 동향,"""일관된 애플리케이션 보안이 AI 경쟁력"" F5, 하이브리드 멀티클라우드 시대 ADSP 비전 공개",itworld.co.kr,itworld.co.kr,"Tue, 23 Jun 2026 05:00:25 GMT","Tue, 23 Jun 2026 05:00:25 GMT","""일관된 애플리케이션 보안이 AI 경쟁력"" F5, 하이브리드 멀티클라우드 시대 ADSP 비전 공개 itworld.co.kr","웹 공격과 봇 활동이 지속적으로 증가하는 가운데, 기업들은 전통적 방어 기법의 한계를 직면하고 있다. AI를 활용한 이상 탐지와 자동화된 방어 기제가 차세대 보안 전략의 중심축으로 떠오르면서, 기업 환경에서의 보안 운영 방식이 근본적으로 변화하고 있다. 하이브리드 멀티클라우드 환경의 표준화와 AI 도입 가속화가 동시에 진행되면서 애플리케이션 전송과 보안의 일관성이 기업 혁신의 핵심 과제로 부상하고 있다. 특히 자동화 기반 사이버 위협이 빠르게 진화하는 가운데, AI 기반 방어 체계의 필요성이 갈수록 높아지고 있다. F5코리아가 23일 서울 삼성동 웨스틴 서울 파르나스에서 개최한 ‘F5 기자간담회’에서는 하이브리드·AI 기반 시대를 위한 애플리케이션 전송 및 보안 플랫폼(Application Delivery and Security Platform, ADSP) 비전을 소개했다. 이번 간담회에서는 기업이 모든 환경에서 애플리케이션을 일관되게 전송·보호·운영하면서 AI 도입 확대, 하이브리드 멀티클라우드 운영, 진화하는 사이버 위협에 효과적으로 대응할 수 있는 방안이 논의됐다. F5의 분석에 따르면 기업의 94%가 이미 하이브리드 멀티클라우드 환경에서 운영되고 있으며, 평균 19개 위치에 걸쳐 인프라가 분산되어 있다. 사이버 위협의 양상도 급격히 변화하고 있다. 작년 대비 웹 공격은 77%, 봇 활동은 150% 증가했으며, 공격자들이 자동화 기술을 활용해 공격 규모를 빠르게 확대하고 있는 상황이다. F5코리아 이형욱 지사장은 환영사에서 “F5가 혁신 30주년을 맞은 가운데, 파트너와 고객이 복잡한 비즈니스 과제를 해결하는 애플리케이션을 안정적으로 전송하고 보호할 수 있도록 지속적으로 지원하고 있다”고 말했다. 이 지사장은 “AI 도입 가속화와 하이브리드 멀티클라우드의 표준 운영 모델화, AI 무기화에 따른 위협 진화가 동시에 진행되는 가운데, 한국 기업이 일관된 보안, 성능, 복원력을 바탕으로 안정적인 환경에서 기업 혁신을 추진할 수 있도록 돕고 있다”며 “F5의 ADSP를 통해 기업이 모든 애플리케이션의 전송과 보안을 포괄적으로 구현하고, 다양한 환경과 폼팩터에서도 배포할 수 있도록 지원한다”고 덧붙였다. F5 F5 아시아태평양·중국·일본(APCJ) 지역 마케팅 쿠나 날라판 부사장은 기업 환경을 재편하는 세 가지 주요 흐름을 설명했다. 날라판 부사장은 “하이브리드 멀티클라우드가 더 이상 과도기적 전환 단계가 아니라 상시 운영 모델로 자리 잡았으며, 애플리케이션이 모델과 AI 기반 의사결정 시스템, API, 사용자 경험과 연결되면서 기업은 분산되는 환경 전반에서 일관된 제어 역량을 확보해야 한다”고 강조했다. 동시에 “기업의 94%가 하이브리드 멀티클라우드 환경에서 운영되고 있고, 평균 19개 위치에 걸쳐 운영된다”며 자동화·에이전트 기반으로 고도화되는 보안 위협 증가에 대응하기 위해서는 AI 기반 방어 체계가 필수적이라고 지적했다. F5는 웹 애플리케이션 방화벽(WAF) 아키텍처를 AI 기반 기능 중심으로 새롭게 설계해 최신 애플리케이션 환경 전반에서 발생되는 행위를 실시간으로 검사하고 있다. F5 분산 클라우드 웹 애플리케이션 방화벽은 시그니처 업데이트 없이 10개의 제로데이 취약점을 탐지했으며, 신규 탐지 시그니처의 오탐률을 약 28%에서 1%로 낮추고, 별도의 설정 없이 탐지 정확도를 64%에서 98%로 향상시켰다. 기업 AI 오케스트레이션 보호도 중요한 과제로 부상하고 있다. F5는 ‘F5 AI 레드팀’과 ‘F5 AI 가드레일’을 통해 정교한 취약점 식별과 민감한 데이터 유출 방지를 지원하고 있다. 날라판 부사장은 “프롬프트가 내부 및 외부 API, 데이터베이스, 에이전트, 하위 에이전트와 상호작용하는 사례가 늘어나면서 오케스트레이션은 기업 AI의 핵심 컨트롤 포인트로 부상하고 있다”고 설명했다. F5 AI 가드레일은 퍼블릭 클라우드, 레지던시 제어 기능을 갖춘 퍼블릭 클라우드, 온프레미스 환경, 에어갭(air-gapped) 솔루션 전반에서 유연한 배포 옵션을 제공해 기업이 AI 보안을 규제 및 운영 요구사항에 부합하도록 지원한다. AI 경제에서 에너지가 주요 제약 요인으로 부상하는 가운데 F5는 토큰 기반의 비용 구조에 최적화된 네트워킹과 보안, 로드 밸런싱 역량에 투자하고 있다. F5는 매일 50조 개 이상의 토큰이 생성되고 있는 AI 경제에서 “기업 AI가 효율적으로 확장될 수 있도록 지원하는 것이 핵심”이라고 강조했다. 또한, 애플리케이션 및 AI 스택 전반의 핵심 지점을 이해하고 제어하는 기업이 AI 시대를 선도할 것이라고 강조했다. dl-itworldkorea@foundryco.com 애플리케이션 보안 보안 기술 업계 동향 웹 공격과 봇 활동이 지속적으로 증가하는 가운데, 기업들은 전통적 방어 기법의 한계를 직면하고 있다. AI를 활용한 이상 탐지와 자동화된 방어 기제가 차세대 보안 전략의 중심축으로 떠오르면서, 기업 환경에서의 보안 운영 방식이 근본적으로 변화하고 있다. 하이브리드 멀티클라우드 환경의 표준화와 AI 도입 가속화가 동시에 진행되면서 애플리케이션 전송과 보안의 일관성이 기업 혁신의 핵심 과제로 부상하고 있다. 특히 자동화 기반 사이버 위협이 빠르게 진화하는 가운데, AI 기반 방어 체계의 필요성이 갈수록 높아지고 있다. F5코리아가 23일 서울 삼성동 웨스틴 서울 파르나스에서 개최한 ‘F5 기자간담회’에서는 하이브리드·AI 기반 시대를 위한 애플리케이션 전송 및 보안 플랫폼(Application Delivery and Security Platform, ADSP) 비전을 소개했다. 이번 간담회에서는 기업이 모든 환경에서 애플리케이션을 일관되게 전송·보호·운영하면서 AI 도입 확대, 하이브리드 멀티클라우드 운영, 진화하는 사이버 위협에 효과적으로 대응할 수 있는 방안이 논의됐다. F5의 분석에 따르면 기업의 94%가 이미 하이브리드 멀티클라우드 환경에서 운영되고 있으며, 평균 19개 위치에 걸쳐 인프라가 분산되어 있다. 사이버 위협의 양상도 급격히 변화하고 있다. 작년 대비 웹 공격은 77%, 봇 활동은 150% 증가했으며, 공격자들이 자동화 기술을 활용해 공격 규모를 빠르게 확대하고 있는 상황이다. F5코리아 이형욱 지사장은 환영사에서 “F5가 혁신 30주년을 맞은 가운데, 파트너와 고객이 복잡한 비즈니스 과제를 해결하는 애플리케이션을 안정적으로 전송하고 보호할 수 있도록 지속적으로 지원하고 있다”고 말했다. 이 지사장은 “AI 도입 가속화와 하이브리드 멀티클라우드의 표준 운영 모델화, AI 무기화에 따른 위협 진화가 동시에 진행되는 가운데, 한국 기업이 일관된 보안, 성능, 복원력을 바탕으로 안정적인 환경에서 기업 혁신을 추진할 수 있도록 돕고 있다”며 “F5의 ADSP를 통해 기업이 모든 애플리케이션의 전송과 보안을 포괄적으로 구현하고, 다양한 환경과 폼팩터에서도 배포할 수 있도록 지원한다”고 덧붙였다. F5 F5 아시아태평양·중국·일본(APCJ) 지역 마케팅 쿠나 날라판 부사장은 기업 환경을 재편하는 세 가지 주요 흐름을 설명했다. 날라판 부사장은 “하이브리드 멀티클라우드가 더 이상 과도기적 전환 단계가 아니라 상시 운영 모델로 자리 잡았으며, 애플리케이션이 모델과 AI 기반 의사결정 시스템, API, 사용자 경험과 연결되면서 기업은 분산되는 환경 전반에서 일관된 제어 역량을 확보해야 한다”고 강조했다. 동시에 “기업의 94%가 하이브리드 멀티클라우드 환경에서 운영되고 있고, 평균 19개 위치에 걸쳐 운영된다”며 자동화·에이전트 기반으로 고도화되는 보안 위협 증가에 대응하기 위해서는 AI 기반 방어 체계가 필수적이라고 지적했다. F5는 웹 애플리케이션 방화벽(WAF) 아키텍처를 AI 기반 기능 중심으로 새롭게 설계해 최신 애플리케이션 환경 전반에서 발생되는 행위를 실시간으로 검사하고 있다. F5 분산 클라우드 웹 애플리케이션 방화벽은 시그니처 업데이트 없이 10개의 제로데이 취약점을 탐지했으며, 신규 탐지 시그니처의 오탐률을 약 28%에서 1%로 낮추고, 별도의 설정 없이 탐지 정확도를 64%에서 98%로 향상시켰다. 기업 AI 오케스트레이션 보호도 중요한 과제로 부상하고 있다. F5는 ‘F5 AI 레드팀’과 ‘F5 AI 가드레일’을 통해 정교한 취약점 식별과 민감한 데이터 유출 방지를 지원하고 있다. 날라판 부사장은 “프롬프트가 내부 및 외부 API, 데이터베이스, 에이전트, 하위 에이전트와 상호작용하는 사례가 늘어나면서 오케스트레이션은 기업 AI의 핵심 컨트롤 포인트로 부상하고 있다”고 설명했다. F5 AI 가드레일은 퍼블릭 클라우드, 레지던시 제어 기능을 갖춘 퍼블릭 클라우드, 온프레미스 환경, 에어갭(air-gapped) 솔루션 전반에서 유연한 배포 옵션을 제공해 기업이 AI 보안을 규제 및 운영 요구사항에 부합하도록 지원한다. AI 경제에서 에너지가 주요 제약 요인으로 부상하는 가운데 F5는 토큰 기반의 비용 구조에 최적화된 네트워킹과 보안, 로드 밸런싱 역량에 투자하고 있다. F5는 매일 50조 개 이상의 토큰이 생성되고 있는 AI 경제에서 “기업 AI가 효율적으로 확장될 수 있도록 지원하는 것이 핵심”이라고 강조했다. 또한, 애플리케이션 및 AI 스택 전반의 핵심 지점을 이해하고 제어하는 기업이 AI 시대를 선도할 것이라고 강조했다. dl-itworldkorea@foundryco.com 하이브리드 멀티클라우드 환경의 표준화와 AI 도입 가속화가 동시에 진행되면서 애플리케이션 전송과 보안의 일관성이 기업 혁신의 핵심 과제로 부상하고 있다. 특히 자동화 기반 사이버 위협이 빠르게 진화하는 가운데, AI 기반 방어 체계의 필요성이 갈수록 높아지고 있다. F5코리아가 23일 서울 삼성동 웨스틴 서울 파르나스에서 개최한 ‘F5 기자간담회’에서는 하이브리드·AI 기반 시대를 위한 애플리케이션 전송 및 보안 플랫폼(Application Delivery and Security Platform, ADSP) 비전을 소개했다. 이번 간담회에서는 기업이 모든 환경에서 애플리케이션을 일관되게 전송·보호·운영하면서 AI 도입 확대, 하이브리드 멀티클라우드 운영, 진화하는 사이버 위협에 효과적으로 대응할 수 있는 방안이 논의됐다. F5의 분석에 따르면 기업의 94%가 이미 하이브리드 멀티클라우드 환경에서 운영되고 있으며, 평균 19개 위치에 걸쳐 인프라가 분산되어 있다. 사이버 위협의 양상도 급격히 변화하고 있다. 작년 대비 웹 공격은 77%, 봇 활동은 150% 증가했으며, 공격자들이 자동화 기술을 활용해 공격 규모를 빠르게 확대하고 있는 상황이다. 하이브리드 멀티클라우드 환경의 표준화와 AI 도입 가속화가 동시에 진행되면서 애플리케이션 전송과 보안의 일관성이 기업 혁신의 핵심 과제로 부상하고 있다. 특히 자동화 기반 사이버 위협이 빠르게 진화하는 가운데, AI 기반 방어 체계의 필요성이 갈수록 높아지고 있다. F5코리아가 23일 서울 삼성동 웨스틴 서울 파르나스에서 개최한 ‘F5 기자간담회’에서는 하이브리드·AI 기반 시대를 위한 애플리케이션 전송 및 보안 플랫폼(Application Delivery and Security Platform, ADSP) 비전을 소개했다. 이번 간담회에서는 기업이 모든 환경에서 애플리케이션을 일관되게 전송·보호·운영하면서 AI 도입 확대, 하이브리드 멀티클라우드 운영, 진화하는 사이버 위협에 효과적으로 대응할 수 있는 방안이 논의됐다. F5의 분석에 따르면 기업의 94%가 이미 하이브리드 멀티클라우드 환경에서 운영되고 있으며, 평균 19개 위치에 걸쳐 인프라가 분산되어 있다. 사이버 위협의 양상도 급격히 변화하고 있다. 작년 대비 웹 공격은 77%, 봇 활동은 150% 증가했으며, 공격자들이 자동화 기술을 활용해 공격 규모를 빠르게 확대하고 있는 상황이다. F5코리아 이형욱 지사장은 환영사에서 “F5가 혁신 30주년을 맞은 가운데, 파트너와 고객이 복잡한 비즈니스 과제를 해결하는 애플리케이션을 안정적으로 전송하고 보호할 수 있도록 지속적으로 지원하고 있다”고 말했다. 이 지사장은 “AI 도입 가속화와 하이브리드 멀티클라우드의 표준 운영 모델화, AI 무기화에 따른 위협 진화가 동시에 진행되는 가운데, 한국 기업이 일관된 보안, 성능, 복원력을 바탕으로 안정적인 환경에서 기업 혁신을 추진할 수 있도록 돕고 있다”며 “F5의 ADSP를 통해 기업이 모든 애플리케이션의 전송과 보안을 포괄적으로 구현하고, 다양한 환경과 폼팩터에서도 배포할 수 있도록 지원한다”고 덧붙였다. F5 F5 아시아태평양·중국·일본(APCJ) 지역 마케팅 쿠나 날라판 부사장은 기업 환경을 재편하는 세 가지 주요 흐름을 설명했다. 날라판 부사장은 “하이브리드 멀티클라우드가 더 이상 과도기적 전환 단계가 아니라 상시 운영 모델로 자리 잡았으며, 애플리케이션이 모델과 AI 기반 의사결정 시스템, API, 사용자 경험과 연결되면서 기업은 분산되는 환경 전반에서 일관된 제어 역량을 확보해야 한다”고 강조했다. 동시에 “기업의 94%가 하이브리드 멀티클라우드 환경에서 운영되고 있고, 평균 19개 위치에 걸쳐 운영된다”며 자동화·에이전트 기반으로 고도화되는 보안 위협 증가에 대응하기 위해서는 AI 기반 방어 체계가 필수적이라고 지적했다. F5는 웹 애플리케이션 방화벽(WAF) 아키텍처를 AI 기반 기능 중심으로 새롭게 설계해 최신 애플리케이션 환경 전반에서 발생되는 행위를 실시간으로 검사하고 있다. F5 분산 클라우드 웹 애플리케이션 방화벽은 시그니처 업데이트 없이 10개의 제로데이 취약점을 탐지했으며, 신규 탐지 시그니처의 오탐률을 약 28%에서 1%로 낮추고, 별도의 설정 없이 탐지 정확도를 64%에서 98%로 향상시켰다. F5코리아 이형욱 지사장은 환영사에서 “F5가 혁신 30주년을 맞은 가운데, 파트너와 고객이 복잡한 비즈니스 과제를 해결하는 애플리케이션을 안정적으로 전송하고 보호할 수 있도록 지속적으로 지원하고 있다”고 말했다. 이 지사장은 “AI 도입 가속화와 하이브리드 멀티클라우드의 표준 운영 모델화, AI 무기화에 따른 위협 진화가 동시에 진행되는 가운데, 한국 기업이 일관된 보안, 성능, 복원력을 바탕으로 안정적인 환경에서 기업 혁신을 추진할 수 있도록 돕고 있다”며 “F5의 ADSP를 통해 기업이 모든 애플리케이션의 전송과 보안을 포괄적으로 구현하고, 다양한 환경과 폼팩터에서도 배포할 수 있도록 지원한다”고 덧붙였다. F5 아시아태평양·중국·일본(APCJ) 지역 마케팅 쿠나 날라판 부사장은 기업 환경을 재편하는 세 가지 주요 흐름을 설명했다. 날라판 부사장은 “하이브리드 멀티클라우드가 더 이상 과도기적 전환 단계가 아니라 상시 운영 모델로 자리 잡았으며, 애플리케이션이 모델과 AI 기반 의사결정 시스템, API, 사용자 경험과 연결되면서 기업은 분산되는 환경 전반에서 일관된 제어 역량을 확보해야 한다”고 강조했다. 동시에 “기업의 94%가 하이브리드 멀티클라우드 환경에서 운영되고 있고, 평균 19개 위치에 걸쳐 운영된다”며 자동화·에이전트 기반으로 고도화되는 보안 위협 증가에 대응하기 위해서는 AI 기반 방어 체계가 필수적이라고 지적했다. F5는 웹 애플리케이션 방화벽(WAF) 아키텍처를 AI 기반 기능 중심으로 새롭게 설계해 최신 애플리케이션 환경 전반에서 발생되는 행위를 실시간으로 검사하고 있다. F5 분산 클라우드 웹 애플리케이션 방화벽은 시그니처 업데이트 없이 10개의 제로데이 취약점을 탐지했으며, 신규 탐지 시그니처의 오탐률을 약 28%에서 1%로 낮추고, 별도의 설정 없이 탐지 정확도를 64%에서 98%로 향상시켰다. 기업 AI 오케스트레이션 보호도 중요한 과제로 부상하고 있다. F5는 ‘F5 AI 레드팀’과 ‘F5 AI 가드레일’을 통해 정교한 취약점 식별과 민감한 데이터 유출 방지를 지원하고 있다. 날라판 부사장은 “프롬프트가 내부 및 외부 API, 데이터베이스, 에이전트, 하위 에이전트와 상호작용하는 사례가 늘어나면서 오케스트레이션은 기업 AI의 핵심 컨트롤 포인트로 부상하고 있다”고 설명했다. F5 AI 가드레일은 퍼블릭 클라우드, 레지던시 제어 기능을 갖춘 퍼블릭 클라우드, 온프레미스 환경, 에어갭(air-gapped) 솔루션 전반에서 유연한 배포 옵션을 제공해 기업이 AI 보안을 규제 및 운영 요구사항에 부합하도록 지원한다. AI 경제에서 에너지가 주요 제약 요인으로 부상하는 가운데 F5는 토큰 기반의 비용 구조에 최적화된 네트워킹과 보안, 로드 밸런싱 역량에 투자하고 있다. F5는 매일 50조 개 이상의 토큰이 생성되고 있는 AI 경제에서 “기업 AI가 효율적으로 확장될 수 있도록 지원하는 것이 핵심”이라고 강조했다. 또한, 애플리케이션 및 AI 스택 전반의 핵심 지점을 이해하고 제어하는 기업이 AI 시대를 선도할 것이라고 강조했다. dl-itworldkorea@foundryco.com 기업 AI 오케스트레이션 보호도 중요한 과제로 부상하고 있다. F5는 ‘F5 AI 레드팀’과 ‘F5 AI 가드레일’을 통해 정교한 취약점 식별과 민감한 데이터 유출 방지를 지원하고 있다. 날라판 부사장은 “프롬프트가 내부 및 외부 API, 데이터베이스, 에이전트, 하위 에이전트와 상호작용하는 사례가 늘어나면서 오케스트레이션은 기업 AI의 핵심 컨트롤 포인트로 부상하고 있다”고 설명했다. F5 AI 가드레일은 퍼블릭 클라우드, 레지던시 제어 기능을 갖춘 퍼블릭 클라우드, 온프레미스 환경, 에어갭(air-gapped) 솔루션 전반에서 유연한 배포 옵션을 제공해 기업이 AI 보안을 규제 및 운영 요구사항에 부합하도록 지원한다. AI 경제에서 에너지가 주요 제약 요인으로 부상하는 가운데 F5는 토큰 기반의 비용 구조에 최적화된 네트워킹과 보안, 로드 밸런싱 역량에 투자하고 있다. F5는 매일 50조 개 이상의 토큰이 생성되고 있는 AI 경제에서 “기업 AI가 효율적으로 확장될 수 있도록 지원하는 것이 핵심”이라고 강조했다. 또한, 애플리케이션 및 AI 스택 전반의 핵심 지점을 이해하고 제어하는 기업이 AI 시대를 선도할 것이라고 강조했다. dl-itworldkorea@foundryco.com 이메일 주소를 입력해 쉽게 가입할 수 있습니다.",8865,bs4_selector,76.0,good,104.0,True,False,https://news.google.com/rss/articles/CBMi2AJBVV95cUxPREp4X3ZGSGRpWndZMnBEVHRYM3Z2a0FjU0pqdjhZVWlMaDNZSXRDVzBRZVVuNnhUWDRUX0RtQVNmXzNJaDVlU2tMUFQ1eTlrUnE4VmN0N0JNNUlxNFI1MlNtNXFpRDE2aEpWemx1cmt3VklGbHJzRHZWUWNuMFlVS2RNYmU2Nm9oQ1RkdVNnWTQxQ3hfM1hJd3UxWFlkOTRsVV9HVGdVVGc3T1FNSHNLMTViOU91YWx0Y3RDZ0YyMUFyZXdJLWNnOXZ4UEZibTdnQzVrVlpnNFliWmZDcmdrbFYyanlnandGQzZXMlZCQlBUSnpjOHAxY2ZfellOT3hFY2RNMWo2TjJiWEh1WGZVWjdaQ0RHdG9IcHczWk5TS1lXWS1ieHM0dFVyN1N6X2pwOUJTM0R3eFJULXFkVGlFaGtEWjM3a3l1Nk1xUERHN3RiYUo1YUdjVQ?oc=5,https://www.itworld.co.kr/article/4188237/%EC%9D%BC%EA%B4%80%EB%90%9C-%EC%95%A0%ED%94%8C%EB%A6%AC%EC%BC%80%EC%9D%B4%EC%85%98-%EB%B3%B4%EC%95%88%EC%9D%B4-ai-%EA%B2%BD%EC%9F%81%EB%A0%A5-f5-%ED%95%98%EC%9D%B4%EB%B8%8C%EB%A6%AC%EB%93%9C.html,213.0,"ai_infrastructure_security,market_power_platform,phishing_security,platform_obligation,policy_legislation,privacy_security_reliability",security_general,2026-06-23,json_ld:datePublished,original_date_recent,3,177.2,privacy_security:apple:data_leak:initial_investigation_response,0.0,global_incident:platform_regulation:apple:platform_data_protection_obligation:investigation_or_consultation,global_incident:platform_regulation:apple:platform_data_protection_obligation,24.0,competitor:platform_obligation,Y,,ok,http_200,body_valid,I084,comp_overseas_platform_ai:일관된 애플리케이션 보안이 ai 경쟁력 f5 하이브리드 멀티클라우드 시대 adsp 비전 공개,comp_overseas_platform_ai,COMPETITOR_AI_STRATEGY,401.5,,,COMP_OVERSEAS_PLATFORM_AI,overseas,경쟁사_해외이슈,COMPETITOR_AI_STRATEGY,comp_overseas_platform_ai,comp_overseas_platform_ai:일관된 애플리케이션 보안이 ai 경쟁력 f5 하이브리드 멀티클라우드 시대 adsp 비전 공개,comp_overseas_platform_ai:일관된 애플리케이션 보안이 ai 경쟁력 f5 하이브리드 멀티클라우드 시대 adsp 비전 공개,카카오가 경쟁사 전략·리스크·AI/플랫폼 대응을 비교 참고할 이슈,4,3,4,로컬 보조 라벨 / v26.2: overseas structural industry candidate,v43_hard_min:산업동향: daily-safe portfolio rescue,issue_selected,인공지능 산업 동향,산업동향,산업동향,경쟁사_해외이슈,경쟁사_해외이슈,경쟁사/해외이슈,15,본문추출성공,pass:competitor_guardrail_pass,pass:representative_aligned,13,"하이브리드 멀티클라우드 환경의 표준화와 AI 도입 가속화가 동시에 진행되면서 애플리케이션 전송과 보안의 일관성이 기업 혁신의 핵심 과제로 부상하고 있다. F5코리아가 23일 서울 삼성동 웨스틴 서울 파르나스에서 개최한 ‘F5 기자간담회’에서는 하이브리드·AI 기반 시대를 위한 애플리케이션 전송 및 보안 플랫폼(Application Delivery and Security Platform, ADSP) 비전을 소개했다.",경쟁사_해외이슈,"""일관된 애플리케이션 보안이 AI 경쟁력"" F5, 하이브리드 멀티클라우드 시대 ADSP 비전 공개",https://www.itworld.co.kr/article/4188237/%EC%9D%BC%EA%B4%80%EB%90%9C-%EC%95%A0%ED%94%8C%EB%A6%AC%EC%BC%80%EC%9D%B4%EC%85%98-%EB%B3%B4%EC%95%88%EC%9D%B4-ai-%EA%B2%BD%EC%9F%81%EB%A0%A5-f5-%ED%95%98%EC%9D%B4%EB%B8%8C%EB%A6%AC%EB%93%9C.html,itworld.co.kr,CEO_Morning_Briefing,CEO_Morning_Briefing,13,v43_hard_min:산업동향,,,,
