"date","section","rank","title","press","url","issue_group","issue_family","body_status","qa_overall","title_hash","url_hash","summary","selected","article_id","canonical_url","event_key","event_stage","article_form","todayness_score","todayness_reason","source_version"
"2026.6.5","자사_및_계열사_이슈","1","카카오게임즈, 22일 임시주총…공동대표 전환 시동","SBSBiz","https://biz.sbs.co.kr/amp/article/20000314511","카카오게임즈 최대주주 변경 및 공동대표 체제","경영권/인선","본문추출성공","양호","카카오게임즈 22일 임시주총 공동대표 전환 시동","https://biz.sbs.co.kr/amp/article/20000314511","카카오게임즈, 22일 임시주총…공동대표 전환 시동 SBS Biz 안지혜 입력2026.06.04 17:22 수정2026.06.04 17:27 [경기 성남시 카카오게임즈 사옥의 로고 (연합뉴스 자료사진)] 일본 라인야후가 출자한 특수목적법인(SPC)에 인수 절차가 진행 중인 카카오게임즈가 이달 말 임시 주주총회를 열고 외부 인사를 이사로 영입합니음.","True","1","","","","","","",""
"2026.6.5","자사_및_계열사_이슈","2","카카오, 구글 딥마인드 손잡고 AI 콘텐츠 워터마크 도입","공유경제신문","https://www.seconomy.kr/news/articleView.html?idxno=139744","카카오-구글 딥마인드 AI 콘텐츠 워터마크 도입","AI_기술_협력","본문추출성공","양호","카카오 구글 딥마인드 손잡고 ai 콘텐츠 워터마크 도입","https://www.seconomy.kr/news/articleView.html?idxno=139744","자체 AI 모델 ‘카나나’ 이미지·영상에 신스ID 적용 하반기부터 비가시적 워터마크 삽입···AI 생성물 신뢰성 강화 카카오가 구글 딥마인드와 손잡고 자체 생성형 AI 콘텐츠에 디지털 워터마크를 도입하며 AI 서비스 신뢰도 확보에 나선음. 카카오는 지난달 20일 구글 딥마인드와 AI 생성 콘텐츠의 투명성 강화를 위한 기술 파트너십을 체결했다고 밝힘.","True","2","","","","","","",""
"2026.6.5","자사_및_계열사_이슈","3","스타벅스 결제액 130억원 줄어…카톡 선물 1위는 탈환","연합뉴스TV","https://www.yonhapnewstv.co.kr/news/MYH20260604231801STQ","카톡 선물하기 내 스타벅스 교환권/소비 변화","카카오톡 선물하기","본문추출성공","양호","스타벅스 결제액 130억원 줄어 카톡 선물 1위는 탈환","https://www.yonhapnewstv.co.kr/news/MYH20260604231801STQ","경제 스타벅스 결제액 130억원 줄어…카톡 선물 1위는 탈환 오주현 기자 입력 2026-06-04 23:18:03 기사 읽어주기 서비스는 크롬기반의 브라우저에서만 사용하실 수 있습니음. 공유하기 카카오톡 페이스북메신저 페이스북 X 네이버블로그 네이버밴드 글자크기 가 가 가 가 가 오주현 기자 입력 2026-06-04 23:18:03 기사 읽어주기 서비스는 크롬기반의 브라우저에서만 사용하실 수 있습니음.","True","3","","","","","","",""
"2026.6.5","정부_국회","4","""불법촬영 이미지도 7월부터 '차단 의무'""…방미통위 설명회","연합뉴스","https://www.yna.co.kr/amp/view/AKR20260604139200017","플랫폼 불법촬영 이미지 차단 의무 확대","유통방지_조치","본문추출성공","양호","불법촬영 이미지도 7월부터 차단 의무 방미통위 설명회","https://www.yna.co.kr/amp/view/AKR20260604139200017","(서울=연합뉴스) 유현민 기자 = 불법촬영물 유통방지 의무 대상이 다음.","True","4","","","","","","",""
"2026.6.5","정부_국회","5","[AI 3강의 꿈, 중간성적표]①AIDC특별법·GPU 확보 긍정적…부처간 협업은 '지지부진'","v.daum.net","https://v.daum.net/v/20260605064300584","국가 AI 인프라/AIDC/GPU 정책","AI 인프라 및 정책","본문추출성공","양호","ai 3강의 꿈 중간성적표 aidc특별법 gpu 확보 긍정적 부처간 협업은 지지부진","https://v.daum.net/v/20260605064300584","[AI 3강의 꿈, 중간성적표]①AIDC특별법·GPU 확보 긍정적…부처간 협업은 '지지부진' 공병선 2026임. 06:43 음성재생 설정 이동 통신망에서 음성 재생 시 데이터 요금이 발생할 수 있습니음.","True","5","","","","","","",""
"2026.6.5","정부_국회","6","금융위 안창국 상임위원, 금융안정위 총회…AI도입 등 논의","네이트","https://news.nate.com/view/20260605n09878","금융권 AI 도입 가이드라인/모범사례","AI 도입 논의","본문추출성공","양호","금융위 안창국 상임위원 금융안정위 총회 ai도입 등 논의","https://news.nate.com/view/20260605n09878","재판매 및 DB 금지] (서울=연합뉴스) 배영경 기자 = 금융위원회 안창국 상임위원이 영국 런던에서 열린 금융안정위원회(FSB) 총회에 참석해 금융권의 인공지능(AI) 도입 문제 등을 논의했다고 5일 금융위는 밝힘. 지난 1일 열린 금융안정위원회 총회에서는 '금융기관의 책임.","True","6","","","","","","",""
"2026.6.5","정부_국회","7","공정위, 이달부터 AI가상모델 표시 의무화…업계도 주의해야","fn아이포커스","https://www.fneyefocus.com/news/articleView.html?idxno=20701","AI 가상모델 표시 의무화","AI 윤리 및 규제","본문추출성공","양호","공정위 이달부터 ai가상모델 표시 의무화 업계도 주의해야","https://www.fneyefocus.com/news/articleView.html?idxno=20701","AI( 인공지능 ) 가 우리 생활 전반에 깊숙이 파고든 가운데 , 정부가 최근 소비자 보호를 위해 ‘AI 가상인물 표시 의무화 ’ 에 나선음. 공정거래위원회 ( 위원장 주병기 · 이하 공정위 ) 는 ‘ 추천 · 보증 등에 관한 표시 · 광고 심사지침 ’ 을 개정해 AI 로 생성된 가상인물이 광고에 등장할 경우 소비자가 쉽게 인지할 수 있도록 ‘ 가상인물 ’ 임을 의무적으로 표시하도록 했음.","True","7","","","","","","",""
"2026.6.5","정부_국회","8","금융당국, 가상자산 해외 거래 규제 완화… 사업자 자금세탁방지 책임 강화","tokenpost.kr","https://www.tokenpost.kr/amp/news/cryptocurrency/366382","가상자산 이전거래/AML 규제 조정","가상자산 규제 완화","본문추출성공","양호","금융당국 가상자산 해외 거래 규제 완화 사업자 자금세탁방지 책임 강화","https://www.tokenpost.kr/amp/news/cryptocurrency/366382","금융당국, 가상자산 해외 거래 규제 완화… 사업자 자금세탁방지 책임. 5일 금융당국과 가상자산 업계에 따르면 금융위원회 산하 금융정보분석원(FIU)은 전날 가상자산 거래소 대표들과 만나 특정금융정보법 시행령 개정안에 대한 의견을 들은 뒤 이같이 가닥을 잡았음.","True","8","","","","","","",""
"2026.6.5","경쟁사_해외이슈","9","네이버페이, 안드로이드 기기 호환성 오류 긴급 복구 완료… ""앱 업데이트 필요""","이데일리","https://www.edaily.co.kr/News/Read?newsId=04113126645478768&mediaCodeNo=257","네이버페이 앱 장애/복구","서비스_장애","본문추출성공","양호","네이버페이 안드로이드 기기 호환성 오류 긴급 복구 완료 앱 업데이트 필요","https://www.edaily.co.kr/News/Read?newsId=04113126645478768&mediaCodeNo=257","장애 시간 동안 일부 사용자들은 앱 접속 등에 일시적인 불편을 겪었다.이번 오류는 최근 진행된 구글 안드로이드 운영체제(OS)의 특정 기기 대상 업데이트와 네이버페이 앱 간의 호환성 충돌로 인해 발생한 것으로 분석됨.","True","9","","","","","","",""
"2026.6.5","경쟁사_해외이슈","10","[단독]금감원, '쿠팡페이' 제재 절차 돌입…'원아이디' 적정성 쟁점","아이뉴스24","https://www.inews24.com/view/1974121","쿠팡페이 제재 절차 돌입","전자금융 규제 및 제재","본문추출성공","양호","금감원 쿠팡페이 제재 절차 돌입 원아이디 적정성 쟁점","https://www.inews24.com/view/1974121","[아이뉴스24 박은경 기자] 금융감독원이 쿠팡페이에 대한 검사 의견 정리를 마무리하고 제재 절차에 착수했음. 5일 금융권에 따르면 금감원은 쿠팡페이에 대한 검사 의견을 정리하고 제재를 위한 법리 검토를 진행 중임.","True","10","","","","","","",""
"2026.6.5","경쟁사_해외이슈","11","네이버 창작자 지원, AI 검색 활용 영역까지 확대","smartbizn.com","https://www.smartbizn.com/news/articleView.html?idxno=145507","네이버_AI_검색_기능_확대","AI_검색_및_창작자_지원","본문추출성공","양호","네이버 창작자 지원 ai 검색 활용 영역까지 확대","https://www.smartbizn.com/news/articleView.html?idxno=145507","네이버가 창작자 지원 프로그램을 블로그와 숏폼, 유료 콘텐츠 영역에서 AI 검색 환경으로 넓히고 있음. / 사진=네이버 | 스마트비즈 = 신동현 기자 | 네이버가 창작자 지원 프로그램을 블로그와 숏폼, 유료 콘텐츠 영역에서 AI 검색 환경으로 넓히고 있음.","True","11","","","","","","",""
"2026.6.5","경쟁사_해외이슈","12","애플 ""매출상위 앱 100개 중 40개가 AI 탑재…거래액성장률 4배""","v.daum.net","https://v.daum.net/v/20260605052701536","애플_앱스토어_AI_탑재_앱_현황","AI_앱_및_결제","본문추출성공","양호","애플 매출상위 앱 100개 중 40개가 ai 탑재 거래액성장률 4배","https://v.daum.net/v/20260605052701536","애플 ""매출상위 앱 100개 중 40개가 AI 탑재…거래액성장률 4배"" 이한나 기자 2026임. 05:27 글자크기 설정 파란원을 좌우로 움직이시면 글자크기가 변경 됩니음.","True","12","","","","","","",""
"2026.6.5","산업동향","13","[AI는 지금] 모델보다 플랫폼…기업 AI 에이전트 전략 바뀐다","v.daum.net","https://v.daum.net/v/pJV3IfMVka","AI 에이전트와 IT 인프라","AI_에이전트_전략","본문추출성공","양호","ai는 지금 모델보다 플랫폼 기업 ai 에이전트 전략 바뀐다","https://v.daum.net/v/pJV3IfMVka","플랫폼…기업 AI 에이전트 전략 바뀐음. 15:48 음성재생 설정 이동 통신망에서 음성 재생 시 데이터 요금이 발생할 수 있습니음.","True","13","","","","","","",""
"2026.6.8","자사_및_계열사_이슈","1","카카오 파업 예고에 정부 촉각…비상대응체계 점검","연합뉴스","https://www.yna.co.kr/amp/view/AKR20260608070700017","카카오 노조 임단협/파업 및 내부 갈등","노조 파업","본문추출성공","주의","카카오 파업 예고에 정부 촉각 비상대응체계 점검","https://www.yna.co.kr/amp/view/AKR20260608070700017","(서울=연합뉴스) 권하영 기자 = 과학기술정보통신부는 오는 10일로 예고된 카카오[035720] 노조 파업에 대비해 카카오 측과 점검 회의를 개최했다고 8일 밝힘. 최우혁 과기정통부 정보보호네트워크정책실장과 카카오 서영훈 부사장이 참석한 이 자리에서 양측은 카카오톡·카카오맵 등 국민 생활과 밀접한 주요임.","True","1","","","","","","",""
"2026.6.8","자사_및_계열사_이슈","2","카카오뱅크, 501조 퇴직연금 시장 진입 채비…AI 연금서비스 검토","MTN 머니투데이방송","https://news.mtn.co.kr/news-detail/2026060812405474516","카카오뱅크 퇴직연금 시장 진입","금융 서비스","본문추출성공","주의","카카오뱅크 501조 퇴직연금 시장 진입 채비 ai 연금서비스 검토","https://news.mtn.co.kr/news-detail/2026060812405474516","8일 카카오뱅크가 퇴직연금 사업 진출을 준비하며 연금·자산관리 영역으로 보폭을 넓히고 있음. / 제공=뉴스1 카카오뱅크가 500조원을 넘어선 퇴직연금 시장 진입을 준비하고 있음.","True","2","","","","","","",""
"2026.6.8","자사_및_계열사_이슈","3","챗GPT의 다음 목표는 ‘슈퍼앱’…카카오·삼성·SK와 맞물린 오픈AI 한국 전략","테크42","https://www.tech42.co.kr/%EC%B1%97gpt%EC%9D%98-%EB%8B%A4%EC%9D%8C-%EB%AA%A9%ED%91%9C%EB%8A%94-%EC%8A%88%ED%8D%BC%EC%95%B1%EC%B9%B4%EC%B9%B4%EC%98%A4%C2%B7%EC%82%BC%EC%84%B1%C2%B7sk%EC%99%80","챗GPT의 슈퍼앱 전략 및 오픈AI 한국 전략","AI 슈퍼앱","본문추출성공","주의","챗gpt의 다음 목표는 슈퍼앱 카카오 삼성 sk와 맞물린 오픈ai 한국 전략","https://www.tech42.co.kr/%EC%B1%97gpt%EC%9D%98-%EB%8B%A4%EC%9D%8C-%EB%AA%A9%ED%91%9C%EB%8A%94-%EC%8A%88%ED%8D%BC%EC%95%B1%EC%B9%B4%EC%B9%B4%EC%98%A4%C2%B7%EC%82%BC%EC%84%B1%C2%B7sk%EC%99%80","외신 “OpenAI, 챗GPT에 코딩·AI 에이전트·외부 서비스 연동 강화” 카카오와 AI 제품 개발, 삼성·SK와 스타게이트 협력…한국 사업 이미 다층화 국내 플랫폼 기업엔 기회이자 압박…AI 비서가 사용자 접점 재편 챗GPT를 중심으로 메시징·검색·예약·쇼핑·문서·코딩·결제 서비스가 연결되는 AI 슈퍼앱 가상 이미지임. (이미지=AI로 생성) 생성형 AI 경쟁의 무게중심이 다시 이동하고 있음.","True","3","","","","","","",""
"2026.6.8","정부_국회","4","방미심위, 청소년 노출 성인 웹툰 광고 1천여건 제재","매일경제 마켓","https://stock.mk.co.kr/news/view/1100378","방심위, 청소년 노출 성인 웹툰 광고 제재","방송통신위원회 제재","본문추출성공","주의","방미심위 청소년 노출 성인 웹툰 광고 1천여건 제재","https://stock.mk.co.kr/news/view/1100378","방미심위, 청소년 노출 성인 웹툰 광고 1천여건 제재 유현민 입력 : 2026.06.08 13:05:58 (서울=연합뉴스) 유현민 기자 = 방송미디어통신심의위원회는 청소년 접근 제한 조치 없이 유통된 성인 웹툰 광고 1천81건에 대해 삭제·접속차단 등의 시정 요구를 의결했다고 8일 밝힘.","True","4","","","","","","",""
"2026.6.8","정부_국회","5","올해 국가정보보호백서 살펴보니…""AI가 스스로 해킹하는 시대 왔다""","뉴스웍스","https://www.newsworks.co.kr/news/articleView.html?idxno=843135","국가정보보호백서, AI 기반 해킹 시대 도래","국가 정보보호","본문추출성공","주의","올해 국가정보보호백서 살펴보니 ai가 스스로 해킹하는 시대 왔다","https://www.newsworks.co.kr/news/articleView.html?idxno=843135","AI가 스스로 표적을 분석하고 침투하는 '에이전틱 AI' 공격이 현실로 다가오자, 정부는 국가정보원에 국가인공지능안보센터를 신설하고 '국가·공공기관 AI 보안 가이드북'을 배포했음. 국가정보원, 과학기술정보통신부, 행정안전부, 개인정보보호위원회, 금융위원회, 외교부는 8일 이 같은 내용을 담은 '2026 국가정보보호백서'를 공개했음.","True","5","","","","","","",""
"2026.6.8","정부_국회","6","AI 서버 랙 하나가 65가구분 전력을 삼킨다, 미국 30개 주 300건 법안의 경고","한국데이터경제신문","https://www.dataeconomy.co.kr/news/articleView.html?idxno=40506","AI 서버 전력 소비 규제","AI 에너지 소비","본문추출성공","주의","ai 서버 랙 하나가 65가구분 전력을 삼킨다 미국 30개 주 300건 법안의 경고","https://www.dataeconomy.co.kr/news/articleView.html?idxno=40506","본지가 4월 29일 보도한 미국 메인주 데이터센터 모라토리엄 법안 및 14개 주 규제 동향에 이어, 2026년 상반기 미국의 데이터센터 전력 규제가 전국적 규모로 확산되고 있습니음.","True","6","","","","","","",""
"2026.6.8","정부_국회","7","뉴엔AI-한국에너지정보문화재단, AI 기반 에너지 이슈 분석·정보 검증 협력","디지틀조선일보","https://digitalchosun.dizzo.com/site/data/html_dir/2026/06/08/2026060880043.html","AI 기반 에너지 이슈 분석·정보 검증 협력","AI 에너지 이슈","본문추출성공","주의","뉴엔ai 한국에너지정보문화재단 ai 기반 에너지 이슈 분석 정보 검증 협력","https://digitalchosun.dizzo.com/site/data/html_dir/2026/06/08/2026060880043.html","- 산업 맞춤형 AI 분석 기업 뉴엔AI가 한국에너지정보문화재단과 에너지 관련 정보의 신뢰성 제고를 위한 협력 사업을 추진한다고 8일 밝힘. 배성환 뉴엔AI 대표는 “에너지 이슈는 국가 정책의 핵심이자 국민 삶에 직결된 사안인 만큼 정확한 데이터에 기반한 소통이 필수적”이라며 “재단과 협력해 AI 기반 분석 기술을 활용한 정보 검증 체계를 구축하고, 신뢰할 수 있는 에너지 정보 제공에 기여하겠다”고 말했음.","True","7","","","","","","",""
"2026.6.8","정부_국회","8","지선 끝났는데 또 미뤄진 디지털자산기본법…업계 ""답답함 넘어 분통""","네이트","https://news.nate.com/view/20260608n00073","디지털자산기본법 제정 지연","디지털자산기본법","본문추출성공","주의","지선 끝났는데 또 미뤄진 디지털자산기본법 업계 답답함 넘어 분통","https://news.nate.com/view/20260608n00073","6·3 지방선거가 마무리되면서 디지털자산기본법 논의 재개 기대감이 커지고 있지만, 정치권의 법안 발의와 핵심 쟁점 조율은 여전히 지연되면서 업계의 피로감이 커지고 있음. /국회=남윤호 기자 [더팩트ㅣ박지웅 기자] 6·3 지방선거가 마무리되면서 그동안 정치 일정에 밀려 있던 디지털자산기본법(가상자산 2단계 법안) 논의가 본격화될 것이라는 기대감이 커지고 있음.","True","8","","","","","","",""
"2026.6.8","경쟁사_해외이슈","9","‘통신사→AI 인프라 기업’…SKT, 그룹 AI 전략 핵심축 부상","서울경제","https://www.sedaily.com/article/20052980?ref=sedailyEng","국가 AI 인프라/AIDC/GPU 정책","AI 인프라","본문추출성공","주의","통신사 ai 인프라 기업 skt 그룹 ai 전략 핵심축 부상","https://www.sedaily.com/article/20052980?ref=sedailyEng","그동안 엔비디아의 SK그룹 내 협력이 고성능 메모리 공급을 맡은 SK하이닉스를 중심으로 이뤄졌다면, 앞으로는 SK텔레콤이 AI를 실제 산업 현장에 공급·활용하는 인프라 구축의 핵심 파트너로 부상할 전망임. 이번에 양 기업이 발표한 AI 팩토리는 기존 데이터센터를 넘어 GPU, 고성능 메모리, 네트워크, 전력, 운영 소프트웨어가 결합된 차세대 AI 생산 기반을 의미한음.","True","9","","","","","","",""
"2026.6.8","경쟁사_해외이슈","10","[분석_AI플랫폼 ②네이버] 최수연 체제 네이버, AI 투자 확대에 순이익 급감... 플랫폼 성장 이어갔지만 수익성 방어 시험대 올라","뉴스워커","http://www.newsworker.co.kr/news/articleView.html?idxno=430132","네이버 AI 투자 확대 및 수익성 시험대","네이버 AI 전략","본문추출성공","주의","분석 ai플랫폼 네이버 최수연 체제 네이버 ai 투자 확대에 순이익 급감 플랫폼 성장 이어갔지만 수익성 방어 시험대 올라","http://www.newsworker.co.kr/news/articleView.html?idxno=430132","[분석_AI플랫폼 ②네이버] 최수연 체제 네이버, AI 투자 확대에 순이익 급감임. 스크롤 이동 상태바 [분석_AI플랫폼 ②네이버] 최수연 체제 네이버, AI 투자 확대에 순이익 급감임.","True","10","","","","","","",""
"2026.6.8","경쟁사_해외이슈","11","CU편의점·티빙 등 대형서비스 3곳 해킹… 개인정보 줄줄 새","v.daum.net","https://v.daum.net/v/QWQVIgEoWj?f=p","CU편의점·티빙 등 해킹","개인정보보호","본문추출성공","주의","cu편의점 티빙 등 대형서비스 3곳 해킹 개인정보 줄줄 새","https://v.daum.net/v/QWQVIgEoWj?f=p","CU편의점·티빙 등 대형서비스 3곳 해킹… 개인정보 줄줄 새 김강우 기자 2026임. 17:48 음성재생 설정 이동 통신망에서 음성 재생 시 데이터 요금이 발생할 수 있습니음.","True","11","","","","","","",""
"2026.6.8","경쟁사_해외이슈","12","美 정부, AI기업 지분 보유 검토… 오픈AI와 논의","v.daum.net","https://v.daum.net/v/20260607163817116?f=p","미국 정부, AI 기업 지분 보유 검토 (오픈AI 논의)","AI_정부정책_해외","본문추출성공","주의","정부 ai기업 지분 보유 검토 오픈ai와 논의","https://v.daum.net/v/20260607163817116?f=p","美 정부, AI기업 지분 보유 검토… 오픈AI와 논의 팽동현 2026임. 16:38 음성재생 설정 이동 통신망에서 음성 재생 시 데이터 요금이 발생할 수 있습니음.","True","12","","","","","","",""
"2026.6.8","산업동향","13","'새만금 AI·수소도시' 속도…김윤덕 장관, 베이징·내몽골 수소생태계 점검","네이트","https://news.nate.com/view/20260608n24097","새만금 AI·수소도시 추진","AI 수소도시","본문추출성공","주의","새만금 ai 수소도시 속도 김윤덕 장관 베이징 내몽골 수소생태계 점검","https://news.nate.com/view/20260608n24097","국토교통부는 김윤덕 장관을 단장으로 한 출장단이 8일부터 10일까지 3일간 중국을 방문해 수소 생산·이송·저장·활용 등 전 주기 수소 기반 시설 구축 현황과 관련 정책 동향을 점검한다고 밝힘. 이번 방문은 지난 2월 정부와 현대차그룹이 체결한 9조원 규모의 새만금 투자 협약을 뒷받침하기 위한 차원임.","True","13","","","","","","",""
"2026.6.9","자사_및_계열사_이슈","1","카카오 파업 예고에 정부 촉각…비상대응체계 점검","연합뉴스","https://www.yna.co.kr/amp/view/AKR20260608070700017","카카오 노조 임단협/파업 및 내부 갈등","노사갈등","본문추출성공","주의","카카오 파업 예고에 정부 촉각 비상대응체계 점검","https://www.yna.co.kr/amp/view/AKR20260608070700017","(서울=연합뉴스) 권하영 기자 = 과학기술정보통신부는 오는 10일로 예고된 카카오[035720] 노조 파업에 대비해 카카오 측과 점검 회의를 개최했다고 8일 밝힘. 최우혁 과기정통부 정보보호네트워크정책실장과 카카오 서영훈 부사장이 참석한 이 자리에서 양측은 카카오톡·카카오맵 등 국민 생활과 밀접한 주요임.","True","1","","","","","","",""
"2026.6.9","자사_및_계열사_이슈","2","실적 좋은데 카카오는 날 수 없다, 왜?","네이트","https://news.nate.com/view/20260605n33662","카카오 실적 대비 주가 부진","카카오톡_경영/실적","본문추출실패_대체없음_제목링크만","주의","실적 좋은데 카카오는 날 수 없다 왜","https://news.nate.com/view/20260605n33662","실적 좋은데 카카오는 날 수 없다, 왜? 네이트","True","2","","","","","","",""
"2026.6.9","자사_및_계열사_이슈","3","카카오 준신위, 'AI 기본법' 대응 워크숍 개최","뉴시스","https://www.newsis.com/view/NISX20260609_0003661784","카카오 준신위, AI 기본법 대응 워크숍 개최","AI 법제화","본문추출실패_대체없음_제목링크만","주의","카카오 준신위 ai 기본법 대응 워크숍 개최","https://www.newsis.com/view/NISX20260609_0003661784","카카오 준신위, 'AI 기본법' 대응 워크숍 개최 뉴시스","True","3","","","","","","",""
"2026.6.9","자사_및_계열사_이슈","4","캐피털업계 지형 변화 일어날까, 1조 규모 애큐온캐피탈 인수전 뜨겁고 카카오뱅크도 진출 예고","비즈니스포스트","https://www.businesspost.co.kr/BP?command=article_view&num=439495","애큐온캐피탈 인수전 및 카카오뱅크 진출","인수합병","본문추출성공","주의","캐피털업계 지형 변화 일어날까 1조 규모 애큐온캐피탈 인수전 뜨겁고 카카오뱅크도 진출 예고","https://www.businesspost.co.kr/BP?command=article_view&num=439495","<카카오뱅크> [비즈니스포스트] 메리츠금융그룹, 한화생명, 카카오뱅크 등이 국내 캐피털시장 진출의 문을 두드리면서 캐피털업계에 지형변화가 일어날 가능성이 나온다.메리츠금융그룹과 한화생명은 1조 원 규모 애큐온캐피탈·저축은행 인수전에 나서 캐피털업계 규모의 변화 기대감을 키우고 있음.","True","4","","","","","","",""
"2026.6.9","정부_국회","5","개인정보 유출한 티빙·CU…쿠팡 최종 제재 수위만 기다린다","v.daum.net","https://v.daum.net/v/pcudYb8BWV?f=p","티빙·CU 개인정보 유출, 쿠팡 제재 수위 주목","개인정보 유출","본문추출성공","주의","개인정보 유출한 티빙 cu 쿠팡 최종 제재 수위만 기다린다","https://v.daum.net/v/pcudYb8BWV?f=p","개인정보 유출한 티빙·CU…쿠팡 최종 제재 수위만 기다린음. 18:16 음성재생 설정 이동 통신망에서 음성 재생 시 데이터 요금이 발생할 수 있습니음.","True","5","","","","","","",""
"2026.6.9","정부_국회","6","“아동·청소년 디지털 성범죄 대응체계 개선 방안 모색”…여성가족부·방통위·경찰청 및 법조·시민사회 모여 플랫폼 규제와 공조 체계 진단:동아경제신문 & daenews.co.kr","동아경제","https://www.daenews.co.kr/25441","global_incident:platform_regulation:platform_sector:platform_regulation","government_regulatory_enforcement","본문추출성공","주의","아동 청소년 디지털 성범죄 대응체계 개선 방안 모색 여성가족부 방통위 경찰청 및 법조 시민사회 모여 플랫폼 규제와 공조 체계 진단 동아경제신문 daenews co kr","https://www.daenews.co.kr/25441","/ 자료=김한규·황정아 국회의원실·한국여성변호사회 [동아경제신문=동아경제신문 기자] 온라인 채팅 플랫폼과 소셜네트워크서비스(SNS)를 매개로 한 아동·청소년 대상 디지털 성범죄 및 그루밍 성착취 기법이 갈수록 지능화·고도화되는 가운데 피해자 지원 체계의 사각지대를 진단하고 사법·행정당국의 실효성 있는 규제 방안을 마련하기 위한 입법 정책 토론의 장이 국회에서 열린음.","True","6","","","","","","",""
"2026.6.9","정부_국회","7","스테이블코인 감독권 갈등에 막힌 '디지털 자산 기본법'…원화 스테이블코인·현물 ETF로 돌파구 모색","뉴스N연합","https://newsyonhap.com/news/107786","스테이블코인 감독권 갈등에 막힌 '디지털 자산 기본법'","디지털 자산/스테이블코인 규제","본문추출성공","주의","스테이블코인 감독권 갈등에 막힌 디지털 자산 기본법 원화 스테이블코인 현물 etf로 돌파구 모색","https://newsyonhap.com/news/107786","금융위원회와 한국은행이 스테이블코인 감독 권한을 놓고 팽팽한 이견을 좁히지 못하면서, '디지털 자산 기본법'의 시행이 2026년으로 연기됐음. 정부는 이 공백을 메우기 위해 원화 기반 스테이블코인 개발과 디지털 자산 현물 상장지수펀드(ETF) 도입을 2026년 경제 성장 전략의 핵심 축으로 동시에 추진 중임.","True","7","","","","","","",""
"2026.6.9","정부_국회","8","중국, ‘뒷광고·가짜 리뷰’ 겨냥…온라인 제품평가 규제 강화","법치뉴스","http://www.bubb.co.kr/news/articleView.html?idxno=4886","중국, 온라인 제품평가 규제 강화","플랫폼 규제_표시/광고","본문추출성공","주의","중국 뒷광고 가짜 리뷰 겨냥 온라인 제품평가 규제 강화","http://www.bubb.co.kr/news/articleView.html?idxno=4886","중국 정부가 온라인 제품 리뷰와 비교평가 시장에 대한 규제를 대폭 강화한음. 중국 정부는 최근 온라인 리뷰·비교평가 산업이 급성장하면서 소비자 구매 결정에 미치는 영향력이 커졌지만, 일부 플랫폼과 인플루언서들이 과장 광고와 허위 리뷰, 협찬 은폐, 광고와 평가의 경계가 불분명한 콘텐츠 등을 양산하고 있다고 지적했음.","True","8","","","","","","",""
"2026.6.9","경쟁사_해외이슈","9","오픈AI도 IPO 비공개 신청서 제출…""시기 아직 결정 안해""","뉴시스","https://www.newsis.com/view/NISX20260609_0003661376","오픈AI IPO 추진","오픈AI","본문추출성공","주의","오픈ai도 ipo 비공개 신청서 제출 시기 아직 결정 안해","https://www.newsis.com/view/NISX20260609_0003661376","등록 2026.06.09 09:20:19 수정 2026.06.09 09:52:24 [보스턴=AP/뉴시스] 챗GPT 개발사 오픈AI가 미 증권거래위원회(SEC)에 비공개 상장 신청서를 제출하면서 기업공개(IPO) 절차에 본격 착수했음. 사진은 2023년 3월9일 미국 보스턴에서 컴퓨터 화면 앞 휴대전화에 오픈AI 로고가 있는 모습임.","True","9","","","","","","",""
"2026.6.9","경쟁사_해외이슈","10","삼성SDS, 과기정통부 첨단 GPU 사업 선정에 주가 강세","디지털데일리","https://www.ddaily.co.kr/page/view/2026060909393680546","국가 AI 인프라/AIDC/GPU 정책","government_ai_core_policy","본문추출성공","주의","삼성sds 과기정통부 첨단 gpu 사업 선정에 주가 강세","https://www.ddaily.co.kr/page/view/2026060909393680546","삼성SDS, 과기정통부 첨단 GPU 사업 선정에 주가 강세 [디지털데일리 김보민기자] 삼성SDS가 정부 대규모 그래픽처리장치(GPU) 확보·구축·운용 지원 사업 참여 기업으로 선정되며 주가 강세를이어가고 있음. 이번 주가 상승은 전날 과학기술정보통신부가 발표한 첨단 GPU 확보·구축·운용 지원 사업 참여 기업 선정 결과가 영향을 미친 것으로 풀이됨.","True","10","","","","","","",""
"2026.6.9","경쟁사_해외이슈","11","일베금지법 완벽정리 처벌부터 위헌 논란까지, 정말 커뮤니티 폐쇄가 가능할까","네이버 프리미엄콘텐츠","https://contents.premium.naver.com/ahnlaw/anlaw/contents/260608115043751vx","global_incident:platform_regulation:naver:platform_content_moderation_obligation","comp_domestic_direct_risk","본문추출성공","주의","일베금지법 완벽정리 처벌부터 위헌 논란까지 정말 커뮤니티 폐쇄가 가능할까","https://contents.premium.naver.com/ahnlaw/anlaw/contents/260608115043751vx","일베금지법 완벽정리 처벌부터 위헌 논란까지, 정말 커뮤니티 폐쇄가 가능할까 언제나 의뢰인과 함께하는 안영진 변호사입니음. 2026년 6월, 이른바 '일베금지법'이 국회에 발의되면서 온라인이 뜨겁게 달아오르고 있습니음.","True","11","","","","","","",""
"2026.6.9","경쟁사_해외이슈","12","배민 1:1 맞춤 컨설팅 통했다…외식업주 주문·매출 두 자릿수 성장","thefairnews.co.kr","https://www.thefairnews.co.kr/news/articleView.html?idxno=78988","배민 1:1 맞춤 컨설팅 효과","플랫폼 사업자 성장 지원","본문추출성공","주의","배민 1 1 맞춤 컨설팅 통했다 외식업주 주문 매출 두 자릿수 성장","https://www.thefairnews.co.kr/news/articleView.html?idxno=78988","[더페어] 임세희 기자 = 배달의민족 운영사 우아한형제들이 외식업주를 대상으로 운영하는 ‘배민가게 성장 컨설팅’이 실질적인 경영 개선 성과를 내며 자영업자 지원 프로그램으로 자리매김하고 있음. 지난해 2월 시작된 배민가게 성장 컨설팅은 매출 정체나 운영상의 어려움을 겪는 외식업주를 대상으로 외식업 전문가가 1대 1로 맞춤형 컨설팅을 제공하는 프로그램임.","True","12","","","","","","",""
"2026.6.9","산업동향","13","[마켓+]엔비디아 생태계 올라탄 'K-로봇'…'피지컬 AI' 시대 글로벌 격전지 부상","비즈니스플러스","https://www.businessplus.kr/news/articleView.html?idxno=112663","K-로봇, 피지컬 AI 시대 글로벌 격전지 부상","AI 기술","본문추출성공","주의","마켓+ 엔비디아 생태계 올라탄 k 로봇 피지컬 ai 시대 글로벌 격전지 부상","https://www.businessplus.kr/news/articleView.html?idxno=112663","한국 로봇 산업이 단순 공장 자동화용 하드웨어 제조를 넘어 인공지능(AI)과 결합한 '피지컬 AI'(Physical AI)와 휴머노이드 중심으로 패러다임을 전환하며 글로벌 핵심 생태계로 부상하고 있음. 과거 산업용 협동로봇 중심이었던 국내 로봇 생태계는 최근 휴머노이드, 자율주행 로봇(AMR), 스마트팩토리 및 디지털 트윈 분야로 영역을 급속히 확장하는 추세음.","True","13","","","","","","",""
"2026-06-10","자사_및_계열사_이슈","1","[속보] 카카오 노조 “이달 29일 또 파업할 것”","서울경제","https://www.sedaily.com/article/20054067","카카오 노조 임단협/파업 및 내부 갈등","노조 파업","본문추출성공","주의","카카오 노조 이달 29일 또 파업할 것","https://www.sedaily.com/article/20054067","부분 파업에 들어간 카카오 노조가 오는 29일 추가 파업을 예고했음. 부분 파업에 들어간 카카오 노조가 오는 29일 추가 파업을 예고했음.","True","1","https://www.sedaily.com/article/20054067","global_incident:platform_regulation:kakao:platform_operator_obligation","action_started","direct_risk","59.0","published_today+today_date_action+yesterday_date_action+exclusive_breaking","google_rss_v27_generic_event_industry_guardrails"
"2026-06-10","정부_국회","2","'와우회원가'면 항상 싼줄 알았는데…'기만 광고' 쿠팡, 5억 과징금","한국경제","https://www.hankyung.com/article/2026060957157","쿠팡 기만 광고 제재","플랫폼 규제","본문추출성공","주의","와우회원가 면 항상 싼줄 알았는데 기만 광고 쿠팡 5억 과징금","https://www.hankyung.com/article/2026060957157","'와우회원가'면 항상 싼줄 알았는데…'기만 광고' 쿠팡, 5억 과징금 1회 쿠폰 적용가격을 회원가처럼 표시 '와우회원' 가입 유도 정액과징금 법정 최고액 5억 '와우회원' 가입 유도 정액과징금 법정 최고액 5억 쿠팡이 정액과징금 법정 최고액인 5억원을 부과받았음. 공정거래위원회는 9일 '표시·광고의 공정화에 관한 법률'(표시광고법) 위반으로 쿠팡에 시정명령과 과징금 5억원을 부과한다고 밝힘.","True","2","https://www.hankyung.com/article/2026060957157","v27:platform_enforcement:coupang:deceptive_membership_price_ad","penalty_or_sanction","official_action","44.0","published_yesterday+today_date_action+yesterday_date_action","google_rss_v27_generic_event_industry_guardrails"
"2026-06-10","정부_국회","3","배민·쿠팡이츠, 공정위 제재 임박…‘최혜대우’ 쟁점 부상, ‘동의의결’ 받아들여질까","CEO스코어데일리","https://www.ceoscoredaily.com/page/view/2026060916291581509","배달앱 최혜대우 규제","플랫폼 규제","본문추출성공","주의","배민 쿠팡이츠 공정위 제재 임박 최혜대우 쟁점 부상 동의의결 받아들여질까","https://www.ceoscoredaily.com/page/view/2026060916291581509","공정거래위원회(공정위)가 배달의민족(배민)과 쿠팡이츠의 공정거래법 위반 혐의에 대한 판단을 앞두고 있음. <출처=우아한청년들> 공정거래위원회(공정위)가 배달의민족(배민)과 쿠팡이츠에 대한 공정거래법 위반 혐의에 대한 판단이 임박한 가운데, 국내 플랫폼 규제 방향을 가를 중대 분수령을 맞고 있음.","True","3","https://www.ceoscoredaily.com/page/view/2026060916291581509","v27:platform_enforcement:coupang:delivery_platform_fee_mfn","litigation","analysis_with_direct_risk","37.0","published_yesterday+today_date_action+exclusive_breaking","google_rss_v27_generic_event_industry_guardrails"
"2026-06-10","정부_국회","4","개인정보위, 10일 쿠팡 제재안 심의…과징금 수위 주목","전자신문","https://www.etnews.com/20260609000326","쿠팡 개인정보 유출 관련 과징금 논란","플랫폼 개인정보 유출 및 규제","본문추출성공","주의","개인정보위 10일 쿠팡 제재안 심의 과징금 수위 주목","https://www.etnews.com/20260609000326","과학기술정보통신부 민관합동조사단은 앞서 쿠팡 '내 정보 수정 페이지'에서 성명과 이메일이 포함된 개인정보 3367만3817건이 유출됐다고 발표했음. 개인정보위가 최종 의결에서 과기정통부 조사 결과와 같은 판단을 내릴 경우 과징금 규모는 상당 수준에 이를 가능성이 있음.","True","4","https://www.etnews.com/20260609000326","v27:platform_enforcement:coupang:privacy_data_violation","litigation","analysis_with_direct_risk","32.0","published_yesterday+today_date_action","google_rss_v27_generic_event_industry_guardrails"
"2026-06-10","정부_국회","5","방미통위·과기정통부 정책협의회 출범…AI 데이터 공유","연합뉴스","https://www.yna.co.kr/view/AKR20260610067700017?section=culture%2Fmedia","AI 데이터 공유 정책","AI 정책","본문추출성공","주의","방미통위 과기정통부 정책협의회 출범 ai 데이터 공유","https://www.yna.co.kr/view/AKR20260610067700017?section=culture%2Fmedia","AI·OTT 육성부터 이용자 보호까지 정책 공조 이미지 확대 발언하는 고민수 방미통위 위원 [연합뉴스 자료사진임. 방미통위와 과기정통부는 10일 서울 광화문 KT빌딩에서 정책협의회 착수회의를 열고 AI, 미디어·온라인동영상서비스(OTT), 디지털 규제·이용자 보호 분야의 협력 방안을 논의했다고 밝힘.","True","5","https://www.yna.co.kr/view/AKR20260610067700017?section=culture%2Fmedia","privacy_security:kakao:data_leak","action_started","official_action","42.0","published_today+today_date_action","google_rss_v27_generic_event_industry_guardrails"
"2026-06-10","경쟁사_해외이슈","6","네이버, 고품질 '숏폼' 생태계 만든다…'클립' 수익화 콘텐츠 기준 강화","전자신문","https://www.etnews.com/20260610000279","네이버, '클립' 수익화 콘텐츠 기준 강화","콘텐츠 생태계 강화","본문추출성공","주의","네이버 고품질 숏폼 생태계 만든다 클립 수익화 콘텐츠 기준 강화","https://www.etnews.com/20260610000279","건강한 콘텐츠 생태계 구축은 물론, 고품질 영상 데이터를 네이버 AI 검색으로 연결해 AI 서비스 경쟁력을 높이는 전략으로 풀이됨. 10일 업계에 따르면 네이버는 강화된 클립 광고 인센티브 운영 정책을 오는 29일 시행한음.","True","6","https://www.etnews.com/20260610000279","privacy_security:naver:data_leak","action_started","business_change","54.0","published_today+today_date_action+yesterday_date_action","google_rss_v27_generic_event_industry_guardrails"
"2026-06-10","경쟁사_해외이슈","7","박용진 “대형마트 주말 의무휴업 규제, 쿠팡만 키웠다”","시사저널","https://www.sisajournal.com/news/articleViewAmp.html?idxno=375936","대형마트 의무휴업 규제 논란","유통 규제","본문추출성공","주의","박용진 대형마트 주말 의무휴업 규제 쿠팡만 키웠다","https://www.sisajournal.com/news/articleViewAmp.html?idxno=375936","박용진 “대형마트 주말 의무휴업 규제, 쿠팡만 키웠다” “10년 전의 시장 환경 기준 규제, 오늘날 소비 여건 맞게 다시 점검해야” “쿠팡·마켓컬리, 365일 24시간 영업하고 규제 없어…기울어진 운동장” 박용진 대통령직속 규제합리화위원회 민간부위원장이 대형마트 주말 의무휴업 제도를 놓고 “‘쿠팡만 키웠다’거나 ‘전통시장·골목상권을 살리는데 역효과가 났다’는 이야기가 부쩍 들린다”며 재검토 필요성을 주장했음.","True","7","https://www.sisajournal.com/news/articleViewAmp.html?idxno=375936","privacy_security:coupang:data_leak","vote_or_mediation","analysis_feature","30.0","published_today+today_date_action+analysis_without_direct_event","google_rss_v27_generic_event_industry_guardrails"
"2026-06-10","경쟁사_해외이슈","8","KT, 마케팅 혁신 가속..AI·데이터 기반 통합 광고 플랫폼 적용","한국정경신문","https://kpenews.com/View.aspx?No=4106834","국가 AI 인프라/AIDC/GPU 정책","AI 기반 광고 플랫폼","본문추출성공","주의","kt 마케팅 혁신 가속 ai 데이터 기반 통합 광고 플랫폼 적용","https://kpenews.com/View.aspx?No=4106834","KT는 AI·데이터 기반 광고 플랫폼을 ‘볼보 EX90’ 출시 캠페인에 적용해 브랜드 검색량 증가와 시승 신청 확대 등 마케팅 성과를 거뒀다고 10일 밝힘. KT가 AI·데이터 기반 통합 광고 플랫폼 적용 성과를 공개했음.","True","8","https://kpenews.com/View.aspx?No=4106834","privacy_security:kt:data_leak","action_started","analysis_with_direct_risk","42.0","published_today+today_date_action","google_rss_v27_generic_event_industry_guardrails"
"2026-06-10","경쟁사_해외이슈","9","AI 공개한 애플, “보안·프라이버시 최우선"" 강조...강화되는 빅테크 규제 의식","v.daum.net","https://v.daum.net/v/V3yrlDDg5u?f=p","애플의 AI 서비스 출시 및 규제 대응","빅테크 AI 규제","본문추출성공","주의","ai 공개한 애플 보안 프라이버시 최우선 강조 강화되는 빅테크 규제 의식","https://v.daum.net/v/V3yrlDDg5u?f=p","AI 공개한 애플, “보안·프라이버시 최우선"" 강조...강화되는 빅테크 규제 의식 실리콘밸리/강다은 특파원 2026임. 가 매우 작은 폰트 작은 폰트 보통 폰트 큰 폰트 매우 큰 폰트 가 이 글자크기로 변경됨.","True","9","https://v.daum.net/v/V3yrlDDg5u?f=p","v27:platform_enforcement:google:privacy_data_violation","action_started","direct_risk","37.0","published_yesterday+today_date_action+exclusive_breaking","google_rss_v27_generic_event_industry_guardrails"
"2026-06-10","경쟁사_해외이슈","10","LG·현대차·네이버까지…AI 보안 스타트업 '에임인텔리전스'에 전략 투자","이데일리","https://www.edaily.co.kr/News/Read?newsId=03345606645480408&mediaCodeNo=257","국내 기업의 AI 보안 스타트업 투자","AI 보안","본문추출성공","주의","lg 현대차 네이버까지 ai 보안 스타트업 에임인텔리전스 에 전략 투자","https://www.edaily.co.kr/News/Read?newsId=03345606645480408&mediaCodeNo=257","[이데일리 김세연 기자] 인공지능(AI) 보안 전문 기업 에임인텔리전스는 LG전자(066570), 현대차(005380)그룹 제로원벤처스, 네이버(NAVER(035420)) D2SF로부터 전략적 투자를 유치했다고 10일 밝혔다.이번 투자는 에임인텔리전스가 삼성벤처투자 주도의 시리즈 A 라운드를 마친지 한 달 만에 이뤄졌음.","True","10","https://www.edaily.co.kr/News/Read?newsId=03345606645480408&mediaCodeNo=257","v27:platform_enforcement:naver:privacy_data_violation","general","analysis_with_direct_risk","24.0","published_today","google_rss_v27_generic_event_industry_guardrails"
"2026-06-10","산업동향","11","MS와 OPEN AI 샘 알트만의 오리온원자로 건설","에너지안전신문","https://www.esnews.kr/news/articleView.html?idxno=4371","MS와 오픈AI의 원자로 건설","AI 인프라","본문추출성공","주의","ms와 open ai 샘 알트만의 오리온원자로 건설","https://www.esnews.kr/news/articleView.html?idxno=4371","MS와 OPEN AI 샘 알트만의 오리온원자로 건설 가 가 기사의 본문 내용은 이 글자크기로 변경됨. 스크롤 이동 상태바 MS와 OPEN AI 샘 알트만의 오리온원자로 건설 가 가 기사의 본문 내용은 이 글자크기로 변경됨.","True","11","https://www.esnews.kr/news/articleView.html?idxno=4371","global_incident:ai_security_policy:openai:openai_security_access","general","analysis_feature","2.0","published_yesterday+analysis_without_direct_event","google_rss_v27_generic_event_industry_guardrails"
